[18:16:20] [ServerMain/INFO]: [bootstrap] Running Java 21 (OpenJDK 64-Bit Server VM 21.0.7+6-Ubuntu-0ubuntu120.04; Ubuntu null) on Linux 6.8.0-1030-azure (amd64)
[18:16:20] [ServerMain/INFO]: [bootstrap] Loading Paper 1.21.8-6-main@782ce95 (2025-07-18T20:26:58Z) for Minecraft 1.21.8
[18:16:20] [ServerMain/INFO]: [PluginInitializerManager] Initializing plugins...
[18:16:20] [ServerMain/INFO]: [PluginInitializerManager] Initialized 2 plugins
[18:16:20] [ServerMain/INFO]: [PluginInitializerManager] Bukkit plugins (2):
 - Chunky (1.4.40), Waypoints (4.5.8)
[18:16:25] [ServerMain/INFO]: Environment: Environment[sessionHost=https://sessionserver.mojang.com, servicesHost=https://api.minecraftservices.com, name=PROD]
[18:16:27] [ServerMain/INFO]: Loaded 1407 recipes
[18:16:27] [ServerMain/INFO]: Loaded 1520 advancements
[18:16:27] [ServerMain/INFO]: [ca.spottedleaf.dataconverter.minecraft.datatypes.MCTypeRegistry] Initialising converters for DataConverter...
[18:16:27] [ServerMain/INFO]: [ca.spottedleaf.dataconverter.minecraft.datatypes.MCTypeRegistry] Finished initialising converters for DataConverter in 423.5ms
[18:16:27] [Server thread/INFO]: Starting minecraft server version 1.21.8
[18:16:27] [Server thread/INFO]: Loading properties
[18:16:28] [Server thread/INFO]: This server is running Paper version 1.21.8-6-main@782ce95 (2025-07-18T20:26:58Z) (Implementing API version 1.21.8-R0.1-SNAPSHOT)
[18:16:28] [Server thread/INFO]: [spark] This server bundles the spark profiler. For more information please visit https://docs.papermc.io/paper/profiling
[18:16:28] [Server thread/INFO]: Server Ping Player Sample Count: 12
[18:16:28] [Server thread/INFO]: Using 4 threads for Netty based IO
[18:16:28] [Server thread/INFO]: [MoonriseCommon] Paper is using 1 worker threads, 1 I/O threads
[18:16:28] [Server thread/INFO]: [ChunkTaskScheduler] Chunk system is using population gen parallelism: true
[18:16:30] [Server thread/INFO]: Default game type: SURVIVAL
[18:16:30] [Server thread/INFO]: Generating keypair
[18:16:30] [Server thread/INFO]: Starting Minecraft server on *:25565
[18:16:30] [Server thread/INFO]: Using epoll channel type
[18:16:30] [Server thread/INFO]: Paper: Using libdeflate (Linux x86_64) compression from Velocity.
[18:16:30] [Server thread/INFO]: Paper: Using OpenSSL 1.1.x (Linux x86_64) cipher from Velocity.
[18:16:30] [Server thread/INFO]: [SpigotLibraryLoader] [Waypoints] Loading 3 libraries... please wait
[18:16:30] [Server thread/INFO]: [SpigotLibraryLoader] [Waypoints] Loaded library /workspaces/mi_server2/servidor_minecraft/libraries/org/jetbrains/kotlin/kotlin-stdlib/2.2.0/kotlin-stdlib-2.2.0.jar
[18:16:30] [Server thread/INFO]: [SpigotLibraryLoader] [Waypoints] Loaded library /workspaces/mi_server2/servidor_minecraft/libraries/org/jetbrains/annotations/13.0/annotations-13.0.jar
[18:16:30] [Server thread/INFO]: [SpigotLibraryLoader] [Waypoints] Loaded library /workspaces/mi_server2/servidor_minecraft/libraries/org/jetbrains/kotlin/kotlin-reflect/2.2.0/kotlin-reflect-2.2.0.jar
[18:16:30] [Server thread/INFO]: [SpigotLibraryLoader] [Waypoints] Loaded library /workspaces/mi_server2/servidor_minecraft/libraries/org/jetbrains/kotlinx/kotlinx-coroutines-core-jvm/1.10.2/kotlinx-coroutines-core-jvm-1.10.2.jar
[18:16:31] [Server thread/INFO]: [Chunky] Loading server plugin Chunky v1.4.40
[18:16:31] [Server thread/INFO]: [Waypoints] Loading server plugin Waypoints v4.5.8
[18:16:32] [Server thread/INFO]: Server permissions file permissions.yml is empty, ignoring it
[18:16:32] [Server thread/WARN]: **** SERVER IS RUNNING IN OFFLINE/INSECURE MODE!
[18:16:32] [Server thread/WARN]: The server will make no attempt to authenticate usernames. Beware.
[18:16:32] [Server thread/WARN]: While this makes the game possible to play without internet access, it also opens up the ability for hackers to connect with any username they choose.
[18:16:32] [Server thread/WARN]: To change this, set "online-mode" to "true" in the server.properties file.
[18:16:32] [Server thread/INFO]: Preparing level "Gabito"
[18:16:32] [Server thread/INFO]: Preparing start region for dimension minecraft:overworld
[18:16:32] [Server thread/INFO]: Preparing spawn area: 0%
[18:16:33] [Server thread/INFO]: Preparing spawn area: 2%
[18:16:33] [Server thread/INFO]: Preparing spawn area: 28%
[18:16:34] [Server thread/INFO]: Time elapsed: 1296 ms
[18:16:34] [Server thread/INFO]: Preparing start region for dimension minecraft:the_nether
[18:16:34] [Server thread/INFO]: Preparing spawn area: 0%
[18:16:34] [Server thread/INFO]: Time elapsed: 288 ms
[18:16:34] [Server thread/INFO]: Preparing start region for dimension minecraft:the_end
[18:16:34] [Server thread/INFO]: Preparing spawn area: 0%
[18:16:34] [Server thread/INFO]: Time elapsed: 139 ms
[18:16:34] [Server thread/INFO]: [Chunky] Enabling Chunky v1.4.40
[18:16:34] [Server thread/INFO]: [Waypoints] Enabling Waypoints v4.5.8
[18:16:35] [Server thread/INFO]: [spark] Starting background profiler...
[18:16:36] [Server thread/INFO]: Done preparing level "Gabito" (4.142s)
[18:16:36] [Server thread/INFO]: Running delayed init tasks
[18:16:36] [Server thread/INFO]: Done (17.233s)! For help, type "help"
[18:16:36] [Craft Scheduler Thread - 3 - Waypoints/INFO]: [Waypoints] The latest version of Waypoints is used
[18:16:38] [User Authenticator #0/INFO]: UUID of player Tsuyoi is be812d96-d762-3bbd-aedb-2a8c943d8d21
[18:16:39] [Server thread/INFO]: Tsuyoi joined the game
[18:16:40] [Server thread/INFO]: Tsuyoi[/10.243.0.128:58812] logged in with entity id 22 at ([Gabito]2203.300000011921, 38.0, 2102.300000011921)
[18:18:43] [Server thread/INFO]: Tsuyoi issued server command: /chunky continue
[18:18:46] [Server thread/INFO]: [Chunky] Task running for Gabito. Processed: 192940 chunks (0.49%), ETA: 5272:50:22, Rate: 2.0 cps, Current: 44, -198
[18:18:47] [Server thread/INFO]: [Chunky] Task running for Gabito. Processed: 192949 chunks (0.49%), ETA: 2795:01:59, Rate: 3.9 cps, Current: 45, -198
[18:18:48] [Server thread/INFO]: [Chunky] Task running for Gabito. Processed: 192969 chunks (0.49%), ETA: 1524:47:08, Rate: 7.1 cps, Current: 46, -196
[18:18:49] [Server thread/INFO]: [Chunky] Task running for Gabito. Processed: 192996 chunks (0.49%), ETA: 1027:06:54, Rate: 10.5 cps, Current: 44, -204
[18:18:51] [Server thread/INFO]: [Chunky] Task running for Gabito. Processed: 193026 chunks (0.49%), ETA: 860:36:07, Rate: 12.5 cps, Current: 48, -207
[18:18:52] [Server thread/INFO]: [Chunky] Task running for Gabito. Processed: 193030 chunks (0.49%), ETA: 949:39:08, Rate: 11.4 cps, Current: 49, -207
[18:18:53] [Server thread/INFO]: [Chunky] Task running for Gabito. Processed: 193054 chunks (0.49%), ETA: 850:58:25, Rate: 12.7 cps, Current: 51, -207
[18:18:54] [Server thread/INFO]: [Chunky] Task running for Gabito. Processed: 193063 chunks (0.49%), ETA: 878:53:37, Rate: 12.3 cps, Current: 48, -201
[18:18:55] [Server thread/INFO]: [Chunky] Task running for Gabito. Processed: 193086 chunks (0.49%), ETA: 818:58:50, Rate: 13.2 cps, Current: 49, -198
[18:18:56] [Server thread/INFO]: [Chunky] Task running for Gabito. Processed: 193106 chunks (0.49%), ETA: 790:12:24, Rate: 13.7 cps, Current: 51, -193
[18:18:57] [Server thread/INFO]: [Chunky] Task running for Gabito. Processed: 193147 chunks (0.49%), ETA: 691:38:25, Rate: 15.6 cps, Current: 55, -194
[18:18:58] [Server thread/INFO]: [Chunky] Task running for Gabito. Processed: 193179 chunks (0.49%), ETA: 648:28:22, Rate: 16.7 cps, Current: 57, -199
[18:18:59] [Server thread/INFO]: [Chunky] Task running for Gabito. Processed: 193228 chunks (0.49%), ETA: 580:36:33, Rate: 18.6 cps, Current: 62, -202
[18:19:00] [Server thread/INFO]: [Chunky] Task running for Gabito. Processed: 193267 chunks (0.49%), ETA: 550:12:23, Rate: 19.6 cps, Current: 57, -207
[18:19:01] [Server thread/INFO]: [Chunky] Task running for Gabito. Processed: 193292 chunks (0.49%), ETA: 546:48:01, Rate: 19.8 cps, Current: 61, -209
[18:19:02] [Server thread/INFO]: [Chunky] Task running for Gabito. Processed: 193314 chunks (0.49%), ETA: 543:50:31, Rate: 19.9 cps, Current: 62, -216
[18:19:04] [Server thread/INFO]: [Chunky] Task running for Gabito. Processed: 193338 chunks (0.49%), ETA: 541:25:00, Rate: 19.9 cps, Current: 58, -215
[18:19:05] [Server thread/INFO]: [Chunky] Task running for Gabito. Processed: 193364 chunks (0.49%), ETA: 534:10:54, Rate: 20.2 cps, Current: 49, -212
[18:19:06] [Server thread/INFO]: [Chunky] Task running for Gabito. Processed: 193409 chunks (0.49%), ETA: 520:39:15, Rate: 20.7 cps, Current: 55, -217
[18:19:07] [Server thread/INFO]: [Chunky] Task running for Gabito. Processed: 193433 chunks (0.50%), ETA: 518:20:02, Rate: 20.8 cps, Current: 50, -219
[18:19:08] [Server thread/INFO]: [Chunky] Task running for Gabito. Processed: 193457 chunks (0.50%), ETA: 517:41:47, Rate: 20.9 cps, Current: 49, -224
[18:19:09] [Server thread/INFO]: [Chunky] Task running for Gabito. Processed: 193476 chunks (0.50%), ETA: 520:48:57, Rate: 20.7 cps, Current: 50, -224
[18:19:11] [Server thread/INFO]: [Chunky] Task running for Gabito. Processed: 193517 chunks (0.50%), ETA: 504:05:36, Rate: 21.4 cps, Current: 63, -222
[18:19:15] [Server thread/INFO]: [Chunky] Task running for Gabito. Processed: 193537 chunks (0.50%), ETA: 532:03:19, Rate: 20.3 cps, Current: 2, -219
[18:19:16] [Server thread/INFO]: [Chunky] Task running for Gabito. Processed: 193548 chunks (0.50%), ETA: 528:46:11, Rate: 20.4 cps, Current: 1, -220
[18:19:17] [Server thread/INFO]: [Chunky] Task running for Gabito. Processed: 193557 chunks (0.50%), ETA: 535:26:09, Rate: 20.2 cps, Current: 5, -218
[18:19:19] [Server thread/INFO]: [Chunky] Task running for Gabito. Processed: 193572 chunks (0.50%), ETA: 550:17:46, Rate: 19.6 cps, Current: 0, -222
[18:19:20] [Server thread/INFO]: [Chunky] Task running for Gabito. Processed: 193593 chunks (0.50%), ETA: 550:59:27, Rate: 19.6 cps, Current: 4, -223
[18:19:21] [Server thread/INFO]: [Chunky] Task running for Gabito. Processed: 193599 chunks (0.50%), ETA: 552:29:14, Rate: 19.5 cps, Current: 8, -222
[18:19:22] [Server thread/INFO]: [Chunky] Task running for Gabito. Processed: 193607 chunks (0.50%), ETA: 568:44:09, Rate: 19.0 cps, Current: 9, -221
[18:19:23] [Server thread/INFO]: [Chunky] Task running for Gabito. Processed: 193636 chunks (0.50%), ETA: 551:00:26, Rate: 19.6 cps, Current: 14, -221
[18:19:24] [Server thread/INFO]: [Chunky] Task running for Gabito. Processed: 193654 chunks (0.50%), ETA: 557:22:03, Rate: 19.4 cps, Current: 15, -224
[18:19:25] [Server thread/INFO]: [Chunky] Task running for Gabito. Processed: 193672 chunks (0.50%), ETA: 562:10:17, Rate: 19.2 cps, Current: 13, -216
[18:19:27] [Server thread/INFO]: [Chunky] Task running for Gabito. Processed: 193686 chunks (0.50%), ETA: 591:52:48, Rate: 18.2 cps, Current: 8, -214
[18:19:28] [Server thread/INFO]: [Chunky] Task running for Gabito. Processed: 193700 chunks (0.50%), ETA: 611:16:32, Rate: 17.7 cps, Current: 15, -215
[18:19:29] [Server thread/INFO]: [Chunky] Task running for Gabito. Processed: 193721 chunks (0.50%), ETA: 649:47:32, Rate: 16.6 cps, Current: 6, -216
[18:19:30] [Server thread/INFO]: [Chunky] Task running for Gabito. Processed: 193746 chunks (0.50%), ETA: 667:02:02, Rate: 16.2 cps, Current: 5, -212
[18:19:31] [Server thread/INFO]: [Chunky] Task running for Gabito. Processed: 193764 chunks (0.50%), ETA: 674:11:16, Rate: 16.0 cps, Current: 4, -211
[18:19:32] [Server thread/INFO]: [Chunky] Task running for Gabito. Processed: 193781 chunks (0.50%), ETA: 682:35:26, Rate: 15.8 cps, Current: 2, -209
[18:19:33] [Server thread/INFO]: [Chunky] Task running for Gabito. Processed: 193798 chunks (0.50%), ETA: 692:17:56, Rate: 15.6 cps, Current: 0, -213
[18:19:34] [Server thread/INFO]: [Chunky] Task running for Gabito. Processed: 193810 chunks (0.50%), ETA: 718:25:38, Rate: 15.0 cps, Current: 6, -206
[18:19:36] [Server thread/INFO]: [Chunky] Task running for Gabito. Processed: 193827 chunks (0.50%), ETA: 757:04:46, Rate: 14.3 cps, Current: 7, -206
[18:19:37] [Server thread/INFO]: [Chunky] Task running for Gabito. Processed: 193834 chunks (0.50%), ETA: 789:44:24, Rate: 13.7 cps, Current: 2, -203
[18:19:38] [Server thread/INFO]: [Chunky] Task running for Gabito. Processed: 193843 chunks (0.50%), ETA: 828:03:42, Rate: 13.0 cps, Current: 1, -203
[18:19:39] [Server thread/INFO]: [Chunky] Task running for Gabito. Processed: 193874 chunks (0.50%), ETA: 807:04:22, Rate: 13.4 cps, Current: 0, -202
[18:19:40] [Server thread/INFO]: [Chunky] Task running for Gabito. Processed: 193907 chunks (0.50%), ETA: 823:10:15, Rate: 13.1 cps, Current: 7, -193
[18:19:41] [Server thread/INFO]: [Chunky] Task running for Gabito. Processed: 193936 chunks (0.50%), ETA: 704:41:32, Rate: 15.3 cps, Current: 11, -193
[18:19:42] [Server thread/INFO]: [Chunky] Task running for Gabito. Processed: 193958 chunks (0.50%), ETA: 696:06:24, Rate: 15.5 cps, Current: 11, -197
[18:19:44] [Server thread/INFO]: [Chunky] Task running for Gabito. Processed: 193977 chunks (0.50%), ETA: 693:07:42, Rate: 15.6 cps, Current: 14, -195
[18:19:45] [Server thread/INFO]: [Chunky] Task running for Gabito. Processed: 194005 chunks (0.50%), ETA: 675:39:02, Rate: 16.0 cps, Current: 10, -203
[18:19:46] [Server thread/INFO]: [Chunky] Task running for Gabito. Processed: 194049 chunks (0.50%), ETA: 633:18:27, Rate: 17.1 cps, Current: 16, -208
[18:19:47] [Server thread/INFO]: [Chunky] Task running for Gabito. Processed: 194051 chunks (0.50%), ETA: 651:16:00, Rate: 16.6 cps, Current: 16, -206
[18:19:48] [Server thread/INFO]: [Chunky] Task running for Gabito. Processed: 194075 chunks (0.50%), ETA: 637:29:37, Rate: 16.9 cps, Current: 19, -203
[18:19:49] [Server thread/INFO]: [Chunky] Task running for Gabito. Processed: 194086 chunks (0.50%), ETA: 649:55:02, Rate: 16.6 cps, Current: 22, -205
[18:19:50] [Server thread/INFO]: [Chunky] Task running for Gabito. Processed: 194109 chunks (0.50%), ETA: 625:16:22, Rate: 17.3 cps, Current: 20, -208
[18:19:51] [Server thread/INFO]: [Chunky] Task running for Gabito. Processed: 194134 chunks (0.50%), ETA: 604:58:37, Rate: 17.9 cps, Current: 19, -193
[18:19:53] [Server thread/INFO]: [Chunky] Task running for Gabito. Processed: 194171 chunks (0.50%), ETA: 595:38:41, Rate: 18.1 cps, Current: 23, -194
[18:19:54] [Server thread/INFO]: [Chunky] Task running for Gabito. Processed: 194185 chunks (0.50%), ETA: 598:42:07, Rate: 18.0 cps, Current: 25, -198
[18:19:55] [Server thread/INFO]: [Chunky] Task running for Gabito. Processed: 194241 chunks (0.50%), ETA: 558:35:53, Rate: 19.3 cps, Current: 31, -201
[18:19:56] [Server thread/INFO]: [Chunky] Task running for Gabito. Processed: 194270 chunks (0.50%), ETA: 542:31:15, Rate: 19.9 cps, Current: 24, -208
[18:19:57] [Server thread/INFO]: [Chunky] Task running for Gabito. Processed: 194307 chunks (0.50%), ETA: 524:06:40, Rate: 20.6 cps, Current: 30, -209
[18:19:58] [Server thread/INFO]: [Chunky] Task running for Gabito. Processed: 194325 chunks (0.50%), ETA: 526:57:35, Rate: 20.5 cps, Current: 27, -209
[18:20:00] [Server thread/INFO]: [Chunky] Task running for Gabito. Processed: 194348 chunks (0.50%), ETA: 530:57:50, Rate: 20.3 cps, Current: 25, -210
[18:20:01] [Server thread/INFO]: [Chunky] Task running for Gabito. Processed: 194386 chunks (0.50%), ETA: 519:11:17, Rate: 20.8 cps, Current: 17, -212
[18:20:02] [Server thread/INFO]: [Chunky] Task running for Gabito. Processed: 194427 chunks (0.50%), ETA: 500:37:47, Rate: 21.6 cps, Current: 22, -216
[18:20:03] [Server thread/INFO]: [Chunky] Task running for Gabito. Processed: 194443 chunks (0.50%), ETA: 500:38:08, Rate: 21.6 cps, Current: 16, -220
[18:20:04] [Server thread/INFO]: [Chunky] Task running for Gabito. Processed: 194464 chunks (0.50%), ETA: 490:30:29, Rate: 22.0 cps, Current: 18, -222
[18:20:05] [Server thread/INFO]: [Chunky] Task running for Gabito. Processed: 194482 chunks (0.50%), ETA: 486:20:08, Rate: 22.2 cps, Current: 18, -223
[18:20:06] [Server thread/INFO]: [Chunky] Task running for Gabito. Processed: 194514 chunks (0.50%), ETA: 469:41:12, Rate: 23.0 cps, Current: 26, -222
[18:20:08] [Server thread/INFO]: [Chunky] Task running for Gabito. Processed: 194551 chunks (0.50%), ETA: 450:10:40, Rate: 24.0 cps, Current: 22, -224
[18:20:12] [Server thread/INFO]: [Chunky] Task running for Gabito. Processed: 194561 chunks (0.50%), ETA: 522:32:10, Rate: 20.7 cps, Current: -30, -219
[18:20:13] [Server thread/INFO]: [Chunky] Task running for Gabito. Processed: 194579 chunks (0.50%), ETA: 522:02:29, Rate: 20.7 cps, Current: -29, -218
[18:20:14] [Server thread/INFO]: [Chunky] Task running for Gabito. Processed: 194581 chunks (0.50%), ETA: 546:42:24, Rate: 19.8 cps, Current: -27, -218
[18:20:15] [Server thread/INFO]: [Chunky] Task running for Gabito. Processed: 194609 chunks (0.50%), ETA: 559:21:11, Rate: 19.3 cps, Current: -27, -217
[18:20:16] [Server thread/INFO]: [Chunky] Task running for Gabito. Processed: 194613 chunks (0.50%), ETA: 549:46:10, Rate: 19.6 cps, Current: -25, -221
[18:20:17] [Server thread/INFO]: [Chunky] Task running for Gabito. Processed: 194624 chunks (0.50%), ETA: 560:53:25, Rate: 19.3 cps, Current: -23, -222
[18:20:18] [Server thread/INFO]: [Chunky] Task running for Gabito. Processed: 194629 chunks (0.50%), ETA: 582:11:37, Rate: 18.6 cps, Current: -21, -222
[18:20:20] [Server thread/INFO]: [Chunky] Task running for Gabito. Processed: 194660 chunks (0.50%), ETA: 571:45:33, Rate: 18.9 cps, Current: -18, -221
[18:20:21] [Server thread/INFO]: [Chunky] Task running for Gabito. Processed: 194679 chunks (0.50%), ETA: 577:55:24, Rate: 18.7 cps, Current: -23, -217
[18:20:22] [Server thread/INFO]: [Chunky] Task running for Gabito. Processed: 194694 chunks (0.50%), ETA: 604:43:20, Rate: 17.9 cps, Current: -22, -215
[18:20:23] [Server thread/INFO]: [Chunky] Task running for Gabito. Processed: 194708 chunks (0.50%), ETA: 607:37:41, Rate: 17.8 cps, Current: -19, -213
[18:20:24] [Server thread/INFO]: [Chunky] Task running for Gabito. Processed: 194727 chunks (0.50%), ETA: 651:33:10, Rate: 16.6 cps, Current: -23, -212
[18:20:26] [Server thread/INFO]: [Chunky] Task running for Gabito. Processed: 194745 chunks (0.50%), ETA: 675:58:48, Rate: 16.0 cps, Current: -17, -212
[18:20:27] [Server thread/INFO]: [Chunky] Task running for Gabito. Processed: 194772 chunks (0.50%), ETA: 688:54:34, Rate: 15.7 cps, Current: -27, -214
[18:20:28] [Server thread/INFO]: [Chunky] Task running for Gabito. Processed: 194789 chunks (0.50%), ETA: 684:12:45, Rate: 15.8 cps, Current: -28, -211
[18:20:29] [Server thread/INFO]: [Chunky] Task running for Gabito. Processed: 194803 chunks (0.50%), ETA: 693:37:09, Rate: 15.6 cps, Current: -30, -211
[18:20:30] [Server thread/INFO]: [Chunky] Task running for Gabito. Processed: 194817 chunks (0.50%), ETA: 728:08:11, Rate: 14.8 cps, Current: -28, -207
[18:20:31] [Server thread/INFO]: [Chunky] Task running for Gabito. Processed: 194833 chunks (0.50%), ETA: 763:18:52, Rate: 14.1 cps, Current: -32, -211
[18:20:32] [Server thread/INFO]: [Chunky] Task running for Gabito. Processed: 194849 chunks (0.50%), ETA: 780:36:47, Rate: 13.8 cps, Current: -32, -205
[18:20:33] [Server thread/INFO]: [Chunky] Task running for Gabito. Processed: 194856 chunks (0.50%), ETA: 806:53:51, Rate: 13.4 cps, Current: -30, -203
[18:20:35] [Server thread/INFO]: [Chunky] Task running for Gabito. Processed: 194865 chunks (0.50%), ETA: 840:37:51, Rate: 12.8 cps, Current: -25, -204
[18:20:36] [Server thread/INFO]: [Chunky] Task running for Gabito. Processed: 194869 chunks (0.50%), ETA: 907:04:54, Rate: 11.9 cps, Current: -32, -193
[18:20:37] [Server thread/INFO]: [Chunky] Task running for Gabito. Processed: 194874 chunks (0.50%), ETA: 990:36:11, Rate: 10.9 cps, Current: -30, -201
[18:20:39] [Server thread/INFO]: [Chunky] Task running for Gabito. Processed: 194897 chunks (0.50%), ETA: 864:32:49, Rate: 12.5 cps, Current: -29, -194
[18:20:40] [Server thread/INFO]: [Chunky] Task running for Gabito. Processed: 194913 chunks (0.50%), ETA: 859:02:44, Rate: 12.6 cps, Current: -28, -193
[18:20:41] [Server thread/INFO]: [Chunky] Task running for Gabito. Processed: 194946 chunks (0.50%), ETA: 819:15:44, Rate: 13.2 cps, Current: -24, -193
[18:20:42] [Server thread/INFO]: [Chunky] Task running for Gabito. Processed: 194969 chunks (0.50%), ETA: 810:41:28, Rate: 13.3 cps, Current: -22, -195
[18:20:43] [Server thread/INFO]: [Chunky] Task running for Gabito. Processed: 194989 chunks (0.50%), ETA: 775:24:30, Rate: 13.9 cps, Current: -19, -197
[18:20:44] [Server thread/INFO]: [Chunky] Task running for Gabito. Processed: 195018 chunks (0.50%), ETA: 775:15:39, Rate: 13.9 cps, Current: -23, -203
[18:20:45] [Server thread/INFO]: [Chunky] Task running for Gabito. Processed: 195048 chunks (0.50%), ETA: 732:05:43, Rate: 14.8 cps, Current: -20, -208
[18:20:47] [Server thread/INFO]: [Chunky] Task running for Gabito. Processed: 195074 chunks (0.50%), ETA: 701:32:18, Rate: 15.4 cps, Current: -16, -207
[18:20:48] [Server thread/INFO]: [Chunky] Task running for Gabito. Processed: 195077 chunks (0.50%), ETA: 741:05:25, Rate: 14.6 cps, Current: -16, -205
[18:20:50] [Server thread/INFO]: [Chunky] Task running for Gabito. Processed: 195102 chunks (0.50%), ETA: 730:54:42, Rate: 14.8 cps, Current: -13, -207
[18:20:51] [Server thread/INFO]: [Chunky] Task running for Gabito. Processed: 195124 chunks (0.50%), ETA: 729:57:44, Rate: 14.8 cps, Current: -16, -197
[18:20:52] [Server thread/INFO]: [Chunky] Task running for Gabito. Processed: 195155 chunks (0.50%), ETA: 705:55:36, Rate: 15.3 cps, Current: -13, -193
[18:20:54] [Server thread/INFO]: [Chunky] Task running for Gabito. Processed: 195187 chunks (0.50%), ETA: 685:37:15, Rate: 15.8 cps, Current: -10, -200
[18:20:55] [Server thread/INFO]: [Chunky] Task running for Gabito. Processed: 195226 chunks (0.50%), ETA: 645:23:49, Rate: 16.7 cps, Current: -2, -194
[18:20:56] [Server thread/INFO]: [Chunky] Task running for Gabito. Processed: 195260 chunks (0.50%), ETA: 624:47:03, Rate: 17.3 cps, Current: -6, -200
[18:20:57] [Server thread/INFO]: [Chunky] Task running for Gabito. Processed: 195301 chunks (0.50%), ETA: 611:20:33, Rate: 17.7 cps, Current: -1, -205
[18:20:58] [Server thread/INFO]: [Chunky] Task running for Gabito. Processed: 195333 chunks (0.50%), ETA: 593:15:45, Rate: 18.2 cps, Current: -2, -209
[18:20:59] [Server thread/INFO]: [Chunky] Task running for Gabito. Processed: 195352 chunks (0.50%), ETA: 586:20:16, Rate: 18.4 cps, Current: -4, -213
[18:21:00] [Server thread/INFO]: [Chunky] Task running for Gabito. Processed: 195373 chunks (0.50%), ETA: 576:31:36, Rate: 18.7 cps, Current: -10, -209
[18:21:01] [Server thread/INFO]: [Chunky] Task running for Gabito. Processed: 195401 chunks (0.50%), ETA: 567:11:57, Rate: 19.0 cps, Current: -16, -212
[18:21:03] [Server thread/INFO]: [Chunky] Task running for Gabito. Processed: 195443 chunks (0.50%), ETA: 535:08:41, Rate: 20.2 cps, Current: -15, -215
[18:21:04] [Server thread/INFO]: [Chunky] Task running for Gabito. Processed: 195464 chunks (0.50%), ETA: 516:45:21, Rate: 20.9 cps, Current: -9, -217
[18:21:05] [Server thread/INFO]: [Chunky] Task running for Gabito. Processed: 195482 chunks (0.50%), ETA: 519:51:41, Rate: 20.8 cps, Current: -14, -220
[18:21:06] [Server thread/INFO]: [Chunky] Task running for Gabito. Processed: 195500 chunks (0.50%), ETA: 506:40:14, Rate: 21.3 cps, Current: -10, -220
[18:21:07] [Server thread/INFO]: [Chunky] Task running for Gabito. Processed: 195526 chunks (0.50%), ETA: 488:46:19, Rate: 22.1 cps, Current: -4, -217
[18:21:08] [Server thread/INFO]: [Chunky] Task running for Gabito. Processed: 195570 chunks (0.50%), ETA: 470:16:25, Rate: 23.0 cps, Current: -1, -223
[18:21:13] [Server thread/INFO]: [Chunky] Task running for Gabito. Processed: 195585 chunks (0.50%), ETA: 536:09:24, Rate: 20.1 cps, Current: -62, -219
[18:21:14] [Server thread/INFO]: [Chunky] Task running for Gabito. Processed: 195602 chunks (0.50%), ETA: 545:28:28, Rate: 19.8 cps, Current: -61, -220
[18:21:15] [Server thread/INFO]: [Chunky] Task running for Gabito. Processed: 195613 chunks (0.50%), ETA: 567:46:24, Rate: 19.0 cps, Current: -64, -223
[18:21:16] [Server thread/INFO]: [Chunky] Task running for Gabito. Processed: 195634 chunks (0.50%), ETA: 561:38:54, Rate: 19.2 cps, Current: -58, -217
[18:21:18] [Server thread/INFO]: [Chunky] Task running for Gabito. Processed: 195646 chunks (0.50%), ETA: 556:59:11, Rate: 19.4 cps, Current: -56, -223
[18:21:19] [Server thread/INFO]: [Chunky] Task running for Gabito. Processed: 195651 chunks (0.50%), ETA: 576:19:03, Rate: 18.7 cps, Current: -53, -222
[18:21:20] [Server thread/INFO]: [Chunky] Task running for Gabito. Processed: 195672 chunks (0.50%), ETA: 569:33:26, Rate: 19.0 cps, Current: -55, -224
[18:21:21] [Server thread/INFO]: [Chunky] Task running for Gabito. Processed: 195685 chunks (0.50%), ETA: 576:09:23, Rate: 18.7 cps, Current: -50, -220
[18:21:22] [Server thread/INFO]: [Chunky] Task running for Gabito. Processed: 195704 chunks (0.50%), ETA: 584:44:26, Rate: 18.5 cps, Current: -54, -217
[18:21:23] [Server thread/INFO]: [Chunky] Task running for Gabito. Processed: 195720 chunks (0.50%), ETA: 601:39:14, Rate: 18.0 cps, Current: -49, -217
[18:21:24] [Server thread/INFO]: [Chunky] Task running for Gabito. Processed: 195734 chunks (0.50%), ETA: 626:57:15, Rate: 17.2 cps, Current: -51, -212
[18:21:25] [Server thread/INFO]: [Chunky] Task running for Gabito. Processed: 195748 chunks (0.50%), ETA: 659:21:41, Rate: 16.4 cps, Current: -50, -212
[18:21:27] [Server thread/INFO]: [Chunky] Task running for Gabito. Processed: 195769 chunks (0.50%), ETA: 688:01:53, Rate: 15.7 cps, Current: -58, -216
[18:21:28] [Server thread/INFO]: [Chunky] Task running for Gabito. Processed: 195795 chunks (0.50%), ETA: 694:11:41, Rate: 15.6 cps, Current: -53, -209
[18:21:29] [Server thread/INFO]: [Chunky] Task running for Gabito. Processed: 195810 chunks (0.50%), ETA: 711:22:46, Rate: 15.2 cps, Current: -60, -212
[18:21:30] [Server thread/INFO]: [Chunky] Task running for Gabito. Processed: 195824 chunks (0.50%), ETA: 714:23:08, Rate: 15.1 cps, Current: -64, -215
[18:21:32] [Server thread/INFO]: [Chunky] Task running for Gabito. Processed: 195830 chunks (0.50%), ETA: 807:31:59, Rate: 13.4 cps, Current: -62, -208
[18:21:33] [Server thread/INFO]: [Chunky] Task running for Gabito. Processed: 195838 chunks (0.50%), ETA: 852:15:36, Rate: 12.7 cps, Current: -64, -214
[18:21:34] [Server thread/INFO]: [Chunky] Task running for Gabito. Processed: 195854 chunks (0.50%), ETA: 856:30:39, Rate: 12.6 cps, Current: -58, -207
[18:21:37] [Server thread/INFO]: [Chunky] Task running for Gabito. Processed: 195859 chunks (0.50%), ETA: 965:24:52, Rate: 11.2 cps, Current: -59, -205
[18:21:38] [Server thread/INFO]: [Chunky] Task running for Gabito. Processed: 195875 chunks (0.50%), ETA: 1050:04:56, Rate: 10.3 cps, Current: -60, -203
[18:21:39] [Server thread/INFO]: [Chunky] Task running for Gabito. Processed: 195878 chunks (0.50%), ETA: 963:07:30, Rate: 11.2 cps, Current: -57, -205
[18:21:40] [Server thread/INFO]: [Chunky] Task running for Gabito. Processed: 195887 chunks (0.50%), ETA: 973:02:49, Rate: 11.1 cps, Current: -63, -204
[18:21:41] [Server thread/INFO]: [Chunky] Task running for Gabito. Processed: 195891 chunks (0.50%), ETA: 1000:49:26, Rate: 10.8 cps, Current: -63, -203
[18:21:42] [Server thread/INFO]: [Chunky] Task running for Gabito. Processed: 195896 chunks (0.50%), ETA: 1021:07:49, Rate: 10.6 cps, Current: -62, -201
[18:21:44] [Server thread/INFO]: [Chunky] Task running for Gabito. Processed: 195925 chunks (0.50%), ETA: 990:40:35, Rate: 10.9 cps, Current: -60, -193
[18:21:45] [Server thread/INFO]: [Chunky] Task running for Gabito. Processed: 195955 chunks (0.50%), ETA: 926:40:03, Rate: 11.7 cps, Current: -58, -200
[18:21:46] [Server thread/INFO]: [Chunky] Task running for Gabito. Processed: 195985 chunks (0.50%), ETA: 907:47:26, Rate: 11.9 cps, Current: -55, -199
[18:21:47] [Server thread/INFO]: [Chunky] Task running for Gabito. Processed: 195998 chunks (0.50%), ETA: 896:09:46, Rate: 12.1 cps, Current: -54, -196
[18:21:48] [Server thread/INFO]: [Chunky] Task running for Gabito. Processed: 196014 chunks (0.50%), ETA: 862:42:06, Rate: 12.5 cps, Current: -51, -197
[18:21:49] [Server thread/INFO]: [Chunky] Task running for Gabito. Processed: 196032 chunks (0.50%), ETA: 872:37:22, Rate: 12.4 cps, Current: -52, -202
[18:21:50] [Server thread/INFO]: [Chunky] Task running for Gabito. Processed: 196059 chunks (0.50%), ETA: 840:33:45, Rate: 12.8 cps, Current: -49, -196
[18:21:51] [Server thread/INFO]: [Chunky] Task running for Gabito. Processed: 196089 chunks (0.50%), ETA: 812:54:54, Rate: 13.3 cps, Current: -49, -201
[18:21:54] [Server thread/INFO]: [Chunky] Task running for Gabito. Processed: 196099 chunks (0.50%), ETA: 865:12:53, Rate: 12.5 cps, Current: -48, -206
[18:21:55] [Server thread/INFO]: [Chunky] Task running for Gabito. Processed: 196110 chunks (0.50%), ETA: 873:31:31, Rate: 12.4 cps, Current: -44, -204
[18:21:56] [Server thread/INFO]: [Chunky] Task running for Gabito. Processed: 196129 chunks (0.50%), ETA: 869:05:26, Rate: 12.4 cps, Current: -46, -208
[18:21:57] [Server thread/INFO]: [Chunky] Task running for Gabito. Processed: 196140 chunks (0.50%), ETA: 907:51:36, Rate: 11.9 cps, Current: -42, -203
[18:21:58] [Server thread/INFO]: [Chunky] Task running for Gabito. Processed: 196159 chunks (0.50%), ETA: 892:55:02, Rate: 12.1 cps, Current: -41, -208
[18:21:59] [Server thread/INFO]: [Chunky] Task running for Gabito. Processed: 196179 chunks (0.50%), ETA: 887:19:57, Rate: 12.2 cps, Current: -45, -193
[18:22:00] [Server thread/INFO]: [Chunky] Task running for Gabito. Processed: 196210 chunks (0.50%), ETA: 817:51:17, Rate: 13.2 cps, Current: -41, -193
[18:22:02] [Server thread/INFO]: [Chunky] Task running for Gabito. Processed: 196225 chunks (0.50%), ETA: 788:07:28, Rate: 13.7 cps, Current: -40, -200
[18:22:03] [Server thread/INFO]: [Chunky] Task running for Gabito. Processed: 196259 chunks (0.50%), ETA: 763:53:00, Rate: 14.1 cps, Current: -38, -196
[18:22:04] [Server thread/INFO]: [Chunky] Task running for Gabito. Processed: 196291 chunks (0.50%), ETA: 691:22:35, Rate: 15.6 cps, Current: -33, -204
[18:22:06] [Server thread/INFO]: [Chunky] Task running for Gabito. Processed: 196325 chunks (0.50%), ETA: 668:34:58, Rate: 16.2 cps, Current: -36, -205
[18:22:07] [Server thread/INFO]: [Chunky] Task running for Gabito. Processed: 196358 chunks (0.50%), ETA: 651:28:50, Rate: 16.6 cps, Current: -34, -209
[18:22:08] [Server thread/INFO]: [Chunky] Task running for Gabito. Processed: 196370 chunks (0.50%), ETA: 637:02:46, Rate: 17.0 cps, Current: -36, -209
[18:22:09] [Server thread/INFO]: [Chunky] Task running for Gabito. Processed: 196393 chunks (0.50%), ETA: 620:01:47, Rate: 17.4 cps, Current: -34, -216
[18:22:10] [Server thread/INFO]: [Chunky] Task running for Gabito. Processed: 196409 chunks (0.50%), ETA: 605:27:53, Rate: 17.8 cps, Current: -37, -215
[18:22:12] [Server thread/INFO]: [Chunky] Task running for Gabito. Processed: 196434 chunks (0.50%), ETA: 588:00:26, Rate: 18.4 cps, Current: -37, -216
[18:22:13] [Server thread/INFO]: [Chunky] Task running for Gabito. Processed: 196467 chunks (0.50%), ETA: 579:21:33, Rate: 18.6 cps, Current: -47, -215
[18:22:14] [Server thread/INFO]: [Chunky] Task running for Gabito. Processed: 196481 chunks (0.50%), ETA: 600:08:44, Rate: 18.0 cps, Current: -48, -217
[18:22:15] [Server thread/INFO]: [Chunky] Task running for Gabito. Processed: 196504 chunks (0.50%), ETA: 602:34:30, Rate: 17.9 cps, Current: -46, -219
[18:22:16] [Server thread/INFO]: [Chunky] Task running for Gabito. Processed: 196518 chunks (0.50%), ETA: 601:56:11, Rate: 17.9 cps, Current: -44, -220
[18:22:17] [Server thread/INFO]: [Chunky] Task running for Gabito. Processed: 196530 chunks (0.50%), ETA: 607:16:58, Rate: 17.8 cps, Current: -43, -222
[18:22:18] [Server thread/INFO]: [Chunky] Task running for Gabito. Processed: 196558 chunks (0.50%), ETA: 594:40:22, Rate: 18.2 cps, Current: -46, -224
[18:22:19] [Server thread/INFO]: [Chunky] Task running for Gabito. Processed: 196594 chunks (0.50%), ETA: 588:36:58, Rate: 18.3 cps, Current: -33, -223
[18:22:22] [Server thread/INFO]: [Chunky] Task running for Gabito. Processed: 196604 chunks (0.50%), ETA: 601:25:27, Rate: 18.0 cps, Current: -38, -224
[18:22:30] [Server thread/INFO]: [Chunky] Task running for Gabito. Processed: 196609 chunks (0.50%), ETA: 808:17:33, Rate: 13.4 cps, Current: -94, -219
[18:22:32] [Server thread/INFO]: [Chunky] Task running for Gabito. Processed: 196629 chunks (0.50%), ETA: 848:28:39, Rate: 12.7 cps, Current: -91, -218
[18:22:34] [Server thread/INFO]: [Chunky] Task running for Gabito. Processed: 196644 chunks (0.50%), ETA: 888:45:56, Rate: 12.2 cps, Current: -96, -222
[18:22:35] [Server thread/INFO]: [Chunky] Task running for Gabito. Processed: 196662 chunks (0.50%), ETA: 925:16:39, Rate: 11.7 cps, Current: -92, -223
[18:22:36] [Server thread/INFO]: [Chunky] Task running for Gabito. Processed: 196671 chunks (0.50%), ETA: 992:50:06, Rate: 10.9 cps, Current: -88, -222
[18:22:37] [Server thread/INFO]: [Chunky] Task running for Gabito. Processed: 196680 chunks (0.50%), ETA: 999:46:33, Rate: 10.8 cps, Current: -86, -221
[18:22:38] [Server thread/INFO]: [Chunky] Task running for Gabito. Processed: 196708 chunks (0.50%), ETA: 997:33:17, Rate: 10.8 cps, Current: -88, -218
[18:22:39] [Server thread/INFO]: [Chunky] Task running for Gabito. Processed: 196731 chunks (0.50%), ETA: 972:57:35, Rate: 11.1 cps, Current: -85, -217
[18:22:41] [Server thread/INFO]: [Chunky] Task running for Gabito. Processed: 196745 chunks (0.50%), ETA: 1005:50:18, Rate: 10.7 cps, Current: -83, -216
[18:22:42] [Server thread/INFO]: [Chunky] Task running for Gabito. Processed: 196756 chunks (0.50%), ETA: 1074:21:55, Rate: 10.1 cps, Current: -81, -216
[18:22:43] [Server thread/INFO]: [Chunky] Task running for Gabito. Processed: 196767 chunks (0.50%), ETA: 1095:58:51, Rate: 9.9 cps, Current: -87, -213
[18:22:44] [Server thread/INFO]: [Chunky] Task running for Gabito. Processed: 196783 chunks (0.50%), ETA: 1127:18:50, Rate: 9.6 cps, Current: -81, -214
[18:22:45] [Server thread/INFO]: [Chunky] Task running for Gabito. Processed: 196793 chunks (0.50%), ETA: 1149:12:28, Rate: 9.4 cps, Current: -86, -210
[18:22:47] [Server thread/INFO]: [Chunky] Task running for Gabito. Processed: 196822 chunks (0.50%), ETA: 1083:40:19, Rate: 10.0 cps, Current: -93, -216
[18:22:48] [Server thread/INFO]: [Chunky] Task running for Gabito. Processed: 196835 chunks (0.50%), ETA: 1141:54:36, Rate: 9.5 cps, Current: -92, -211
[18:22:49] [Server thread/INFO]: [Chunky] Task running for Gabito. Processed: 196857 chunks (0.50%), ETA: 1200:39:55, Rate: 9.0 cps, Current: -95, -213
[18:22:50] [Server thread/INFO]: [Chunky] Task running for Gabito. Processed: 196874 chunks (0.50%), ETA: 1115:27:17, Rate: 9.7 cps, Current: -96, -213
[18:22:51] [Server thread/INFO]: [Chunky] Task running for Gabito. Processed: 196883 chunks (0.50%), ETA: 1128:07:15, Rate: 9.6 cps, Current: -91, -205
[18:22:52] [Server thread/INFO]: [Chunky] Task running for Gabito. Processed: 196901 chunks (0.50%), ETA: 803:26:11, Rate: 13.4 cps, Current: -93, -204
[18:22:53] [Server thread/INFO]: [Chunky] Task running for Gabito. Processed: 196906 chunks (0.50%), ETA: 826:50:53, Rate: 13.1 cps, Current: -94, -203
[18:22:54] [Server thread/INFO]: [Chunky] Task running for Gabito. Processed: 196915 chunks (0.50%), ETA: 847:42:19, Rate: 12.7 cps, Current: -89, -203
[18:22:56] [Server thread/INFO]: [Chunky] Task running for Gabito. Processed: 196946 chunks (0.50%), ETA: 805:04:15, Rate: 13.4 cps, Current: -93, -200
[18:22:57] [Server thread/INFO]: [Chunky] Task running for Gabito. Processed: 196979 chunks (0.50%), ETA: 763:07:20, Rate: 14.2 cps, Current: -89, -193
[18:22:58] [Server thread/INFO]: [Chunky] Task running for Gabito. Processed: 197009 chunks (0.50%), ETA: 739:27:07, Rate: 14.6 cps, Current: -87, -200
[18:22:59] [Server thread/INFO]: [Chunky] Task running for Gabito. Processed: 197030 chunks (0.50%), ETA: 729:33:01, Rate: 14.8 cps, Current: -83, -195
[18:23:00] [Server thread/INFO]: [Chunky] Task running for Gabito. Processed: 197042 chunks (0.50%), ETA: 736:28:35, Rate: 14.7 cps, Current: -81, -194
[18:23:01] [Server thread/INFO]: [Chunky] Task running for Gabito. Processed: 197054 chunks (0.50%), ETA: 734:26:14, Rate: 14.7 cps, Current: -88, -202
[18:23:02] [Server thread/INFO]: [Chunky] Task running for Gabito. Processed: 197075 chunks (0.50%), ETA: 723:51:40, Rate: 14.9 cps, Current: -82, -200
[18:23:04] [Server thread/INFO]: [Chunky] Task running for Gabito. Processed: 197111 chunks (0.50%), ETA: 697:08:17, Rate: 15.5 cps, Current: -81, -199
[18:23:05] [Server thread/INFO]: [Chunky] Task running for Gabito. Processed: 197123 chunks (0.50%), ETA: 706:26:36, Rate: 15.3 cps, Current: -80, -206
[18:23:07] [Server thread/INFO]: [Chunky] Task running for Gabito. Processed: 197150 chunks (0.50%), ETA: 685:31:16, Rate: 15.8 cps, Current: -77, -207
[18:23:08] [Server thread/INFO]: [Chunky] Task running for Gabito. Processed: 197168 chunks (0.50%), ETA: 688:01:20, Rate: 15.7 cps, Current: -80, -199
[18:23:09] [Server thread/INFO]: [Chunky] Task running for Gabito. Processed: 197183 chunks (0.50%), ETA: 699:07:25, Rate: 15.4 cps, Current: -79, -198
[18:23:10] [Server thread/INFO]: [Chunky] Task running for Gabito. Processed: 197203 chunks (0.50%), ETA: 689:22:21, Rate: 15.7 cps, Current: -78, -198
[18:23:11] [Server thread/INFO]: [Chunky] Task running for Gabito. Processed: 197235 chunks (0.50%), ETA: 658:59:13, Rate: 16.4 cps, Current: -74, -194
[18:23:12] [Server thread/INFO]: [Chunky] Task running for Gabito. Processed: 197250 chunks (0.50%), ETA: 647:02:51, Rate: 16.7 cps, Current: -72, -199
[18:23:13] [Server thread/INFO]: [Chunky] Task running for Gabito. Processed: 197307 chunks (0.50%), ETA: 594:54:39, Rate: 18.2 cps, Current: -65, -200
[18:23:14] [Server thread/INFO]: [Chunky] Task running for Gabito. Processed: 197324 chunks (0.50%), ETA: 597:39:02, Rate: 18.1 cps, Current: -66, -202
[18:23:15] [Server thread/INFO]: [Chunky] Task running for Gabito. Processed: 197377 chunks (0.51%), ETA: 552:52:14, Rate: 19.5 cps, Current: -65, -209
[18:23:16] [Server thread/INFO]: [Chunky] Task running for Gabito. Processed: 197385 chunks (0.51%), ETA: 571:29:13, Rate: 18.9 cps, Current: -66, -210
[18:23:17] [Server thread/INFO]: [Chunky] Task running for Gabito. Processed: 197415 chunks (0.51%), ETA: 554:39:02, Rate: 19.5 cps, Current: -66, -215
[18:23:19] [Server thread/INFO]: [Chunky] Task running for Gabito. Processed: 197446 chunks (0.51%), ETA: 545:49:23, Rate: 19.8 cps, Current: -67, -216
[18:23:20] [Server thread/INFO]: [Chunky] Task running for Gabito. Processed: 197461 chunks (0.51%), ETA: 548:01:42, Rate: 19.7 cps, Current: -76, -212
[18:23:21] [Server thread/INFO]: [Chunky] Task running for Gabito. Processed: 197505 chunks (0.51%), ETA: 519:15:02, Rate: 20.8 cps, Current: -80, -217
[18:23:22] [Server thread/INFO]: [Chunky] Task running for Gabito. Processed: 197530 chunks (0.51%), ETA: 503:22:05, Rate: 21.5 cps, Current: -78, -220
[18:23:23] [Server thread/INFO]: [Chunky] Task running for Gabito. Processed: 197552 chunks (0.51%), ETA: 490:23:09, Rate: 22.0 cps, Current: -73, -220
[18:23:25] [Server thread/INFO]: [Chunky] Task running for Gabito. Processed: 197579 chunks (0.51%), ETA: 493:07:18, Rate: 21.9 cps, Current: -75, -223
[18:23:26] [Server thread/INFO]: [Chunky] Task running for Gabito. Processed: 197623 chunks (0.51%), ETA: 489:25:58, Rate: 22.1 cps, Current: -74, -224
[18:23:27] [Server thread/INFO]: [Chunky] Task running for Gabito. Processed: 197624 chunks (0.51%), ETA: 508:54:56, Rate: 21.2 cps, Current: -73, -224
[18:23:32] [Server thread/INFO]: [Chunky] Task running for Gabito. Processed: 197633 chunks (0.51%), ETA: 563:38:54, Rate: 19.2 cps, Current: -126, -219
[18:23:34] [Server thread/INFO]: [Chunky] Task running for Gabito. Processed: 197649 chunks (0.51%), ETA: 600:04:13, Rate: 18.0 cps, Current: -124, -220
[18:23:35] [Server thread/INFO]: [Chunky] Task running for Gabito. Processed: 197653 chunks (0.51%), ETA: 614:58:46, Rate: 17.6 cps, Current: -128, -223
[18:23:37] [Server thread/INFO]: [Chunky] Task running for Gabito. Processed: 197682 chunks (0.51%), ETA: 609:48:42, Rate: 17.7 cps, Current: -124, -223
[18:23:38] [Server thread/INFO]: [Chunky] Task running for Gabito. Processed: 197695 chunks (0.51%), ETA: 620:30:15, Rate: 17.4 cps, Current: -120, -222
[18:23:39] [Server thread/INFO]: [Chunky] Task running for Gabito. Processed: 197703 chunks (0.51%), ETA: 635:09:03, Rate: 17.0 cps, Current: -119, -221
[18:23:40] [Server thread/INFO]: [Chunky] Task running for Gabito. Processed: 197732 chunks (0.51%), ETA: 642:24:11, Rate: 16.8 cps, Current: -114, -221
[18:23:42] [Server thread/INFO]: [Chunky] Task running for Gabito. Processed: 197746 chunks (0.51%), ETA: 641:48:17, Rate: 16.8 cps, Current: -120, -216
[18:23:43] [Server thread/INFO]: [Chunky] Task running for Gabito. Processed: 197766 chunks (0.51%), ETA: 696:54:09, Rate: 15.5 cps, Current: -119, -215
[18:23:44] [Server thread/INFO]: [Chunky] Task running for Gabito. Processed: 197778 chunks (0.51%), ETA: 704:26:31, Rate: 15.3 cps, Current: -115, -214
[18:23:45] [Server thread/INFO]: [Chunky] Task running for Gabito. Processed: 197792 chunks (0.51%), ETA: 768:25:56, Rate: 14.1 cps, Current: -120, -213
[18:23:46] [Server thread/INFO]: [Chunky] Task running for Gabito. Processed: 197810 chunks (0.51%), ETA: 752:49:38, Rate: 14.3 cps, Current: -120, -211
[18:23:47] [Server thread/INFO]: [Chunky] Task running for Gabito. Processed: 197829 chunks (0.51%), ETA: 773:54:01, Rate: 14.0 cps, Current: -123, -216
[18:23:48] [Server thread/INFO]: [Chunky] Task running for Gabito. Processed: 197854 chunks (0.51%), ETA: 782:24:04, Rate: 13.8 cps, Current: -126, -215
[18:23:49] [Server thread/INFO]: [Chunky] Task running for Gabito. Processed: 197873 chunks (0.51%), ETA: 777:07:27, Rate: 13.9 cps, Current: -127, -214
[18:23:51] [Server thread/INFO]: [Chunky] Task running for Gabito. Processed: 197887 chunks (0.51%), ETA: 830:14:28, Rate: 13.0 cps, Current: -126, -207
[18:23:52] [Server thread/INFO]: [Chunky] Task running for Gabito. Processed: 197902 chunks (0.51%), ETA: 847:38:07, Rate: 12.7 cps, Current: -122, -207
[18:23:53] [Server thread/INFO]: [Chunky] Task running for Gabito. Processed: 197910 chunks (0.51%), ETA: 883:40:07, Rate: 12.2 cps, Current: -128, -209
[18:23:54] [Server thread/INFO]: [Chunky] Task running for Gabito. Processed: 197927 chunks (0.51%), ETA: 907:09:45, Rate: 11.9 cps, Current: -126, -204
[18:23:55] [Server thread/INFO]: [Chunky] Task running for Gabito. Processed: 197935 chunks (0.51%), ETA: 1021:38:39, Rate: 10.6 cps, Current: -126, -202
[18:23:57] [Server thread/INFO]: [Chunky] Task running for Gabito. Processed: 197937 chunks (0.51%), ETA: 1027:38:31, Rate: 10.5 cps, Current: -128, -204
[18:23:58] [Server thread/INFO]: [Chunky] Task running for Gabito. Processed: 197939 chunks (0.51%), ETA: 933:05:30, Rate: 11.6 cps, Current: -121, -203
[18:23:59] [Server thread/INFO]: [Chunky] Task running for Gabito. Processed: 197969 chunks (0.51%), ETA: 883:38:30, Rate: 12.2 cps, Current: -125, -194
[18:24:00] [Server thread/INFO]: [Chunky] Task running for Gabito. Processed: 197995 chunks (0.51%), ETA: 850:22:03, Rate: 12.7 cps, Current: -123, -194
[18:24:01] [Server thread/INFO]: [Chunky] Task running for Gabito. Processed: 198032 chunks (0.51%), ETA: 802:08:04, Rate: 13.5 cps, Current: -117, -193
[18:24:02] [Server thread/INFO]: [Chunky] Task running for Gabito. Processed: 198054 chunks (0.51%), ETA: 769:44:43, Rate: 14.0 cps, Current: -115, -195
[18:24:04] [Server thread/INFO]: [Chunky] Task running for Gabito. Processed: 198074 chunks (0.51%), ETA: 723:06:27, Rate: 14.9 cps, Current: -114, -196
[18:24:05] [Server thread/INFO]: [Chunky] Task running for Gabito. Processed: 198124 chunks (0.51%), ETA: 678:21:17, Rate: 15.9 cps, Current: -115, -204
[18:24:07] [Server thread/INFO]: [Chunky] Task running for Gabito. Processed: 198146 chunks (0.51%), ETA: 688:35:22, Rate: 15.7 cps, Current: -112, -207
[18:24:08] [Server thread/INFO]: [Chunky] Task running for Gabito. Processed: 198150 chunks (0.51%), ETA: 694:19:02, Rate: 15.6 cps, Current: -110, -206
[18:24:09] [Server thread/INFO]: [Chunky] Task running for Gabito. Processed: 198175 chunks (0.51%), ETA: 671:57:55, Rate: 16.1 cps, Current: -108, -207
[18:24:10] [Server thread/INFO]: [Chunky] Task running for Gabito. Processed: 198196 chunks (0.51%), ETA: 684:23:06, Rate: 15.8 cps, Current: -112, -197
[18:24:11] [Server thread/INFO]: [Chunky] Task running for Gabito. Processed: 198217 chunks (0.51%), ETA: 675:11:45, Rate: 16.0 cps, Current: -110, -200
[18:24:12] [Server thread/INFO]: [Chunky] Task running for Gabito. Processed: 198259 chunks (0.51%), ETA: 644:07:12, Rate: 16.8 cps, Current: -106, -200
[18:24:14] [Server thread/INFO]: [Chunky] Task running for Gabito. Processed: 198281 chunks (0.51%), ETA: 635:16:55, Rate: 17.0 cps, Current: -103, -198
[18:24:15] [Server thread/INFO]: [Chunky] Task running for Gabito. Processed: 198347 chunks (0.51%), ETA: 576:51:24, Rate: 18.7 cps, Current: -97, -204
[18:24:16] [Server thread/INFO]: [Chunky] Task running for Gabito. Processed: 198387 chunks (0.51%), ETA: 554:46:08, Rate: 19.5 cps, Current: -103, -207
[18:24:17] [Server thread/INFO]: [Chunky] Task running for Gabito. Processed: 198410 chunks (0.51%), ETA: 554:07:43, Rate: 19.5 cps, Current: -97, -216
[18:24:18] [Server thread/INFO]: [Chunky] Task running for Gabito. Processed: 198441 chunks (0.51%), ETA: 550:36:15, Rate: 19.6 cps, Current: -103, -209
[18:24:19] [Server thread/INFO]: [Chunky] Task running for Gabito. Processed: 198471 chunks (0.51%), ETA: 538:21:55, Rate: 20.1 cps, Current: -112, -211
[18:24:20] [Server thread/INFO]: [Chunky] Task running for Gabito. Processed: 198484 chunks (0.51%), ETA: 538:51:00, Rate: 20.0 cps, Current: -112, -214
[18:24:22] [Server thread/INFO]: [Chunky] Task running for Gabito. Processed: 198529 chunks (0.51%), ETA: 503:14:03, Rate: 21.5 cps, Current: -112, -217
[18:24:23] [Server thread/INFO]: [Chunky] Task running for Gabito. Processed: 198554 chunks (0.51%), ETA: 498:41:51, Rate: 21.7 cps, Current: -105, -218
[18:24:24] [Server thread/INFO]: [Chunky] Task running for Gabito. Processed: 198571 chunks (0.51%), ETA: 483:02:22, Rate: 22.4 cps, Current: -105, -219
[18:24:25] [Server thread/INFO]: [Chunky] Task running for Gabito. Processed: 198596 chunks (0.51%), ETA: 483:02:06, Rate: 22.4 cps, Current: -103, -220
[18:24:26] [Server thread/INFO]: [Chunky] Task running for Gabito. Processed: 198625 chunks (0.51%), ETA: 460:26:18, Rate: 23.5 cps, Current: -97, -220
[18:24:31] [Server thread/INFO]: [Chunky] Task running for Gabito. Processed: 198657 chunks (0.51%), ETA: 506:57:56, Rate: 21.3 cps, Current: -158, -219
[18:24:32] [Server thread/INFO]: [Chunky] Task running for Gabito. Processed: 198673 chunks (0.51%), ETA: 510:50:38, Rate: 21.1 cps, Current: -156, -220
[18:24:33] [Server thread/INFO]: [Chunky] Task running for Gabito. Processed: 198686 chunks (0.51%), ETA: 513:22:58, Rate: 21.0 cps, Current: -160, -224
[18:24:34] [Server thread/INFO]: [Chunky] Task running for Gabito. Processed: 198704 chunks (0.51%), ETA: 545:39:17, Rate: 19.8 cps, Current: -156, -217
[18:24:36] [Server thread/INFO]: [Chunky] Task running for Gabito. Processed: 198710 chunks (0.51%), ETA: 556:11:41, Rate: 19.4 cps, Current: -153, -220
[18:24:37] [Server thread/INFO]: [Chunky] Task running for Gabito. Processed: 198719 chunks (0.51%), ETA: 563:17:21, Rate: 19.2 cps, Current: -152, -222
[18:24:39] [Server thread/INFO]: [Chunky] Task running for Gabito. Processed: 198724 chunks (0.51%), ETA: 585:37:05, Rate: 18.4 cps, Current: -155, -224
[18:24:40] [Server thread/INFO]: [Chunky] Task running for Gabito. Processed: 198736 chunks (0.51%), ETA: 594:10:56, Rate: 18.2 cps, Current: -149, -223
[18:24:41] [Server thread/INFO]: [Chunky] Task running for Gabito. Processed: 198756 chunks (0.51%), ETA: 625:16:37, Rate: 17.3 cps, Current: -146, -221
[18:24:42] [Server thread/INFO]: [Chunky] Task running for Gabito. Processed: 198777 chunks (0.51%), ETA: 620:50:45, Rate: 17.4 cps, Current: -145, -222
[18:24:43] [Server thread/INFO]: [Chunky] Task running for Gabito. Processed: 198792 chunks (0.51%), ETA: 626:05:08, Rate: 17.2 cps, Current: -152, -215
[18:24:44] [Server thread/INFO]: [Chunky] Task running for Gabito. Processed: 198802 chunks (0.51%), ETA: 701:00:27, Rate: 15.4 cps, Current: -152, -214
[18:24:46] [Server thread/INFO]: [Chunky] Task running for Gabito. Processed: 198819 chunks (0.51%), ETA: 740:53:13, Rate: 14.6 cps, Current: -145, -215
[18:24:47] [Server thread/INFO]: [Chunky] Task running for Gabito. Processed: 198837 chunks (0.51%), ETA: 742:45:17, Rate: 14.5 cps, Current: -153, -214
[18:24:48] [Server thread/INFO]: [Chunky] Task running for Gabito. Processed: 198853 chunks (0.51%), ETA: 765:32:50, Rate: 14.1 cps, Current: -155, -216
[18:24:49] [Server thread/INFO]: [Chunky] Task running for Gabito. Processed: 198874 chunks (0.51%), ETA: 782:50:30, Rate: 13.8 cps, Current: -157, -215
[18:24:50] [Server thread/INFO]: [Chunky] Task running for Gabito. Processed: 198896 chunks (0.51%), ETA: 764:52:00, Rate: 14.1 cps, Current: -160, -215
[18:24:51] [Server thread/INFO]: [Chunky] Task running for Gabito. Processed: 198910 chunks (0.51%), ETA: 827:09:46, Rate: 13.1 cps, Current: -160, -214
[18:24:52] [Server thread/INFO]: [Chunky] Task running for Gabito. Processed: 198927 chunks (0.51%), ETA: 842:36:13, Rate: 12.8 cps, Current: -160, -212
[18:24:53] [Server thread/INFO]: [Chunky] Task running for Gabito. Processed: 198933 chunks (0.51%), ETA: 868:51:03, Rate: 12.4 cps, Current: -160, -210
[18:24:54] [Server thread/INFO]: [Chunky] Task running for Gabito. Processed: 198953 chunks (0.51%), ETA: 888:47:52, Rate: 12.2 cps, Current: -153, -205
[18:24:56] [Server thread/INFO]: [Chunky] Task running for Gabito. Processed: 198963 chunks (0.51%), ETA: 951:02:08, Rate: 11.4 cps, Current: -159, -203
[18:24:57] [Server thread/INFO]: [Chunky] Task running for Gabito. Processed: 198994 chunks (0.51%), ETA: 843:45:04, Rate: 12.8 cps, Current: -160, -202
[18:24:58] [Server thread/INFO]: [Chunky] Task running for Gabito. Processed: 199033 chunks (0.51%), ETA: 785:44:24, Rate: 13.7 cps, Current: -153, -194
[18:24:59] [Server thread/INFO]: [Chunky] Task running for Gabito. Processed: 199056 chunks (0.51%), ETA: 769:30:02, Rate: 14.0 cps, Current: -151, -199
[18:25:00] [Server thread/INFO]: [Chunky] Task running for Gabito. Processed: 199080 chunks (0.51%), ETA: 754:49:31, Rate: 14.3 cps, Current: -149, -198
[18:25:01] [Server thread/INFO]: [Chunky] Task running for Gabito. Processed: 199099 chunks (0.51%), ETA: 748:29:06, Rate: 14.4 cps, Current: -146, -197
[18:25:03] [Server thread/INFO]: [Chunky] Task running for Gabito. Processed: 199141 chunks (0.51%), ETA: 703:52:01, Rate: 15.3 cps, Current: -145, -196
[18:25:04] [Server thread/INFO]: [Chunky] Task running for Gabito. Processed: 199170 chunks (0.51%), ETA: 690:23:09, Rate: 15.6 cps, Current: -144, -207
[18:25:05] [Server thread/INFO]: [Chunky] Task running for Gabito. Processed: 199174 chunks (0.51%), ETA: 692:01:53, Rate: 15.6 cps, Current: -142, -206
[18:25:07] [Server thread/INFO]: [Chunky] Task running for Gabito. Processed: 199198 chunks (0.51%), ETA: 659:09:22, Rate: 16.4 cps, Current: -141, -207
[18:25:08] [Server thread/INFO]: [Chunky] Task running for Gabito. Processed: 199220 chunks (0.51%), ETA: 641:02:30, Rate: 16.8 cps, Current: -144, -197
[18:25:09] [Server thread/INFO]: [Chunky] Task running for Gabito. Processed: 199244 chunks (0.51%), ETA: 625:27:42, Rate: 17.3 cps, Current: -142, -199
[18:25:10] [Server thread/INFO]: [Chunky] Task running for Gabito. Processed: 199282 chunks (0.51%), ETA: 596:55:34, Rate: 18.1 cps, Current: -137, -193
[18:25:11] [Server thread/INFO]: [Chunky] Task running for Gabito. Processed: 199298 chunks (0.51%), ETA: 604:58:53, Rate: 17.8 cps, Current: -136, -193
[18:25:12] [Server thread/INFO]: [Chunky] Task running for Gabito. Processed: 199350 chunks (0.51%), ETA: 563:10:45, Rate: 19.2 cps, Current: -134, -200
[18:25:13] [Server thread/INFO]: [Chunky] Task running for Gabito. Processed: 199372 chunks (0.51%), ETA: 551:30:48, Rate: 19.6 cps, Current: -136, -202
[18:25:15] [Server thread/INFO]: [Chunky] Task running for Gabito. Processed: 199425 chunks (0.51%), ETA: 524:49:00, Rate: 20.6 cps, Current: -129, -209
[18:25:16] [Server thread/INFO]: [Chunky] Task running for Gabito. Processed: 199444 chunks (0.51%), ETA: 526:25:35, Rate: 20.5 cps, Current: -130, -214
[18:25:17] [Server thread/INFO]: [Chunky] Task running for Gabito. Processed: 199468 chunks (0.51%), ETA: 522:11:49, Rate: 20.7 cps, Current: -136, -209
[18:25:18] [Server thread/INFO]: [Chunky] Task running for Gabito. Processed: 199497 chunks (0.51%), ETA: 514:50:39, Rate: 21.0 cps, Current: -137, -211
[18:25:19] [Server thread/INFO]: [Chunky] Task running for Gabito. Processed: 199538 chunks (0.51%), ETA: 500:00:00, Rate: 21.6 cps, Current: -136, -216
[18:25:21] [Server thread/INFO]: [Chunky] Task running for Gabito. Processed: 199553 chunks (0.51%), ETA: 498:28:08, Rate: 21.7 cps, Current: -144, -217
[18:25:22] [Server thread/INFO]: [Chunky] Task running for Gabito. Processed: 199576 chunks (0.51%), ETA: 493:15:09, Rate: 21.9 cps, Current: -144, -224
[18:25:23] [Server thread/INFO]: [Chunky] Task running for Gabito. Processed: 199595 chunks (0.51%), ETA: 486:14:08, Rate: 22.2 cps, Current: -140, -222
[18:25:24] [Server thread/INFO]: [Chunky] Task running for Gabito. Processed: 199618 chunks (0.51%), ETA: 478:03:43, Rate: 22.6 cps, Current: -135, -222
[18:25:25] [Server thread/INFO]: [Chunky] Task running for Gabito. Processed: 199661 chunks (0.51%), ETA: 451:06:17, Rate: 23.9 cps, Current: -129, -222
[18:25:29] [Server thread/INFO]: [Chunky] Task running for Gabito. Processed: 199681 chunks (0.51%), ETA: 512:54:13, Rate: 21.1 cps, Current: -190, -219
[18:25:31] [Server thread/INFO]: [Chunky] Task running for Gabito. Processed: 199699 chunks (0.51%), ETA: 522:52:59, Rate: 20.7 cps, Current: -189, -218
[18:25:32] [Server thread/INFO]: [Chunky] Task running for Gabito. Processed: 199717 chunks (0.51%), ETA: 548:18:00, Rate: 19.7 cps, Current: -192, -221
[18:25:33] [Server thread/INFO]: [Chunky] Task running for Gabito. Processed: 199738 chunks (0.51%), ETA: 544:29:20, Rate: 19.8 cps, Current: -188, -224
[18:25:34] [Server thread/INFO]: [Chunky] Task running for Gabito. Processed: 199744 chunks (0.51%), ETA: 558:30:28, Rate: 19.3 cps, Current: -183, -222
[18:25:35] [Server thread/INFO]: [Chunky] Task running for Gabito. Processed: 199755 chunks (0.51%), ETA: 552:10:47, Rate: 19.6 cps, Current: -186, -224
[18:25:36] [Server thread/INFO]: [Chunky] Task running for Gabito. Processed: 199780 chunks (0.51%), ETA: 551:56:10, Rate: 19.6 cps, Current: -178, -221
[18:25:38] [Server thread/INFO]: [Chunky] Task running for Gabito. Processed: 199804 chunks (0.51%), ETA: 544:56:08, Rate: 19.8 cps, Current: -177, -220
[18:25:39] [Server thread/INFO]: [Chunky] Task running for Gabito. Processed: 199825 chunks (0.51%), ETA: 550:29:25, Rate: 19.6 cps, Current: -178, -216
[18:25:40] [Server thread/INFO]: [Chunky] Task running for Gabito. Processed: 199840 chunks (0.51%), ETA: 572:32:28, Rate: 18.9 cps, Current: -184, -213
[18:25:41] [Server thread/INFO]: [Chunky] Task running for Gabito. Processed: 199856 chunks (0.51%), ETA: 572:23:11, Rate: 18.9 cps, Current: -181, -210
[18:25:42] [Server thread/INFO]: [Chunky] Task running for Gabito. Processed: 199882 chunks (0.51%), ETA: 605:51:31, Rate: 17.8 cps, Current: -185, -210
[18:25:43] [Server thread/INFO]: [Chunky] Task running for Gabito. Processed: 199907 chunks (0.51%), ETA: 603:06:43, Rate: 17.9 cps, Current: -188, -211
[18:25:45] [Server thread/INFO]: [Chunky] Task running for Gabito. Processed: 199926 chunks (0.51%), ETA: 636:47:47, Rate: 17.0 cps, Current: -190, -208
[18:25:46] [Server thread/INFO]: [Chunky] Task running for Gabito. Processed: 199939 chunks (0.51%), ETA: 642:31:06, Rate: 16.8 cps, Current: -191, -211
[18:25:47] [Server thread/INFO]: [Chunky] Task running for Gabito. Processed: 199954 chunks (0.51%), ETA: 653:32:58, Rate: 16.5 cps, Current: -185, -207
[18:25:48] [Server thread/INFO]: [Chunky] Task running for Gabito. Processed: 199971 chunks (0.51%), ETA: 676:20:04, Rate: 16.0 cps, Current: -186, -204
[18:25:49] [Server thread/INFO]: [Chunky] Task running for Gabito. Processed: 199986 chunks (0.51%), ETA: 721:11:54, Rate: 15.0 cps, Current: -192, -204
[18:25:50] [Server thread/INFO]: [Chunky] Task running for Gabito. Processed: 199990 chunks (0.51%), ETA: 733:19:10, Rate: 14.7 cps, Current: -191, -202
[18:25:52] [Server thread/INFO]: [Chunky] Task running for Gabito. Processed: 200033 chunks (0.51%), ETA: 708:58:07, Rate: 15.2 cps, Current: -188, -193
[18:25:53] [Server thread/INFO]: [Chunky] Task running for Gabito. Processed: 200079 chunks (0.51%), ETA: 664:20:49, Rate: 16.3 cps, Current: -183, -199
[18:25:54] [Server thread/INFO]: [Chunky] Task running for Gabito. Processed: 200098 chunks (0.51%), ETA: 673:11:38, Rate: 16.0 cps, Current: -179, -195
[18:25:55] [Server thread/INFO]: [Chunky] Task running for Gabito. Processed: 200124 chunks (0.51%), ETA: 636:05:40, Rate: 17.0 cps, Current: -178, -196
[18:25:56] [Server thread/INFO]: [Chunky] Task running for Gabito. Processed: 200171 chunks (0.51%), ETA: 603:53:01, Rate: 17.9 cps, Current: -177, -197
[18:25:59] [Server thread/INFO]: [Chunky] Task running for Gabito. Processed: 200194 chunks (0.51%), ETA: 619:44:26, Rate: 17.4 cps, Current: -176, -207
[18:26:00] [Server thread/INFO]: [Chunky] Task running for Gabito. Processed: 200195 chunks (0.51%), ETA: 637:46:00, Rate: 16.9 cps, Current: -176, -206
[18:26:01] [Server thread/INFO]: [Chunky] Task running for Gabito. Processed: 200201 chunks (0.51%), ETA: 646:48:00, Rate: 16.7 cps, Current: -176, -205
[18:26:02] [Server thread/INFO]: [Chunky] Task running for Gabito. Processed: 200216 chunks (0.51%), ETA: 663:34:52, Rate: 16.3 cps, Current: -175, -203
[18:26:04] [Server thread/INFO]: [Chunky] Task running for Gabito. Processed: 200226 chunks (0.51%), ETA: 659:41:42, Rate: 16.4 cps, Current: -170, -206
[18:26:05] [Server thread/INFO]: [Chunky] Task running for Gabito. Processed: 200242 chunks (0.51%), ETA: 652:33:34, Rate: 16.5 cps, Current: -173, -208
[18:26:06] [Server thread/INFO]: [Chunky] Task running for Gabito. Processed: 200251 chunks (0.51%), ETA: 672:52:21, Rate: 16.0 cps, Current: -174, -201
[18:26:07] [Server thread/INFO]: [Chunky] Task running for Gabito. Processed: 200265 chunks (0.51%), ETA: 692:58:34, Rate: 15.6 cps, Current: -169, -204
[18:26:08] [Server thread/INFO]: [Chunky] Task running for Gabito. Processed: 200307 chunks (0.51%), ETA: 657:56:59, Rate: 16.4 cps, Current: -170, -194
[18:26:09] [Server thread/INFO]: [Chunky] Task running for Gabito. Processed: 200331 chunks (0.51%), ETA: 647:59:56, Rate: 16.7 cps, Current: -167, -198
[18:26:11] [Server thread/INFO]: [Chunky] Task running for Gabito. Processed: 200387 chunks (0.51%), ETA: 599:15:21, Rate: 18.0 cps, Current: -161, -203
[18:26:12] [Server thread/INFO]: [Chunky] Task running for Gabito. Processed: 200435 chunks (0.51%), ETA: 572:54:17, Rate: 18.8 cps, Current: -167, -207
[18:26:13] [Server thread/INFO]: [Chunky] Task running for Gabito. Processed: 200451 chunks (0.51%), ETA: 581:54:34, Rate: 18.6 cps, Current: -161, -211
[18:26:14] [Server thread/INFO]: [Chunky] Task running for Gabito. Processed: 200480 chunks (0.51%), ETA: 568:04:39, Rate: 19.0 cps, Current: -164, -214
[18:26:15] [Server thread/INFO]: [Chunky] Task running for Gabito. Processed: 200501 chunks (0.51%), ETA: 558:10:59, Rate: 19.3 cps, Current: -164, -215
[18:26:16] [Server thread/INFO]: [Chunky] Task running for Gabito. Processed: 200530 chunks (0.51%), ETA: 548:33:02, Rate: 19.7 cps, Current: -175, -212
[18:26:18] [Server thread/INFO]: [Chunky] Task running for Gabito. Processed: 200577 chunks (0.51%), ETA: 525:59:35, Rate: 20.5 cps, Current: -169, -217
[18:26:19] [Server thread/INFO]: [Chunky] Task running for Gabito. Processed: 200604 chunks (0.51%), ETA: 521:12:13, Rate: 20.7 cps, Current: -175, -222
[18:26:20] [Server thread/INFO]: [Chunky] Task running for Gabito. Processed: 200621 chunks (0.51%), ETA: 515:18:10, Rate: 21.0 cps, Current: -175, -224
[18:26:21] [Server thread/INFO]: [Chunky] Task running for Gabito. Processed: 200647 chunks (0.51%), ETA: 500:12:25, Rate: 21.6 cps, Current: -171, -223
[18:26:22] [Server thread/INFO]: [Chunky] Task running for Gabito. Processed: 200691 chunks (0.51%), ETA: 493:28:58, Rate: 21.9 cps, Current: -161, -223
[18:26:23] [Server thread/INFO]: [Chunky] Task running for Gabito. Processed: 200699 chunks (0.51%), ETA: 523:59:33, Rate: 20.6 cps, Current: -167, -224
[18:26:26] [Server thread/INFO]: [Chunky] Task running for Gabito. Processed: 200705 chunks (0.51%), ETA: 603:37:16, Rate: 17.9 cps, Current: -222, -219
[18:26:28] [Server thread/INFO]: [Chunky] Task running for Gabito. Processed: 200725 chunks (0.51%), ETA: 602:11:38, Rate: 17.9 cps, Current: -219, -218
[18:26:29] [Server thread/INFO]: [Chunky] Task running for Gabito. Processed: 200743 chunks (0.51%), ETA: 577:55:16, Rate: 18.7 cps, Current: -220, -222
[18:26:30] [Server thread/INFO]: [Chunky] Task running for Gabito. Processed: 200761 chunks (0.51%), ETA: 565:04:39, Rate: 19.1 cps, Current: -217, -217
[18:26:31] [Server thread/INFO]: [Chunky] Task running for Gabito. Processed: 200767 chunks (0.51%), ETA: 566:35:00, Rate: 19.1 cps, Current: -216, -222
[18:26:33] [Server thread/INFO]: [Chunky] Task running for Gabito. Processed: 200775 chunks (0.51%), ETA: 569:58:43, Rate: 18.9 cps, Current: -215, -221
[18:26:34] [Server thread/INFO]: [Chunky] Task running for Gabito. Processed: 200804 chunks (0.51%), ETA: 563:54:49, Rate: 19.1 cps, Current: -210, -221
[18:26:35] [Server thread/INFO]: [Chunky] Task running for Gabito. Processed: 200820 chunks (0.51%), ETA: 554:54:15, Rate: 19.5 cps, Current: -215, -217
[18:26:36] [Server thread/INFO]: [Chunky] Task running for Gabito. Processed: 200833 chunks (0.51%), ETA: 549:26:45, Rate: 19.7 cps, Current: -209, -219
[18:26:37] [Server thread/INFO]: [Chunky] Task running for Gabito. Processed: 200849 chunks (0.51%), ETA: 575:29:44, Rate: 18.8 cps, Current: -210, -216
[18:26:38] [Server thread/INFO]: [Chunky] Task running for Gabito. Processed: 200865 chunks (0.51%), ETA: 578:56:22, Rate: 18.7 cps, Current: -213, -212
[18:26:40] [Server thread/INFO]: [Chunky] Task running for Gabito. Processed: 200872 chunks (0.51%), ETA: 656:56:42, Rate: 16.4 cps, Current: -210, -211
[18:26:41] [Server thread/INFO]: [Chunky] Task running for Gabito. Processed: 200906 chunks (0.51%), ETA: 673:36:58, Rate: 16.0 cps, Current: -212, -209
[18:26:42] [Server thread/INFO]: [Chunky] Task running for Gabito. Processed: 200930 chunks (0.51%), ETA: 664:20:46, Rate: 16.3 cps, Current: -222, -215
[18:26:43] [Server thread/INFO]: [Chunky] Task running for Gabito. Processed: 200946 chunks (0.51%), ETA: 683:18:06, Rate: 15.8 cps, Current: -222, -211
[18:26:44] [Server thread/INFO]: [Chunky] Task running for Gabito. Processed: 200964 chunks (0.51%), ETA: 689:09:44, Rate: 15.7 cps, Current: -223, -210
[18:26:46] [Server thread/INFO]: [Chunky] Task running for Gabito. Processed: 200975 chunks (0.51%), ETA: 716:05:20, Rate: 15.1 cps, Current: -224, -212
[18:26:47] [Server thread/INFO]: [Chunky] Task running for Gabito. Processed: 200983 chunks (0.51%), ETA: 778:32:59, Rate: 13.9 cps, Current: -224, -208
[18:26:48] [Server thread/INFO]: [Chunky] Task running for Gabito. Processed: 200995 chunks (0.51%), ETA: 824:32:46, Rate: 13.1 cps, Current: -217, -206
[18:26:50] [Server thread/INFO]: [Chunky] Task running for Gabito. Processed: 201009 chunks (0.51%), ETA: 826:17:50, Rate: 13.1 cps, Current: -223, -204
[18:26:51] [Server thread/INFO]: [Chunky] Task running for Gabito. Processed: 201010 chunks (0.51%), ETA: 983:48:49, Rate: 11.0 cps, Current: -224, -204
[18:26:52] [Server thread/INFO]: [Chunky] Task running for Gabito. Processed: 201015 chunks (0.51%), ETA: 1006:08:03, Rate: 10.7 cps, Current: -217, -202
[18:26:54] [Server thread/INFO]: [Chunky] Task running for Gabito. Processed: 201028 chunks (0.51%), ETA: 928:19:21, Rate: 11.6 cps, Current: -224, -202
[18:26:55] [Server thread/INFO]: [Chunky] Task running for Gabito. Processed: 201041 chunks (0.51%), ETA: 932:01:12, Rate: 11.6 cps, Current: -221, -196
[18:26:57] [Server thread/INFO]: [Chunky] Task running for Gabito. Processed: 201059 chunks (0.51%), ETA: 919:43:35, Rate: 11.7 cps, Current: -219, -195
[18:26:58] [Server thread/INFO]: [Chunky] Task running for Gabito. Processed: 201064 chunks (0.51%), ETA: 946:13:05, Rate: 11.4 cps, Current: -218, -200
[18:26:59] [Server thread/INFO]: [Chunky] Task running for Gabito. Processed: 201082 chunks (0.51%), ETA: 944:32:04, Rate: 11.4 cps, Current: -217, -198
[18:27:00] [Server thread/INFO]: [Chunky] Task running for Gabito. Processed: 201095 chunks (0.51%), ETA: 959:22:23, Rate: 11.3 cps, Current: -218, -193
[18:27:01] [Server thread/INFO]: [Chunky] Task running for Gabito. Processed: 201107 chunks (0.51%), ETA: 938:54:50, Rate: 11.5 cps, Current: -214, -200
[18:27:02] [Server thread/INFO]: [Chunky] Task running for Gabito. Processed: 201118 chunks (0.51%), ETA: 925:06:24, Rate: 11.7 cps, Current: -212, -196
[18:27:03] [Server thread/INFO]: [Chunky] Task running for Gabito. Processed: 201138 chunks (0.51%), ETA: 942:38:34, Rate: 11.5 cps, Current: -213, -193
[18:27:04] [Server thread/INFO]: [Chunky] Task running for Gabito. Processed: 201148 chunks (0.51%), ETA: 958:25:20, Rate: 11.3 cps, Current: -216, -202
[18:27:05] [Server thread/INFO]: [Chunky] Task running for Gabito. Processed: 201187 chunks (0.51%), ETA: 887:46:15, Rate: 12.2 cps, Current: -209, -199
[18:27:07] [Server thread/INFO]: [Chunky] Task running for Gabito. Processed: 201217 chunks (0.51%), ETA: 856:55:35, Rate: 12.6 cps, Current: -208, -208
[18:27:08] [Server thread/INFO]: [Chunky] Task running for Gabito. Processed: 201219 chunks (0.51%), ETA: 898:50:31, Rate: 12.0 cps, Current: -208, -206
[18:27:09] [Server thread/INFO]: [Chunky] Task running for Gabito. Processed: 201243 chunks (0.52%), ETA: 836:58:54, Rate: 12.9 cps, Current: -208, -203
[18:27:10] [Server thread/INFO]: [Chunky] Task running for Gabito. Processed: 201247 chunks (0.52%), ETA: 858:10:29, Rate: 12.6 cps, Current: -204, -207
[18:27:11] [Server thread/INFO]: [Chunky] Task running for Gabito. Processed: 201266 chunks (0.52%), ETA: 931:14:44, Rate: 11.6 cps, Current: -207, -201
[18:27:13] [Server thread/INFO]: [Chunky] Task running for Gabito. Processed: 201269 chunks (0.52%), ETA: 1021:14:49, Rate: 10.6 cps, Current: -207, -200
[18:27:15] [Server thread/INFO]: [Chunky] Task running for Gabito. Processed: 201298 chunks (0.52%), ETA: 974:44:31, Rate: 11.1 cps, Current: -206, -197
[18:27:17] [Server thread/INFO]: [Chunky] Task running for Gabito. Processed: 201313 chunks (0.52%), ETA: 970:51:37, Rate: 11.1 cps, Current: -207, -193
[18:27:18] [Server thread/INFO]: [Chunky] Task running for Gabito. Processed: 201324 chunks (0.52%), ETA: 979:27:58, Rate: 11.0 cps, Current: -200, -200
[18:27:20] [Server thread/INFO]: [Chunky] Task running for Gabito. Processed: 201332 chunks (0.52%), ETA: 952:11:03, Rate: 11.3 cps, Current: -199, -199
[18:27:21] [Server thread/INFO]: [Chunky] Task running for Gabito. Processed: 201348 chunks (0.52%), ETA: 942:53:12, Rate: 11.5 cps, Current: -201, -195
[18:27:22] [Server thread/INFO]: [Chunky] Task running for Gabito. Processed: 201361 chunks (0.52%), ETA: 919:31:48, Rate: 11.7 cps, Current: -193, -195
[18:27:23] [Server thread/INFO]: [Chunky] Task running for Gabito. Processed: 201412 chunks (0.52%), ETA: 815:40:20, Rate: 13.2 cps, Current: -193, -204
[18:27:24] [Server thread/INFO]: [Chunky] Task running for Gabito. Processed: 201427 chunks (0.52%), ETA: 809:10:06, Rate: 13.3 cps, Current: -200, -203
[18:27:26] [Server thread/INFO]: [Chunky] Task running for Gabito. Processed: 201474 chunks (0.52%), ETA: 747:35:37, Rate: 14.4 cps, Current: -193, -210
[18:27:27] [Server thread/INFO]: [Chunky] Task running for Gabito. Processed: 201484 chunks (0.52%), ETA: 758:29:05, Rate: 14.2 cps, Current: -195, -210
[18:27:28] [Server thread/INFO]: [Chunky] Task running for Gabito. Processed: 201513 chunks (0.52%), ETA: 714:48:58, Rate: 15.1 cps, Current: -199, -209
[18:27:29] [Server thread/INFO]: [Chunky] Task running for Gabito. Processed: 201542 chunks (0.52%), ETA: 697:09:01, Rate: 15.5 cps, Current: -195, -216
[18:27:30] [Server thread/INFO]: [Chunky] Task running for Gabito. Processed: 201556 chunks (0.52%), ETA: 697:29:15, Rate: 15.5 cps, Current: -197, -216
[18:27:32] [Server thread/INFO]: [Chunky] Task running for Gabito. Processed: 201601 chunks (0.52%), ETA: 657:59:47, Rate: 16.4 cps, Current: -201, -217
[18:27:33] [Server thread/INFO]: [Chunky] Task running for Gabito. Processed: 201622 chunks (0.52%), ETA: 652:28:33, Rate: 16.5 cps, Current: -208, -224
[18:27:34] [Server thread/INFO]: [Chunky] Task running for Gabito. Processed: 201638 chunks (0.52%), ETA: 647:33:36, Rate: 16.7 cps, Current: -204, -220
[18:27:35] [Server thread/INFO]: [Chunky] Task running for Gabito. Processed: 201652 chunks (0.52%), ETA: 685:29:50, Rate: 15.8 cps, Current: -206, -223
[18:27:36] [Server thread/INFO]: [Chunky] Task running for Gabito. Processed: 201671 chunks (0.52%), ETA: 698:09:13, Rate: 15.5 cps, Current: -206, -224
[18:27:37] [Server thread/INFO]: [Chunky] Task running for Gabito. Processed: 201688 chunks (0.52%), ETA: 671:29:01, Rate: 16.1 cps, Current: -205, -224
[18:27:38] [Server thread/INFO]: [Chunky] Task running for Gabito. Processed: 201722 chunks (0.52%), ETA: 655:45:41, Rate: 16.5 cps, Current: -199, -224
[18:27:39] [Server thread/INFO]: [Chunky] Task running for Gabito. Processed: 201729 chunks (0.52%), ETA: 658:26:24, Rate: 16.4 cps, Current: -224, -192
[18:27:41] [Server thread/INFO]: [Chunky] Task running for Gabito. Processed: 201733 chunks (0.52%), ETA: 673:27:09, Rate: 16.0 cps, Current: -221, -192
[18:27:42] [Server thread/INFO]: [Chunky] Task running for Gabito. Processed: 201758 chunks (0.52%), ETA: 629:02:44, Rate: 17.2 cps, Current: -223, -189
[18:27:43] [Server thread/INFO]: [Chunky] Task running for Gabito. Processed: 201778 chunks (0.52%), ETA: 626:37:46, Rate: 17.2 cps, Current: -217, -191
[18:27:44] [Server thread/INFO]: [Chunky] Task running for Gabito. Processed: 201792 chunks (0.52%), ETA: 638:42:10, Rate: 16.9 cps, Current: -219, -185
[18:27:45] [Server thread/INFO]: [Chunky] Task running for Gabito. Processed: 201810 chunks (0.52%), ETA: 613:38:56, Rate: 17.6 cps, Current: -216, -189
[18:27:46] [Server thread/INFO]: [Chunky] Task running for Gabito. Processed: 201837 chunks (0.52%), ETA: 605:03:49, Rate: 17.8 cps, Current: -210, -189
[18:27:47] [Server thread/INFO]: [Chunky] Task running for Gabito. Processed: 201845 chunks (0.52%), ETA: 605:06:26, Rate: 17.8 cps, Current: -210, -187
[18:27:49] [Server thread/INFO]: [Chunky] Task running for Gabito. Processed: 201867 chunks (0.52%), ETA: 579:18:34, Rate: 18.6 cps, Current: -210, -185
[18:27:50] [Server thread/INFO]: [Chunky] Task running for Gabito. Processed: 201880 chunks (0.52%), ETA: 585:16:48, Rate: 18.4 cps, Current: -212, -181
[18:27:51] [Server thread/INFO]: [Chunky] Task running for Gabito. Processed: 201895 chunks (0.52%), ETA: 591:08:09, Rate: 18.3 cps, Current: -210, -179
[18:27:52] [Server thread/INFO]: [Chunky] Task running for Gabito. Processed: 201921 chunks (0.52%), ETA: 615:04:01, Rate: 17.6 cps, Current: -215, -178
[18:27:54] [Server thread/INFO]: [Chunky] Task running for Gabito. Processed: 201948 chunks (0.52%), ETA: 600:53:08, Rate: 18.0 cps, Current: -222, -183
[18:27:55] [Server thread/INFO]: [Chunky] Task running for Gabito. Processed: 201967 chunks (0.52%), ETA: 634:57:56, Rate: 17.0 cps, Current: -222, -180
[18:27:56] [Server thread/INFO]: [Chunky] Task running for Gabito. Processed: 201983 chunks (0.52%), ETA: 626:53:31, Rate: 17.2 cps, Current: -223, -179
[18:27:57] [Server thread/INFO]: [Chunky] Task running for Gabito. Processed: 202000 chunks (0.52%), ETA: 645:01:44, Rate: 16.7 cps, Current: -218, -175
[18:27:58] [Server thread/INFO]: [Chunky] Task running for Gabito. Processed: 202006 chunks (0.52%), ETA: 668:03:30, Rate: 16.2 cps, Current: -224, -177
[18:27:59] [Server thread/INFO]: [Chunky] Task running for Gabito. Processed: 202022 chunks (0.52%), ETA: 683:58:36, Rate: 15.8 cps, Current: -218, -172
[18:28:01] [Server thread/INFO]: [Chunky] Task running for Gabito. Processed: 202032 chunks (0.52%), ETA: 724:47:38, Rate: 14.9 cps, Current: -223, -172
[18:28:02] [Server thread/INFO]: [Chunky] Task running for Gabito. Processed: 202035 chunks (0.52%), ETA: 764:12:34, Rate: 14.1 cps, Current: -223, -171
[18:28:03] [Server thread/INFO]: [Chunky] Task running for Gabito. Processed: 202047 chunks (0.52%), ETA: 771:39:54, Rate: 14.0 cps, Current: -222, -168
[18:28:04] [Server thread/INFO]: [Chunky] Task running for Gabito. Processed: 202051 chunks (0.52%), ETA: 787:46:16, Rate: 13.7 cps, Current: -223, -167
[18:28:05] [Server thread/INFO]: [Chunky] Task running for Gabito. Processed: 202067 chunks (0.52%), ETA: 794:25:51, Rate: 13.6 cps, Current: -224, -167
[18:28:06] [Server thread/INFO]: [Chunky] Task running for Gabito. Processed: 202085 chunks (0.52%), ETA: 791:37:14, Rate: 13.6 cps, Current: -224, -165
[18:28:07] [Server thread/INFO]: [Chunky] Task running for Gabito. Processed: 202106 chunks (0.52%), ETA: 821:42:56, Rate: 13.1 cps, Current: -217, -166
[18:28:08] [Server thread/INFO]: [Chunky] Task running for Gabito. Processed: 202121 chunks (0.52%), ETA: 796:08:28, Rate: 13.6 cps, Current: -214, -167
[18:28:10] [Server thread/INFO]: [Chunky] Task running for Gabito. Processed: 202133 chunks (0.52%), ETA: 779:33:27, Rate: 13.9 cps, Current: -212, -163
[18:28:11] [Server thread/INFO]: [Chunky] Task running for Gabito. Processed: 202150 chunks (0.52%), ETA: 787:14:18, Rate: 13.7 cps, Current: -211, -165
[18:28:12] [Server thread/INFO]: [Chunky] Task running for Gabito. Processed: 202169 chunks (0.52%), ETA: 785:22:18, Rate: 13.7 cps, Current: -210, -166
[18:28:13] [Server thread/INFO]: [Chunky] Task running for Gabito. Processed: 202206 chunks (0.52%), ETA: 754:10:24, Rate: 14.3 cps, Current: -214, -176
[18:28:14] [Server thread/INFO]: [Chunky] Task running for Gabito. Processed: 202241 chunks (0.52%), ETA: 724:50:23, Rate: 14.9 cps, Current: -208, -176
[18:28:15] [Server thread/INFO]: [Chunky] Task running for Gabito. Processed: 202243 chunks (0.52%), ETA: 771:33:55, Rate: 14.0 cps, Current: -208, -174
[18:28:17] [Server thread/INFO]: [Chunky] Task running for Gabito. Processed: 202270 chunks (0.52%), ETA: 742:46:45, Rate: 14.5 cps, Current: -205, -175
[18:28:18] [Server thread/INFO]: [Chunky] Task running for Gabito. Processed: 202290 chunks (0.52%), ETA: 746:30:42, Rate: 14.5 cps, Current: -205, -176
[18:28:19] [Server thread/INFO]: [Chunky] Task running for Gabito. Processed: 202308 chunks (0.52%), ETA: 734:44:12, Rate: 14.7 cps, Current: -201, -172
[18:28:20] [Server thread/INFO]: [Chunky] Task running for Gabito. Processed: 202337 chunks (0.52%), ETA: 710:29:46, Rate: 15.2 cps, Current: -204, -164
[18:28:21] [Server thread/INFO]: [Chunky] Task running for Gabito. Processed: 202352 chunks (0.52%), ETA: 722:38:18, Rate: 14.9 cps, Current: -201, -167
[18:28:23] [Server thread/INFO]: [Chunky] Task running for Gabito. Processed: 202371 chunks (0.52%), ETA: 743:37:57, Rate: 14.5 cps, Current: -201, -163
[18:28:24] [Server thread/INFO]: [Chunky] Task running for Gabito. Processed: 202389 chunks (0.52%), ETA: 744:06:50, Rate: 14.5 cps, Current: -197, -164
[18:28:25] [Server thread/INFO]: [Chunky] Task running for Gabito. Processed: 202438 chunks (0.52%), ETA: 688:57:37, Rate: 15.7 cps, Current: -195, -169
[18:28:26] [Server thread/INFO]: [Chunky] Task running for Gabito. Processed: 202483 chunks (0.52%), ETA: 645:14:31, Rate: 16.7 cps, Current: -193, -175
[18:28:27] [Server thread/INFO]: [Chunky] Task running for Gabito. Processed: 202504 chunks (0.52%), ETA: 628:19:35, Rate: 17.2 cps, Current: -193, -182
[18:28:28] [Server thread/INFO]: [Chunky] Task running for Gabito. Processed: 202523 chunks (0.52%), ETA: 617:25:35, Rate: 17.5 cps, Current: -198, -177
[18:28:29] [Server thread/INFO]: [Chunky] Task running for Gabito. Processed: 202550 chunks (0.52%), ETA: 599:45:06, Rate: 18.0 cps, Current: -196, -183
[18:28:30] [Server thread/INFO]: [Chunky] Task running for Gabito. Processed: 202579 chunks (0.52%), ETA: 589:08:07, Rate: 18.3 cps, Current: -208, -181
[18:28:32] [Server thread/INFO]: [Chunky] Task running for Gabito. Processed: 202618 chunks (0.52%), ETA: 547:19:37, Rate: 19.7 cps, Current: -207, -184
[18:28:33] [Server thread/INFO]: [Chunky] Task running for Gabito. Processed: 202647 chunks (0.52%), ETA: 530:55:42, Rate: 20.3 cps, Current: -206, -186
[18:28:34] [Server thread/INFO]: [Chunky] Task running for Gabito. Processed: 202689 chunks (0.52%), ETA: 500:10:57, Rate: 21.6 cps, Current: -197, -192
[18:28:37] [Server thread/INFO]: [Chunky] Task running for Gabito. Processed: 202753 chunks (0.52%), ETA: 489:05:08, Rate: 22.1 cps, Current: -222, -160
[18:28:38] [Server thread/INFO]: [Chunky] Task running for Gabito. Processed: 202774 chunks (0.52%), ETA: 485:48:13, Rate: 22.2 cps, Current: -220, -159
[18:28:39] [Server thread/INFO]: [Chunky] Task running for Gabito. Processed: 202797 chunks (0.52%), ETA: 477:22:40, Rate: 22.6 cps, Current: -224, -158
[18:28:40] [Server thread/INFO]: [Chunky] Task running for Gabito. Processed: 202804 chunks (0.52%), ETA: 485:42:16, Rate: 22.2 cps, Current: -216, -159
[18:28:41] [Server thread/INFO]: [Chunky] Task running for Gabito. Processed: 202834 chunks (0.52%), ETA: 476:24:04, Rate: 22.7 cps, Current: -216, -157
[18:28:42] [Server thread/INFO]: [Chunky] Task running for Gabito. Processed: 202855 chunks (0.52%), ETA: 487:25:48, Rate: 22.2 cps, Current: -216, -152
[18:28:43] [Server thread/INFO]: [Chunky] Task running for Gabito. Processed: 202869 chunks (0.52%), ETA: 500:24:26, Rate: 21.6 cps, Current: -215, -151
[18:28:45] [Server thread/INFO]: [Chunky] Task running for Gabito. Processed: 202891 chunks (0.52%), ETA: 486:54:58, Rate: 22.2 cps, Current: -209, -155
[18:28:46] [Server thread/INFO]: [Chunky] Task running for Gabito. Processed: 202909 chunks (0.52%), ETA: 490:50:40, Rate: 22.0 cps, Current: -211, -147
[18:28:47] [Server thread/INFO]: [Chunky] Task running for Gabito. Processed: 202919 chunks (0.52%), ETA: 496:57:21, Rate: 21.7 cps, Current: -210, -148
[18:28:48] [Server thread/INFO]: [Chunky] Task running for Gabito. Processed: 202944 chunks (0.52%), ETA: 491:52:02, Rate: 22.0 cps, Current: -214, -146
[18:28:49] [Server thread/INFO]: [Chunky] Task running for Gabito. Processed: 202962 chunks (0.52%), ETA: 498:53:19, Rate: 21.6 cps, Current: -223, -152
[18:28:50] [Server thread/INFO]: [Chunky] Task running for Gabito. Processed: 202979 chunks (0.52%), ETA: 502:57:42, Rate: 21.5 cps, Current: -222, -150
[18:28:51] [Server thread/INFO]: [Chunky] Task running for Gabito. Processed: 202999 chunks (0.52%), ETA: 498:47:50, Rate: 21.6 cps, Current: -223, -149
[18:28:52] [Server thread/INFO]: [Chunky] Task running for Gabito. Processed: 203014 chunks (0.52%), ETA: 494:48:10, Rate: 21.8 cps, Current: -224, -149
[18:28:54] [Server thread/INFO]: [Chunky] Task running for Gabito. Processed: 203028 chunks (0.52%), ETA: 503:20:41, Rate: 21.5 cps, Current: -219, -140
[18:28:55] [Server thread/INFO]: [Chunky] Task running for Gabito. Processed: 203048 chunks (0.52%), ETA: 531:56:08, Rate: 20.3 cps, Current: -217, -141
[18:28:56] [Server thread/INFO]: [Chunky] Task running for Gabito. Processed: 203059 chunks (0.52%), ETA: 567:44:02, Rate: 19.0 cps, Current: -223, -139
[18:28:57] [Server thread/INFO]: [Chunky] Task running for Gabito. Processed: 203074 chunks (0.52%), ETA: 577:22:04, Rate: 18.7 cps, Current: -222, -134
[18:28:58] [Server thread/INFO]: [Chunky] Task running for Gabito. Processed: 203087 chunks (0.52%), ETA: 580:44:49, Rate: 18.6 cps, Current: -224, -137
[18:29:00] [Server thread/INFO]: [Chunky] Task running for Gabito. Processed: 203108 chunks (0.52%), ETA: 593:52:34, Rate: 18.2 cps, Current: -224, -133
[18:29:01] [Server thread/INFO]: [Chunky] Task running for Gabito. Processed: 203127 chunks (0.52%), ETA: 616:16:33, Rate: 17.5 cps, Current: -221, -129
[18:29:02] [Server thread/INFO]: [Chunky] Task running for Gabito. Processed: 203144 chunks (0.52%), ETA: 630:40:13, Rate: 17.1 cps, Current: -214, -134
[18:29:03] [Server thread/INFO]: [Chunky] Task running for Gabito. Processed: 203157 chunks (0.52%), ETA: 669:57:57, Rate: 16.1 cps, Current: -212, -131
[18:29:04] [Server thread/INFO]: [Chunky] Task running for Gabito. Processed: 203174 chunks (0.52%), ETA: 695:56:30, Rate: 15.5 cps, Current: -211, -133
[18:29:05] [Server thread/INFO]: [Chunky] Task running for Gabito. Processed: 203193 chunks (0.52%), ETA: 700:14:09, Rate: 15.4 cps, Current: -210, -134
[18:29:06] [Server thread/INFO]: [Chunky] Task running for Gabito. Processed: 203230 chunks (0.52%), ETA: 670:36:37, Rate: 16.1 cps, Current: -209, -135
[18:29:08] [Server thread/INFO]: [Chunky] Task running for Gabito. Processed: 203265 chunks (0.52%), ETA: 651:47:26, Rate: 16.6 cps, Current: -208, -144
[18:29:09] [Server thread/INFO]: [Chunky] Task running for Gabito. Processed: 203267 chunks (0.52%), ETA: 672:12:12, Rate: 16.1 cps, Current: -208, -142
[18:29:10] [Server thread/INFO]: [Chunky] Task running for Gabito. Processed: 203275 chunks (0.52%), ETA: 684:04:32, Rate: 15.8 cps, Current: -207, -141
[18:29:12] [Server thread/INFO]: [Chunky] Task running for Gabito. Processed: 203294 chunks (0.52%), ETA: 725:52:30, Rate: 14.9 cps, Current: -208, -138
[18:29:13] [Server thread/INFO]: [Chunky] Task running for Gabito. Processed: 203315 chunks (0.52%), ETA: 717:25:49, Rate: 15.1 cps, Current: -208, -134
[18:29:15] [Server thread/INFO]: [Chunky] Task running for Gabito. Processed: 203319 chunks (0.52%), ETA: 764:06:49, Rate: 14.1 cps, Current: -204, -144
[18:29:17] [Server thread/INFO]: [Chunky] Task running for Gabito. Processed: 203346 chunks (0.52%), ETA: 754:49:42, Rate: 14.3 cps, Current: -205, -136
[18:29:18] [Server thread/INFO]: [Chunky] Task running for Gabito. Processed: 203362 chunks (0.52%), ETA: 781:36:23, Rate: 13.8 cps, Current: -205, -131
[18:29:19] [Server thread/INFO]: [Chunky] Task running for Gabito. Processed: 203379 chunks (0.52%), ETA: 791:37:22, Rate: 13.6 cps, Current: -204, -130
[18:29:21] [Server thread/INFO]: [Chunky] Task running for Gabito. Processed: 203398 chunks (0.52%), ETA: 794:22:08, Rate: 13.6 cps, Current: -201, -131
[18:29:22] [Server thread/INFO]: [Chunky] Task running for Gabito. Processed: 203452 chunks (0.52%), ETA: 721:24:54, Rate: 15.0 cps, Current: -193, -137
[18:29:23] [Server thread/INFO]: [Chunky] Task running for Gabito. Processed: 203468 chunks (0.52%), ETA: 721:28:05, Rate: 15.0 cps, Current: -194, -138
[18:29:24] [Server thread/INFO]: [Chunky] Task running for Gabito. Processed: 203516 chunks (0.52%), ETA: 675:56:44, Rate: 16.0 cps, Current: -193, -146
[18:29:25] [Server thread/INFO]: [Chunky] Task running for Gabito. Processed: 203534 chunks (0.52%), ETA: 658:25:41, Rate: 16.4 cps, Current: -193, -152
[18:29:26] [Server thread/INFO]: [Chunky] Task running for Gabito. Processed: 203560 chunks (0.52%), ETA: 646:04:06, Rate: 16.7 cps, Current: -198, -149
[18:29:27] [Server thread/INFO]: [Chunky] Task running for Gabito. Processed: 203583 chunks (0.52%), ETA: 633:20:49, Rate: 17.0 cps, Current: -195, -152
[18:29:28] [Server thread/INFO]: [Chunky] Task running for Gabito. Processed: 203602 chunks (0.52%), ETA: 629:40:40, Rate: 17.1 cps, Current: -208, -149
[18:29:30] [Server thread/INFO]: [Chunky] Task running for Gabito. Processed: 203643 chunks (0.52%), ETA: 607:05:17, Rate: 17.8 cps, Current: -207, -152
[18:29:31] [Server thread/INFO]: [Chunky] Task running for Gabito. Processed: 203672 chunks (0.52%), ETA: 595:16:33, Rate: 18.1 cps, Current: -203, -154
[18:29:32] [Server thread/INFO]: [Chunky] Task running for Gabito. Processed: 203717 chunks (0.52%), ETA: 563:58:34, Rate: 19.1 cps, Current: -200, -159
[18:29:35] [Server thread/INFO]: [Chunky] Task running for Gabito. Processed: 203777 chunks (0.52%), ETA: 570:41:40, Rate: 18.9 cps, Current: -222, -128
[18:29:37] [Server thread/INFO]: [Chunky] Task running for Gabito. Processed: 203798 chunks (0.52%), ETA: 586:42:27, Rate: 18.4 cps, Current: -220, -126
[18:29:38] [Server thread/INFO]: [Chunky] Task running for Gabito. Processed: 203824 chunks (0.52%), ETA: 554:22:15, Rate: 19.5 cps, Current: -215, -128
[18:29:39] [Server thread/INFO]: [Chunky] Task running for Gabito. Processed: 203829 chunks (0.52%), ETA: 569:36:15, Rate: 19.0 cps, Current: -224, -125
[18:29:40] [Server thread/INFO]: [Chunky] Task running for Gabito. Processed: 203858 chunks (0.52%), ETA: 548:49:32, Rate: 19.7 cps, Current: -213, -126
[18:29:41] [Server thread/INFO]: [Chunky] Task running for Gabito. Processed: 203884 chunks (0.52%), ETA: 526:42:14, Rate: 20.5 cps, Current: -216, -120
[18:29:42] [Server thread/INFO]: [Chunky] Task running for Gabito. Processed: 203891 chunks (0.52%), ETA: 540:08:50, Rate: 20.0 cps, Current: -210, -123
[18:29:43] [Server thread/INFO]: [Chunky] Task running for Gabito. Processed: 203915 chunks (0.52%), ETA: 538:58:40, Rate: 20.0 cps, Current: -209, -123
[18:29:44] [Server thread/INFO]: [Chunky] Task running for Gabito. Processed: 203936 chunks (0.52%), ETA: 513:02:21, Rate: 21.0 cps, Current: -210, -117
[18:29:45] [Server thread/INFO]: [Chunky] Task running for Gabito. Processed: 203952 chunks (0.52%), ETA: 509:15:43, Rate: 21.2 cps, Current: -212, -114
[18:29:47] [Server thread/INFO]: [Chunky] Task running for Gabito. Processed: 203969 chunks (0.52%), ETA: 516:15:21, Rate: 20.9 cps, Current: -215, -114
[18:29:48] [Server thread/INFO]: [Chunky] Task running for Gabito. Processed: 203994 chunks (0.52%), ETA: 509:35:51, Rate: 21.2 cps, Current: -215, -113
[18:29:49] [Server thread/INFO]: [Chunky] Task running for Gabito. Processed: 203997 chunks (0.52%), ETA: 514:34:55, Rate: 21.0 cps, Current: -220, -118
[18:29:50] [Server thread/INFO]: [Chunky] Task running for Gabito. Processed: 204003 chunks (0.52%), ETA: 524:41:39, Rate: 20.6 cps, Current: -222, -118
[18:29:51] [Server thread/INFO]: [Chunky] Task running for Gabito. Processed: 204011 chunks (0.52%), ETA: 573:21:58, Rate: 18.8 cps, Current: -224, -119
[18:29:53] [Server thread/INFO]: [Chunky] Task running for Gabito. Processed: 204019 chunks (0.52%), ETA: 581:15:54, Rate: 18.6 cps, Current: -222, -115
[18:29:54] [Server thread/INFO]: [Chunky] Task running for Gabito. Processed: 204030 chunks (0.52%), ETA: 623:16:38, Rate: 17.3 cps, Current: -224, -118
[18:29:55] [Server thread/INFO]: [Chunky] Task running for Gabito. Processed: 204038 chunks (0.52%), ETA: 627:14:16, Rate: 17.2 cps, Current: -223, -113
[18:29:56] [Server thread/INFO]: [Chunky] Task running for Gabito. Processed: 204052 chunks (0.52%), ETA: 647:41:45, Rate: 16.7 cps, Current: -224, -114
[18:29:57] [Server thread/INFO]: [Chunky] Task running for Gabito. Processed: 204067 chunks (0.52%), ETA: 658:50:48, Rate: 16.4 cps, Current: -217, -110
[18:29:58] [Server thread/INFO]: [Chunky] Task running for Gabito. Processed: 204081 chunks (0.52%), ETA: 673:33:36, Rate: 16.0 cps, Current: -217, -108
[18:29:59] [Server thread/INFO]: [Chunky] Task running for Gabito. Processed: 204092 chunks (0.52%), ETA: 715:22:07, Rate: 15.1 cps, Current: -219, -105
[18:30:01] [Server thread/INFO]: [Chunky] Task running for Gabito. Processed: 204100 chunks (0.52%), ETA: 746:23:05, Rate: 14.5 cps, Current: -224, -106
[18:30:02] [Server thread/INFO]: [Chunky] Task running for Gabito. Processed: 204132 chunks (0.52%), ETA: 812:03:15, Rate: 13.3 cps, Current: -221, -98
[18:30:03] [Server thread/INFO]: [Chunky] Task running for Gabito. Processed: 204152 chunks (0.52%), ETA: 799:42:03, Rate: 13.5 cps, Current: -217, -102
[18:30:04] [Server thread/INFO]: [Chunky] Task running for Gabito. Processed: 204168 chunks (0.52%), ETA: 798:44:10, Rate: 13.5 cps, Current: -214, -102
[18:30:05] [Server thread/INFO]: [Chunky] Task running for Gabito. Processed: 204181 chunks (0.52%), ETA: 813:21:05, Rate: 13.3 cps, Current: -212, -99
[18:30:06] [Server thread/INFO]: [Chunky] Task running for Gabito. Processed: 204198 chunks (0.52%), ETA: 806:23:19, Rate: 13.4 cps, Current: -212, -104
[18:30:08] [Server thread/INFO]: [Chunky] Task running for Gabito. Processed: 204217 chunks (0.52%), ETA: 817:48:07, Rate: 13.2 cps, Current: -212, -97
[18:30:09] [Server thread/INFO]: [Chunky] Task running for Gabito. Processed: 204274 chunks (0.52%), ETA: 764:09:26, Rate: 14.1 cps, Current: -209, -103
[18:30:11] [Server thread/INFO]: [Chunky] Task running for Gabito. Processed: 204290 chunks (0.52%), ETA: 792:52:50, Rate: 13.6 cps, Current: -208, -111
[18:30:12] [Server thread/INFO]: [Chunky] Task running for Gabito. Processed: 204295 chunks (0.52%), ETA: 796:52:34, Rate: 13.5 cps, Current: -207, -112
[18:30:13] [Server thread/INFO]: [Chunky] Task running for Gabito. Processed: 204318 chunks (0.52%), ETA: 792:32:26, Rate: 13.6 cps, Current: -208, -106
[18:30:14] [Server thread/INFO]: [Chunky] Task running for Gabito. Processed: 204340 chunks (0.52%), ETA: 786:28:39, Rate: 13.7 cps, Current: -207, -104
[18:30:15] [Server thread/INFO]: [Chunky] Task running for Gabito. Processed: 204364 chunks (0.52%), ETA: 768:04:45, Rate: 14.1 cps, Current: -202, -105
[18:30:16] [Server thread/INFO]: [Chunky] Task running for Gabito. Processed: 204386 chunks (0.52%), ETA: 758:34:53, Rate: 14.2 cps, Current: -205, -99
[18:30:17] [Server thread/INFO]: [Chunky] Task running for Gabito. Processed: 204403 chunks (0.52%), ETA: 773:35:36, Rate: 14.0 cps, Current: -204, -98
[18:30:19] [Server thread/INFO]: [Chunky] Task running for Gabito. Processed: 204423 chunks (0.52%), ETA: 748:30:32, Rate: 14.4 cps, Current: -200, -99
[18:30:20] [Server thread/INFO]: [Chunky] Task running for Gabito. Processed: 204482 chunks (0.52%), ETA: 670:35:02, Rate: 16.1 cps, Current: -193, -106
[18:30:21] [Server thread/INFO]: [Chunky] Task running for Gabito. Processed: 204506 chunks (0.52%), ETA: 644:30:39, Rate: 16.8 cps, Current: -200, -109
[18:30:21] [Server thread/INFO]: Tsuyoi has made the advancement [Suit Up]
[18:30:22] [Server thread/INFO]: [Chunky] Task running for Gabito. Processed: 204549 chunks (0.52%), ETA: 599:52:22, Rate: 18.0 cps, Current: -193, -115
[18:30:23] [Server thread/INFO]: [Chunky] Task running for Gabito. Processed: 204565 chunks (0.52%), ETA: 594:44:24, Rate: 18.2 cps, Current: -196, -115
[18:30:24] [Server thread/INFO]: [Chunky] Task running for Gabito. Processed: 204586 chunks (0.52%), ETA: 582:12:37, Rate: 18.5 cps, Current: -195, -119
[18:30:25] [Server thread/INFO]: [Chunky] Task running for Gabito. Processed: 204615 chunks (0.52%), ETA: 566:28:04, Rate: 19.1 cps, Current: -200, -115
[18:30:26] [Server thread/INFO]: [Chunky] Task running for Gabito. Processed: 204659 chunks (0.52%), ETA: 539:51:57, Rate: 20.0 cps, Current: -201, -119
[18:30:27] [Server thread/INFO]: [Chunky] Task running for Gabito. Processed: 204678 chunks (0.52%), ETA: 533:10:41, Rate: 20.3 cps, Current: -203, -121
[18:30:29] [Server thread/INFO]: [Chunky] Task running for Gabito. Processed: 204730 chunks (0.52%), ETA: 491:22:07, Rate: 22.0 cps, Current: -201, -122
[18:30:32] [Server thread/INFO]: [Chunky] Task running for Gabito. Processed: 204801 chunks (0.52%), ETA: 482:30:33, Rate: 22.4 cps, Current: -221, -96
[18:30:33] [Server thread/INFO]: [Chunky] Task running for Gabito. Processed: 204821 chunks (0.52%), ETA: 477:07:37, Rate: 22.6 cps, Current: -220, -95
[18:30:35] [Server thread/INFO]: [Chunky] Task running for Gabito. Processed: 204848 chunks (0.52%), ETA: 470:52:37, Rate: 22.9 cps, Current: -217, -95
[18:30:36] [Server thread/INFO]: [Chunky] Task running for Gabito. Processed: 204880 chunks (0.52%), ETA: 462:57:14, Rate: 23.3 cps, Current: -215, -94
[18:30:37] [Server thread/INFO]: [Chunky] Task running for Gabito. Processed: 204901 chunks (0.52%), ETA: 452:10:34, Rate: 23.9 cps, Current: -211, -93
[18:30:38] [Server thread/INFO]: [Chunky] Task running for Gabito. Processed: 204915 chunks (0.52%), ETA: 460:52:04, Rate: 23.4 cps, Current: -210, -92
[18:30:39] [Server thread/INFO]: [Chunky] Task running for Gabito. Processed: 204939 chunks (0.52%), ETA: 486:08:06, Rate: 22.2 cps, Current: -210, -89
[18:30:40] [Server thread/INFO]: [Chunky] Task running for Gabito. Processed: 204957 chunks (0.52%), ETA: 478:25:26, Rate: 22.6 cps, Current: -211, -83
[18:30:41] [Server thread/INFO]: [Chunky] Task running for Gabito. Processed: 204968 chunks (0.52%), ETA: 473:02:37, Rate: 22.8 cps, Current: -214, -83
[18:30:43] [Server thread/INFO]: [Chunky] Task running for Gabito. Processed: 204993 chunks (0.52%), ETA: 477:30:20, Rate: 22.6 cps, Current: -215, -82
[18:30:44] [Server thread/INFO]: [Chunky] Task running for Gabito. Processed: 205019 chunks (0.52%), ETA: 473:58:55, Rate: 22.8 cps, Current: -221, -87
[18:30:45] [Server thread/INFO]: [Chunky] Task running for Gabito. Processed: 205039 chunks (0.52%), ETA: 476:23:13, Rate: 22.7 cps, Current: -220, -81
[18:30:46] [Server thread/INFO]: [Chunky] Task running for Gabito. Processed: 205055 chunks (0.52%), ETA: 479:25:41, Rate: 22.5 cps, Current: -222, -79
[18:30:47] [Server thread/INFO]: [Chunky] Task running for Gabito. Processed: 205073 chunks (0.52%), ETA: 481:15:21, Rate: 22.4 cps, Current: -217, -79
[18:30:48] [Server thread/INFO]: [Chunky] Task running for Gabito. Processed: 205085 chunks (0.52%), ETA: 484:01:02, Rate: 22.3 cps, Current: -217, -78
[18:30:49] [Server thread/INFO]: [Chunky] Task running for Gabito. Processed: 205103 chunks (0.52%), ETA: 512:50:57, Rate: 21.1 cps, Current: -222, -74
[18:30:51] [Server thread/INFO]: [Chunky] Task running for Gabito. Processed: 205107 chunks (0.52%), ETA: 530:33:03, Rate: 20.4 cps, Current: -223, -75
[18:30:52] [Server thread/INFO]: [Chunky] Task running for Gabito. Processed: 205123 chunks (0.52%), ETA: 554:42:45, Rate: 19.5 cps, Current: -223, -71
[18:30:53] [Server thread/INFO]: [Chunky] Task running for Gabito. Processed: 205137 chunks (0.52%), ETA: 556:16:18, Rate: 19.4 cps, Current: -224, -72
[18:30:54] [Server thread/INFO]: [Chunky] Task running for Gabito. Processed: 205156 chunks (0.53%), ETA: 555:25:16, Rate: 19.4 cps, Current: -221, -66
[18:30:55] [Server thread/INFO]: [Chunky] Task running for Gabito. Processed: 205178 chunks (0.53%), ETA: 563:56:30, Rate: 19.1 cps, Current: -217, -70
[18:30:56] [Server thread/INFO]: [Chunky] Task running for Gabito. Processed: 205192 chunks (0.53%), ETA: 596:27:09, Rate: 18.1 cps, Current: -215, -67
[18:30:57] [Server thread/INFO]: [Chunky] Task running for Gabito. Processed: 205206 chunks (0.53%), ETA: 603:21:19, Rate: 17.9 cps, Current: -215, -66
[18:30:58] [Server thread/INFO]: [Chunky] Task running for Gabito. Processed: 205228 chunks (0.53%), ETA: 648:23:31, Rate: 16.7 cps, Current: -214, -65
[18:31:00] [Server thread/INFO]: [Chunky] Task running for Gabito. Processed: 205242 chunks (0.53%), ETA: 670:19:38, Rate: 16.1 cps, Current: -212, -65
[18:31:01] [Server thread/INFO]: [Chunky] Task running for Gabito. Processed: 205296 chunks (0.53%), ETA: 621:08:25, Rate: 17.4 cps, Current: -211, -79
[18:31:02] [Server thread/INFO]: [Chunky] Task running for Gabito. Processed: 205314 chunks (0.53%), ETA: 629:50:48, Rate: 17.1 cps, Current: -208, -79
[18:31:03] [Server thread/INFO]: [Chunky] Task running for Gabito. Processed: 205328 chunks (0.53%), ETA: 635:31:18, Rate: 17.0 cps, Current: -203, -78
[18:31:04] [Server thread/INFO]: [Chunky] Task running for Gabito. Processed: 205349 chunks (0.53%), ETA: 638:47:38, Rate: 16.9 cps, Current: -206, -80
[18:31:05] [Server thread/INFO]: [Chunky] Task running for Gabito. Processed: 205367 chunks (0.53%), ETA: 655:19:39, Rate: 16.5 cps, Current: -204, -80
[18:31:07] [Server thread/INFO]: [Chunky] Task running for Gabito. Processed: 205394 chunks (0.53%), ETA: 652:23:41, Rate: 16.5 cps, Current: -206, -69
[18:31:08] [Server thread/INFO]: [Chunky] Task running for Gabito. Processed: 205419 chunks (0.53%), ETA: 636:05:18, Rate: 17.0 cps, Current: -201, -72
[18:31:09] [Server thread/INFO]: [Chunky] Task running for Gabito. Processed: 205428 chunks (0.53%), ETA: 653:01:35, Rate: 16.5 cps, Current: -205, -65
[18:31:10] [Server thread/INFO]: [Chunky] Task running for Gabito. Processed: 205445 chunks (0.53%), ETA: 655:01:26, Rate: 16.5 cps, Current: -199, -70
[18:31:11] [Server thread/INFO]: [Chunky] Task running for Gabito. Processed: 205505 chunks (0.53%), ETA: 599:40:46, Rate: 18.0 cps, Current: -193, -73
[18:31:12] [Server thread/INFO]: [Chunky] Task running for Gabito. Processed: 205555 chunks (0.53%), ETA: 572:08:55, Rate: 18.9 cps, Current: -199, -79
[18:31:14] [Server thread/INFO]: [Chunky] Task running for Gabito. Processed: 205572 chunks (0.53%), ETA: 583:00:08, Rate: 18.5 cps, Current: -193, -84
[18:31:15] [Server thread/INFO]: [Chunky] Task running for Gabito. Processed: 205604 chunks (0.53%), ETA: 570:25:54, Rate: 18.9 cps, Current: -197, -86
[18:31:16] [Server thread/INFO]: [Chunky] Task running for Gabito. Processed: 205631 chunks (0.53%), ETA: 559:56:58, Rate: 19.3 cps, Current: -202, -82
[18:31:17] [Server thread/INFO]: [Chunky] Task running for Gabito. Processed: 205650 chunks (0.53%), ETA: 550:56:52, Rate: 19.6 cps, Current: -197, -88
[18:31:18] [Server thread/INFO]: [Chunky] Task running for Gabito. Processed: 205697 chunks (0.53%), ETA: 522:44:55, Rate: 20.7 cps, Current: -202, -89
[18:31:19] [Server thread/INFO]: [Chunky] Task running for Gabito. Processed: 205747 chunks (0.53%), ETA: 497:06:52, Rate: 21.7 cps, Current: -202, -93
[18:31:22] [Server thread/INFO]: [Chunky] Task running for Gabito. Processed: 205825 chunks (0.53%), ETA: 463:54:37, Rate: 23.3 cps, Current: -222, -64
[18:31:23] [Server thread/INFO]: [Chunky] Task running for Gabito. Processed: 205843 chunks (0.53%), ETA: 465:40:58, Rate: 23.2 cps, Current: -219, -60
[18:31:24] [Server thread/INFO]: [Chunky] Task running for Gabito. Processed: 205869 chunks (0.53%), ETA: 461:49:14, Rate: 23.4 cps, Current: -224, -62
[18:31:25] [Server thread/INFO]: [Chunky] Task running for Gabito. Processed: 205875 chunks (0.53%), ETA: 465:49:01, Rate: 23.2 cps, Current: -214, -64
[18:31:26] [Server thread/INFO]: [Chunky] Task running for Gabito. Processed: 205890 chunks (0.53%), ETA: 464:00:07, Rate: 23.3 cps, Current: -220, -57
[18:31:28] [Server thread/INFO]: [Chunky] Task running for Gabito. Processed: 205915 chunks (0.53%), ETA: 458:32:29, Rate: 23.5 cps, Current: -216, -60
[18:31:29] [Server thread/INFO]: [Chunky] Task running for Gabito. Processed: 205939 chunks (0.53%), ETA: 455:19:42, Rate: 23.7 cps, Current: -215, -55
[18:31:30] [Server thread/INFO]: [Chunky] Task running for Gabito. Processed: 205962 chunks (0.53%), ETA: 475:04:55, Rate: 22.7 cps, Current: -211, -55
[18:31:31] [Server thread/INFO]: [Chunky] Task running for Gabito. Processed: 205971 chunks (0.53%), ETA: 474:27:31, Rate: 22.8 cps, Current: -210, -56
[18:31:32] [Server thread/INFO]: [Chunky] Task running for Gabito. Processed: 205991 chunks (0.53%), ETA: 472:59:03, Rate: 22.8 cps, Current: -209, -55
[18:31:34] [Server thread/INFO]: [Chunky] Task running for Gabito. Processed: 206017 chunks (0.53%), ETA: 471:39:36, Rate: 22.9 cps, Current: -215, -50
[18:31:35] [Server thread/INFO]: [Chunky] Task running for Gabito. Processed: 206033 chunks (0.53%), ETA: 472:45:59, Rate: 22.8 cps, Current: -222, -56
[18:31:36] [Server thread/INFO]: [Chunky] Task running for Gabito. Processed: 206057 chunks (0.53%), ETA: 471:44:51, Rate: 22.9 cps, Current: -223, -55
[18:31:37] [Server thread/INFO]: [Chunky] Task running for Gabito. Processed: 206075 chunks (0.53%), ETA: 476:13:53, Rate: 22.7 cps, Current: -219, -48
[18:31:38] [Server thread/INFO]: [Chunky] Task running for Gabito. Processed: 206089 chunks (0.53%), ETA: 472:41:58, Rate: 22.8 cps, Current: -218, -47
[18:31:39] [Server thread/INFO]: [Chunky] Task running for Gabito. Processed: 206102 chunks (0.53%), ETA: 479:27:42, Rate: 22.5 cps, Current: -220, -45
[18:31:40] [Server thread/INFO]: [Chunky] Task running for Gabito. Processed: 206125 chunks (0.53%), ETA: 505:49:13, Rate: 21.3 cps, Current: -218, -42
[18:31:41] [Server thread/INFO]: [Chunky] Task running for Gabito. Processed: 206130 chunks (0.53%), ETA: 538:16:15, Rate: 20.1 cps, Current: -224, -44
[18:31:42] [Server thread/INFO]: [Chunky] Task running for Gabito. Processed: 206143 chunks (0.53%), ETA: 546:33:15, Rate: 19.8 cps, Current: -222, -40
[18:31:43] [Server thread/INFO]: [Chunky] Task running for Gabito. Processed: 206148 chunks (0.53%), ETA: 558:30:04, Rate: 19.3 cps, Current: -223, -38
[18:31:44] [Server thread/INFO]: [Chunky] Task running for Gabito. Processed: 206179 chunks (0.53%), ETA: 558:51:06, Rate: 19.3 cps, Current: -219, -35
[18:31:45] [Server thread/INFO]: [Chunky] Task running for Gabito. Processed: 206188 chunks (0.53%), ETA: 575:07:06, Rate: 18.8 cps, Current: -224, -33
[18:31:47] [Server thread/INFO]: [Chunky] Task running for Gabito. Processed: 206208 chunks (0.53%), ETA: 577:29:18, Rate: 18.7 cps, Current: -215, -40
[18:31:48] [Server thread/INFO]: [Chunky] Task running for Gabito. Processed: 206226 chunks (0.53%), ETA: 604:09:24, Rate: 17.9 cps, Current: -214, -40
[18:31:49] [Server thread/INFO]: [Chunky] Task running for Gabito. Processed: 206239 chunks (0.53%), ETA: 648:13:43, Rate: 16.7 cps, Current: -212, -36
[18:31:50] [Server thread/INFO]: [Chunky] Task running for Gabito. Processed: 206254 chunks (0.53%), ETA: 688:00:43, Rate: 15.7 cps, Current: -210, -35
[18:31:51] [Server thread/INFO]: [Chunky] Task running for Gabito. Processed: 206265 chunks (0.53%), ETA: 695:47:54, Rate: 15.5 cps, Current: -212, -33
[18:31:52] [Server thread/INFO]: [Chunky] Task running for Gabito. Processed: 206307 chunks (0.53%), ETA: 658:19:04, Rate: 16.4 cps, Current: -213, -48
[18:31:53] [Server thread/INFO]: [Chunky] Task running for Gabito. Processed: 206337 chunks (0.53%), ETA: 644:31:02, Rate: 16.8 cps, Current: -208, -48
[18:31:54] [Server thread/INFO]: [Chunky] Task running for Gabito. Processed: 206339 chunks (0.53%), ETA: 678:45:26, Rate: 15.9 cps, Current: -208, -46
[18:31:55] [Server thread/INFO]: [Chunky] Task running for Gabito. Processed: 206362 chunks (0.53%), ETA: 654:49:54, Rate: 16.5 cps, Current: -207, -44
[18:31:56] [Server thread/INFO]: [Chunky] Task running for Gabito. Processed: 206386 chunks (0.53%), ETA: 645:35:25, Rate: 16.7 cps, Current: -205, -48
[18:31:58] [Server thread/INFO]: [Chunky] Task running for Gabito. Processed: 206407 chunks (0.53%), ETA: 661:27:14, Rate: 16.3 cps, Current: -205, -41
[18:31:59] [Server thread/INFO]: [Chunky] Task running for Gabito. Processed: 206432 chunks (0.53%), ETA: 659:16:57, Rate: 16.4 cps, Current: -207, -33
[18:32:00] [Server thread/INFO]: [Chunky] Task running for Gabito. Processed: 206448 chunks (0.53%), ETA: 653:34:08, Rate: 16.5 cps, Current: -201, -39
[18:32:01] [Server thread/INFO]: [Chunky] Task running for Gabito. Processed: 206462 chunks (0.53%), ETA: 656:56:16, Rate: 16.4 cps, Current: -201, -36
[18:32:02] [Server thread/INFO]: [Chunky] Task running for Gabito. Processed: 206476 chunks (0.53%), ETA: 676:06:54, Rate: 16.0 cps, Current: -198, -40
[18:32:03] [Server thread/INFO]: [Chunky] Task running for Gabito. Processed: 206481 chunks (0.53%), ETA: 692:31:42, Rate: 15.6 cps, Current: -201, -34
[18:32:04] [Server thread/INFO]: [Chunky] Task running for Gabito. Processed: 206533 chunks (0.53%), ETA: 644:03:28, Rate: 16.8 cps, Current: -195, -41
[18:32:06] [Server thread/INFO]: [Chunky] Task running for Gabito. Processed: 206539 chunks (0.53%), ETA: 673:58:31, Rate: 16.0 cps, Current: -193, -44
[18:32:07] [Server thread/INFO]: [Chunky] Task running for Gabito. Processed: 206579 chunks (0.53%), ETA: 646:22:39, Rate: 16.7 cps, Current: -199, -47
[18:32:08] [Server thread/INFO]: [Chunky] Task running for Gabito. Processed: 206590 chunks (0.53%), ETA: 642:07:56, Rate: 16.8 cps, Current: -198, -48
[18:32:09] [Server thread/INFO]: [Chunky] Task running for Gabito. Processed: 206606 chunks (0.53%), ETA: 651:53:00, Rate: 16.6 cps, Current: -196, -49
[18:32:11] [Server thread/INFO]: [Chunky] Task running for Gabito. Processed: 206637 chunks (0.53%), ETA: 624:15:25, Rate: 17.3 cps, Current: -201, -49
[18:32:12] [Server thread/INFO]: [Chunky] Task running for Gabito. Processed: 206674 chunks (0.53%), ETA: 595:33:49, Rate: 18.1 cps, Current: -207, -52
[18:32:13] [Server thread/INFO]: [Chunky] Task running for Gabito. Processed: 206714 chunks (0.53%), ETA: 559:51:01, Rate: 19.3 cps, Current: -207, -56
[18:32:14] [Server thread/INFO]: [Chunky] Task running for Gabito. Processed: 206747 chunks (0.53%), ETA: 560:00:25, Rate: 19.3 cps, Current: -206, -64
[18:32:20] [Server thread/INFO]: [Chunky] Task running for Gabito. Processed: 206849 chunks (0.53%), ETA: 547:47:23, Rate: 19.7 cps, Current: -221, -32
[18:32:22] [Server thread/INFO]: [Chunky] Task running for Gabito. Processed: 206853 chunks (0.53%), ETA: 591:09:15, Rate: 18.3 cps, Current: -219, -28
[18:32:23] [Server thread/INFO]: [Chunky] Task running for Gabito. Processed: 206878 chunks (0.53%), ETA: 580:00:09, Rate: 18.6 cps, Current: -224, -31
[18:32:24] [Server thread/INFO]: [Chunky] Task running for Gabito. Processed: 206898 chunks (0.53%), ETA: 590:17:59, Rate: 18.3 cps, Current: -224, -30
[18:32:25] [Server thread/INFO]: [Chunky] Task running for Gabito. Processed: 206910 chunks (0.53%), ETA: 596:46:45, Rate: 18.1 cps, Current: -218, -25
[18:32:27] [Server thread/INFO]: [Chunky] Task running for Gabito. Processed: 206937 chunks (0.53%), ETA: 595:48:36, Rate: 18.1 cps, Current: -216, -28
[18:32:28] [Server thread/INFO]: [Chunky] Task running for Gabito. Processed: 206958 chunks (0.53%), ETA: 599:34:27, Rate: 18.0 cps, Current: -215, -26
[18:32:29] [Server thread/INFO]: [Chunky] Task running for Gabito. Processed: 206978 chunks (0.53%), ETA: 595:52:00, Rate: 18.1 cps, Current: -211, -25
[18:32:30] [Server thread/INFO]: [Chunky] Task running for Gabito. Processed: 206992 chunks (0.53%), ETA: 597:32:13, Rate: 18.1 cps, Current: -211, -22
[18:32:32] [Server thread/INFO]: [Chunky] Task running for Gabito. Processed: 207010 chunks (0.53%), ETA: 591:10:22, Rate: 18.3 cps, Current: -210, -21
[18:32:33] [Server thread/INFO]: [Chunky] Task running for Gabito. Processed: 207021 chunks (0.53%), ETA: 589:12:22, Rate: 18.3 cps, Current: -209, -22
[18:32:34] [Server thread/INFO]: [Chunky] Task running for Gabito. Processed: 207043 chunks (0.53%), ETA: 624:06:51, Rate: 17.3 cps, Current: -209, -19
[18:32:35] [Server thread/INFO]: [Chunky] Task running for Gabito. Processed: 207066 chunks (0.53%), ETA: 600:39:56, Rate: 18.0 cps, Current: -216, -17
[18:32:36] [Server thread/INFO]: [Chunky] Task running for Gabito. Processed: 207085 chunks (0.53%), ETA: 599:53:40, Rate: 18.0 cps, Current: -220, -17
[18:32:37] [Server thread/INFO]: [Chunky] Task running for Gabito. Processed: 207098 chunks (0.53%), ETA: 623:37:49, Rate: 17.3 cps, Current: -220, -16
[18:32:38] [Server thread/INFO]: [Chunky] Task running for Gabito. Processed: 207114 chunks (0.53%), ETA: 617:56:15, Rate: 17.5 cps, Current: -224, -21
[18:32:40] [Server thread/INFO]: [Chunky] Task running for Gabito. Processed: 207122 chunks (0.53%), ETA: 631:50:35, Rate: 17.1 cps, Current: -219, -13
[18:32:41] [Server thread/INFO]: [Chunky] Task running for Gabito. Processed: 207138 chunks (0.53%), ETA: 650:08:31, Rate: 16.6 cps, Current: -220, -11
[18:32:42] [Server thread/INFO]: [Chunky] Task running for Gabito. Processed: 207154 chunks (0.53%), ETA: 678:59:51, Rate: 15.9 cps, Current: -217, -12
[18:32:43] [Server thread/INFO]: [Chunky] Task running for Gabito. Processed: 207156 chunks (0.53%), ETA: 739:27:32, Rate: 14.6 cps, Current: -217, -11
[18:32:44] [Server thread/INFO]: [Chunky] Task running for Gabito. Processed: 207171 chunks (0.53%), ETA: 770:14:36, Rate: 14.0 cps, Current: -223, -7
[18:32:45] [Server thread/INFO]: [Chunky] Task running for Gabito. Processed: 207181 chunks (0.53%), ETA: 805:39:39, Rate: 13.4 cps, Current: -222, -3
[18:32:47] [Server thread/INFO]: [Chunky] Task running for Gabito. Processed: 207204 chunks (0.53%), ETA: 811:12:05, Rate: 13.3 cps, Current: -224, -5
[18:32:48] [Server thread/INFO]: [Chunky] Task running for Gabito. Processed: 207214 chunks (0.53%), ETA: 818:49:52, Rate: 13.2 cps, Current: -220, -2
[18:32:49] [Server thread/INFO]: [Chunky] Task running for Gabito. Processed: 207232 chunks (0.53%), ETA: 812:57:01, Rate: 13.3 cps, Current: -216, -6
[18:32:50] [Server thread/INFO]: [Chunky] Task running for Gabito. Processed: 207250 chunks (0.53%), ETA: 781:17:18, Rate: 13.8 cps, Current: -214, -8
[18:32:52] [Server thread/INFO]: [Chunky] Task running for Gabito. Processed: 207263 chunks (0.53%), ETA: 785:53:31, Rate: 13.7 cps, Current: -212, -4
[18:32:53] [Server thread/INFO]: [Chunky] Task running for Gabito. Processed: 207277 chunks (0.53%), ETA: 803:22:27, Rate: 13.4 cps, Current: -211, -8
[18:32:54] [Server thread/INFO]: [Chunky] Task running for Gabito. Processed: 207292 chunks (0.53%), ETA: 806:13:04, Rate: 13.4 cps, Current: -211, -10
[18:32:55] [Server thread/INFO]: [Chunky] Task running for Gabito. Processed: 207343 chunks (0.53%), ETA: 734:39:51, Rate: 14.7 cps, Current: -211, -15
[18:32:57] [Server thread/INFO]: [Chunky] Task running for Gabito. Processed: 207361 chunks (0.53%), ETA: 760:21:27, Rate: 14.2 cps, Current: -208, -16
[18:32:58] [Server thread/INFO]: [Chunky] Task running for Gabito. Processed: 207365 chunks (0.53%), ETA: 793:28:05, Rate: 13.6 cps, Current: -207, -14
[18:32:59] [Server thread/INFO]: [Chunky] Task running for Gabito. Processed: 207393 chunks (0.53%), ETA: 779:38:09, Rate: 13.8 cps, Current: -202, -15
[18:33:00] [Server thread/INFO]: [Chunky] Task running for Gabito. Processed: 207411 chunks (0.53%), ETA: 768:41:19, Rate: 14.0 cps, Current: -208, -6
[18:33:02] [Server thread/INFO]: [Chunky] Task running for Gabito. Processed: 207427 chunks (0.53%), ETA: 772:17:20, Rate: 14.0 cps, Current: -207, -6
[18:33:03] [Server thread/INFO]: [Chunky] Task running for Gabito. Processed: 207444 chunks (0.53%), ETA: 759:35:38, Rate: 14.2 cps, Current: -205, -8
[18:33:04] [Server thread/INFO]: [Chunky] Task running for Gabito. Processed: 207469 chunks (0.53%), ETA: 760:20:50, Rate: 14.2 cps, Current: -205, -2
[18:33:05] [Server thread/INFO]: [Chunky] Task running for Gabito. Processed: 207481 chunks (0.53%), ETA: 771:50:00, Rate: 14.0 cps, Current: -205, -1
[18:33:06] [Server thread/INFO]: [Chunky] Task running for Gabito. Processed: 207495 chunks (0.53%), ETA: 791:04:00, Rate: 13.6 cps, Current: -200, -3
[18:33:08] [Server thread/INFO]: [Chunky] Task running for Gabito. Processed: 207555 chunks (0.53%), ETA: 713:21:29, Rate: 15.1 cps, Current: -193, -12
[18:33:09] [Server thread/INFO]: [Chunky] Task running for Gabito. Processed: 207610 chunks (0.53%), ETA: 652:10:00, Rate: 16.6 cps, Current: -199, -16
[18:33:10] [Server thread/INFO]: [Chunky] Task running for Gabito. Processed: 207620 chunks (0.53%), ETA: 656:29:08, Rate: 16.4 cps, Current: -193, -20
[18:33:11] [Server thread/INFO]: [Chunky] Task running for Gabito. Processed: 207646 chunks (0.53%), ETA: 636:22:41, Rate: 17.0 cps, Current: -194, -22
[18:33:12] [Server thread/INFO]: [Chunky] Task running for Gabito. Processed: 207660 chunks (0.53%), ETA: 622:37:58, Rate: 17.3 cps, Current: -195, -23
[18:33:13] [Server thread/INFO]: [Chunky] Task running for Gabito. Processed: 207689 chunks (0.53%), ETA: 605:24:55, Rate: 17.8 cps, Current: -200, -20
[18:33:15] [Server thread/INFO]: [Chunky] Task running for Gabito. Processed: 207731 chunks (0.53%), ETA: 575:28:02, Rate: 18.8 cps, Current: -201, -23
[18:33:16] [Server thread/INFO]: [Chunky] Task running for Gabito. Processed: 207756 chunks (0.53%), ETA: 555:41:43, Rate: 19.4 cps, Current: -208, -29
[18:33:17] [Server thread/INFO]: [Chunky] Task running for Gabito. Processed: 207802 chunks (0.53%), ETA: 531:42:40, Rate: 20.3 cps, Current: -201, -32
[18:33:22] [Server thread/INFO]: [Chunky] Task running for Gabito. Processed: 207873 chunks (0.53%), ETA: 524:47:34, Rate: 20.6 cps, Current: -222, 0
[18:33:23] [Server thread/INFO]: [Chunky] Task running for Gabito. Processed: 207882 chunks (0.53%), ETA: 531:33:50, Rate: 20.3 cps, Current: -221, 1
[18:33:24] [Server thread/INFO]: [Chunky] Task running for Gabito. Processed: 207903 chunks (0.53%), ETA: 561:49:04, Rate: 19.2 cps, Current: -223, 2
[18:33:25] [Server thread/INFO]: [Chunky] Task running for Gabito. Processed: 207920 chunks (0.53%), ETA: 549:09:06, Rate: 19.7 cps, Current: -217, 1
[18:33:26] [Server thread/INFO]: [Chunky] Task running for Gabito. Processed: 207934 chunks (0.53%), ETA: 557:40:12, Rate: 19.4 cps, Current: -211, 0
[18:33:27] [Server thread/INFO]: [Chunky] Task running for Gabito. Processed: 207959 chunks (0.53%), ETA: 537:06:10, Rate: 20.1 cps, Current: -213, 3
[18:33:28] [Server thread/INFO]: [Chunky] Task running for Gabito. Processed: 207980 chunks (0.53%), ETA: 535:16:15, Rate: 20.2 cps, Current: -216, 8
[18:33:29] [Server thread/INFO]: [Chunky] Task running for Gabito. Processed: 207988 chunks (0.53%), ETA: 544:15:54, Rate: 19.8 cps, Current: -215, 9
[18:33:31] [Server thread/INFO]: [Chunky] Task running for Gabito. Processed: 208010 chunks (0.53%), ETA: 538:54:48, Rate: 20.0 cps, Current: -211, 9
[18:33:32] [Server thread/INFO]: [Chunky] Task running for Gabito. Processed: 208019 chunks (0.53%), ETA: 549:10:20, Rate: 19.7 cps, Current: -210, 8
[18:33:33] [Server thread/INFO]: [Chunky] Task running for Gabito. Processed: 208036 chunks (0.53%), ETA: 553:06:19, Rate: 19.5 cps, Current: -213, 13
[18:33:34] [Server thread/INFO]: [Chunky] Task running for Gabito. Processed: 208057 chunks (0.53%), ETA: 545:38:16, Rate: 19.8 cps, Current: -209, 12
[18:33:35] [Server thread/INFO]: [Chunky] Task running for Gabito. Processed: 208069 chunks (0.53%), ETA: 541:42:53, Rate: 19.9 cps, Current: -217, 14
[18:33:36] [Server thread/INFO]: [Chunky] Task running for Gabito. Processed: 208091 chunks (0.53%), ETA: 540:33:34, Rate: 20.0 cps, Current: -221, 9
[18:33:37] [Server thread/INFO]: [Chunky] Task running for Gabito. Processed: 208110 chunks (0.53%), ETA: 573:08:20, Rate: 18.8 cps, Current: -221, 14
[18:33:38] [Server thread/INFO]: [Chunky] Task running for Gabito. Processed: 208127 chunks (0.53%), ETA: 612:17:11, Rate: 17.6 cps, Current: -223, 13
[18:33:40] [Server thread/INFO]: [Chunky] Task running for Gabito. Processed: 208143 chunks (0.53%), ETA: 607:31:16, Rate: 17.8 cps, Current: -224, 12
[18:33:41] [Server thread/INFO]: [Chunky] Task running for Gabito. Processed: 208150 chunks (0.53%), ETA: 630:13:43, Rate: 17.1 cps, Current: -224, 15
[18:33:42] [Server thread/INFO]: [Chunky] Task running for Gabito. Processed: 208165 chunks (0.53%), ETA: 629:27:08, Rate: 17.2 cps, Current: -221, 21
[18:33:43] [Server thread/INFO]: [Chunky] Task running for Gabito. Processed: 208178 chunks (0.53%), ETA: 655:18:56, Rate: 16.5 cps, Current: -224, 20
[18:33:44] [Server thread/INFO]: [Chunky] Task running for Gabito. Processed: 208184 chunks (0.53%), ETA: 704:38:21, Rate: 15.3 cps, Current: -223, 23
[18:33:46] [Server thread/INFO]: [Chunky] Task running for Gabito. Processed: 208196 chunks (0.53%), ETA: 797:00:55, Rate: 13.5 cps, Current: -224, 22
[18:33:47] [Server thread/INFO]: [Chunky] Task running for Gabito. Processed: 208222 chunks (0.53%), ETA: 774:15:03, Rate: 13.9 cps, Current: -220, 29
[18:33:48] [Server thread/INFO]: [Chunky] Task running for Gabito. Processed: 208234 chunks (0.53%), ETA: 779:14:38, Rate: 13.9 cps, Current: -224, 30
[18:33:49] [Server thread/INFO]: [Chunky] Task running for Gabito. Processed: 208253 chunks (0.53%), ETA: 769:35:56, Rate: 14.0 cps, Current: -215, 25
[18:33:50] [Server thread/INFO]: [Chunky] Task running for Gabito. Processed: 208272 chunks (0.53%), ETA: 764:13:01, Rate: 14.1 cps, Current: -217, 31
[18:33:51] [Server thread/INFO]: [Chunky] Task running for Gabito. Processed: 208279 chunks (0.53%), ETA: 778:33:16, Rate: 13.9 cps, Current: -214, 30
[18:33:52] [Server thread/INFO]: [Chunky] Task running for Gabito. Processed: 208297 chunks (0.53%), ETA: 757:31:55, Rate: 14.3 cps, Current: -212, 24
[18:33:54] [Server thread/INFO]: [Chunky] Task running for Gabito. Processed: 208313 chunks (0.53%), ETA: 775:06:03, Rate: 13.9 cps, Current: -210, 26
[18:33:55] [Server thread/INFO]: [Chunky] Task running for Gabito. Processed: 208350 chunks (0.53%), ETA: 736:45:10, Rate: 14.7 cps, Current: -209, 25
[18:33:56] [Server thread/INFO]: [Chunky] Task running for Gabito. Processed: 208385 chunks (0.53%), ETA: 698:40:37, Rate: 15.5 cps, Current: -208, 16
[18:33:57] [Server thread/INFO]: [Chunky] Task running for Gabito. Processed: 208386 chunks (0.53%), ETA: 736:09:37, Rate: 14.7 cps, Current: -208, 17
[18:33:58] [Server thread/INFO]: [Chunky] Task running for Gabito. Processed: 208389 chunks (0.53%), ETA: 776:34:13, Rate: 13.9 cps, Current: -208, 19
[18:33:59] [Server thread/INFO]: [Chunky] Task running for Gabito. Processed: 208414 chunks (0.53%), ETA: 756:23:47, Rate: 14.3 cps, Current: -205, 17
[18:34:00] [Server thread/INFO]: [Chunky] Task running for Gabito. Processed: 208434 chunks (0.53%), ETA: 757:00:32, Rate: 14.3 cps, Current: -207, 23
[18:34:02] [Server thread/INFO]: [Chunky] Task running for Gabito. Processed: 208441 chunks (0.53%), ETA: 758:05:12, Rate: 14.2 cps, Current: -202, 16
[18:34:03] [Server thread/INFO]: [Chunky] Task running for Gabito. Processed: 208466 chunks (0.53%), ETA: 748:59:59, Rate: 14.4 cps, Current: -206, 27
[18:34:04] [Server thread/INFO]: [Chunky] Task running for Gabito. Processed: 208480 chunks (0.53%), ETA: 758:21:38, Rate: 14.2 cps, Current: -203, 24
[18:34:05] [Server thread/INFO]: [Chunky] Task running for Gabito. Processed: 208498 chunks (0.53%), ETA: 757:16:08, Rate: 14.3 cps, Current: -202, 26
[18:34:06] [Server thread/INFO]: [Chunky] Task running for Gabito. Processed: 208515 chunks (0.53%), ETA: 769:42:31, Rate: 14.0 cps, Current: -204, 31
[18:34:08] [Server thread/INFO]: [Chunky] Task running for Gabito. Processed: 208531 chunks (0.53%), ETA: 774:18:37, Rate: 13.9 cps, Current: -197, 29
[18:34:09] [Server thread/INFO]: [Chunky] Task running for Gabito. Processed: 208581 chunks (0.53%), ETA: 715:35:17, Rate: 15.1 cps, Current: -195, 23
[18:34:10] [Server thread/INFO]: [Chunky] Task running for Gabito. Processed: 208622 chunks (0.53%), ETA: 676:04:05, Rate: 16.0 cps, Current: -194, 18
[18:34:11] [Server thread/INFO]: [Chunky] Task running for Gabito. Processed: 208646 chunks (0.53%), ETA: 652:54:06, Rate: 16.5 cps, Current: -193, 12
[18:34:12] [Server thread/INFO]: [Chunky] Task running for Gabito. Processed: 208650 chunks (0.53%), ETA: 660:49:42, Rate: 16.3 cps, Current: -194, 13
[18:34:13] [Server thread/INFO]: [Chunky] Task running for Gabito. Processed: 208670 chunks (0.53%), ETA: 656:04:18, Rate: 16.5 cps, Current: -198, 15
[18:34:14] [Server thread/INFO]: [Chunky] Task running for Gabito. Processed: 208684 chunks (0.53%), ETA: 645:55:07, Rate: 16.7 cps, Current: -201, 15
[18:34:15] [Server thread/INFO]: [Chunky] Task running for Gabito. Processed: 208703 chunks (0.53%), ETA: 625:46:31, Rate: 17.3 cps, Current: -201, 14
[18:34:16] [Server thread/INFO]: [Chunky] Task running for Gabito. Processed: 208727 chunks (0.53%), ETA: 627:14:44, Rate: 17.2 cps, Current: -201, 12
[18:34:18] [Server thread/INFO]: [Chunky] Task running for Gabito. Processed: 208755 chunks (0.53%), ETA: 613:58:32, Rate: 17.6 cps, Current: -207, 9
[18:34:19] [Server thread/INFO]: [Chunky] Task running for Gabito. Processed: 208787 chunks (0.53%), ETA: 599:07:00, Rate: 18.0 cps, Current: -207, 5
[18:34:20] [Server thread/INFO]: [Chunky] Task running for Gabito. Processed: 208807 chunks (0.53%), ETA: 594:55:01, Rate: 18.1 cps, Current: -205, 0
[18:34:24] [Server thread/INFO]: [Chunky] Task running for Gabito. Processed: 208897 chunks (0.53%), ETA: 571:38:37, Rate: 18.9 cps, Current: -222, 32
[18:34:25] [Server thread/INFO]: [Chunky] Task running for Gabito. Processed: 208900 chunks (0.53%), ETA: 609:33:48, Rate: 17.7 cps, Current: -224, 32
[18:34:26] [Server thread/INFO]: [Chunky] Task running for Gabito. Processed: 208927 chunks (0.53%), ETA: 583:36:30, Rate: 18.5 cps, Current: -223, 34
[18:34:27] [Server thread/INFO]: [Chunky] Task running for Gabito. Processed: 208947 chunks (0.53%), ETA: 563:49:55, Rate: 19.1 cps, Current: -214, 32
[18:34:28] [Server thread/INFO]: [Chunky] Task running for Gabito. Processed: 208973 chunks (0.53%), ETA: 556:34:42, Rate: 19.4 cps, Current: -216, 34
[18:34:29] [Server thread/INFO]: [Chunky] Task running for Gabito. Processed: 208988 chunks (0.53%), ETA: 563:05:16, Rate: 19.2 cps, Current: -215, 36
[18:34:30] [Server thread/INFO]: [Chunky] Task running for Gabito. Processed: 209005 chunks (0.53%), ETA: 553:33:48, Rate: 19.5 cps, Current: -210, 35
[18:34:32] [Server thread/INFO]: [Chunky] Task running for Gabito. Processed: 209021 chunks (0.53%), ETA: 564:09:51, Rate: 19.1 cps, Current: -216, 41
[18:34:33] [Server thread/INFO]: [Chunky] Task running for Gabito. Processed: 209036 chunks (0.53%), ETA: 559:03:13, Rate: 19.3 cps, Current: -210, 39
[18:34:34] [Server thread/INFO]: [Chunky] Task running for Gabito. Processed: 209044 chunks (0.53%), ETA: 568:14:07, Rate: 19.0 cps, Current: -212, 43
[18:34:35] [Server thread/INFO]: [Chunky] Task running for Gabito. Processed: 209062 chunks (0.54%), ETA: 564:51:56, Rate: 19.1 cps, Current: -213, 45
[18:34:36] [Server thread/INFO]: [Chunky] Task running for Gabito. Processed: 209081 chunks (0.54%), ETA: 558:00:08, Rate: 19.3 cps, Current: -209, 44
[18:34:37] [Server thread/INFO]: [Chunky] Task running for Gabito. Processed: 209093 chunks (0.54%), ETA: 601:38:45, Rate: 17.9 cps, Current: -218, 46
[18:34:38] [Server thread/INFO]: [Chunky] Task running for Gabito. Processed: 209121 chunks (0.54%), ETA: 595:47:32, Rate: 18.1 cps, Current: -218, 47
[18:34:39] [Server thread/INFO]: [Chunky] Task running for Gabito. Processed: 209137 chunks (0.54%), ETA: 593:43:27, Rate: 18.2 cps, Current: -223, 42
[18:34:41] [Server thread/INFO]: [Chunky] Task running for Gabito. Processed: 209151 chunks (0.54%), ETA: 632:06:39, Rate: 17.1 cps, Current: -222, 49
[18:34:42] [Server thread/INFO]: [Chunky] Task running for Gabito. Processed: 209167 chunks (0.54%), ETA: 614:55:01, Rate: 17.6 cps, Current: -224, 44
[18:34:43] [Server thread/INFO]: [Chunky] Task running for Gabito. Processed: 209172 chunks (0.54%), ETA: 643:37:17, Rate: 16.8 cps, Current: -219, 52
[18:34:44] [Server thread/INFO]: [Chunky] Task running for Gabito. Processed: 209186 chunks (0.54%), ETA: 648:09:54, Rate: 16.7 cps, Current: -223, 51
[18:34:45] [Server thread/INFO]: [Chunky] Task running for Gabito. Processed: 209195 chunks (0.54%), ETA: 666:48:01, Rate: 16.2 cps, Current: -220, 54
[18:34:46] [Server thread/INFO]: [Chunky] Task running for Gabito. Processed: 209201 chunks (0.54%), ETA: 694:00:53, Rate: 15.6 cps, Current: -217, 52
[18:34:47] [Server thread/INFO]: [Chunky] Task running for Gabito. Processed: 209204 chunks (0.54%), ETA: 714:24:39, Rate: 15.1 cps, Current: -217, 53
[18:34:48] [Server thread/INFO]: [Chunky] Task running for Gabito. Processed: 209216 chunks (0.54%), ETA: 748:16:00, Rate: 14.4 cps, Current: -224, 53
[18:34:50] [Server thread/INFO]: [Chunky] Task running for Gabito. Processed: 209221 chunks (0.54%), ETA: 779:30:02, Rate: 13.8 cps, Current: -221, 56
[18:34:51] [Server thread/INFO]: [Chunky] Task running for Gabito. Processed: 209246 chunks (0.54%), ETA: 830:55:30, Rate: 13.0 cps, Current: -219, 57
[18:34:52] [Server thread/INFO]: [Chunky] Task running for Gabito. Processed: 209260 chunks (0.54%), ETA: 830:06:31, Rate: 13.0 cps, Current: -217, 56
[18:34:53] [Server thread/INFO]: [Chunky] Task running for Gabito. Processed: 209279 chunks (0.54%), ETA: 825:36:02, Rate: 13.1 cps, Current: -217, 61
[18:34:54] [Server thread/INFO]: [Chunky] Task running for Gabito. Processed: 209297 chunks (0.54%), ETA: 795:14:39, Rate: 13.6 cps, Current: -216, 62
[18:34:55] [Server thread/INFO]: [Chunky] Task running for Gabito. Processed: 209307 chunks (0.54%), ETA: 826:03:06, Rate: 13.1 cps, Current: -211, 61
[18:34:56] [Server thread/INFO]: [Chunky] Task running for Gabito. Processed: 209324 chunks (0.54%), ETA: 834:56:57, Rate: 12.9 cps, Current: -210, 62
[18:34:58] [Server thread/INFO]: [Chunky] Task running for Gabito. Processed: 209337 chunks (0.54%), ETA: 876:06:15, Rate: 12.3 cps, Current: -216, 54
[18:34:59] [Server thread/INFO]: [Chunky] Task running for Gabito. Processed: 209374 chunks (0.54%), ETA: 824:20:46, Rate: 13.1 cps, Current: -214, 52
[18:35:00] [Server thread/INFO]: [Chunky] Task running for Gabito. Processed: 209409 chunks (0.54%), ETA: 788:30:27, Rate: 13.7 cps, Current: -208, 48
[18:35:02] [Server thread/INFO]: [Chunky] Task running for Gabito. Processed: 209411 chunks (0.54%), ETA: 823:56:49, Rate: 13.1 cps, Current: -208, 50
[18:35:03] [Server thread/INFO]: [Chunky] Task running for Gabito. Processed: 209414 chunks (0.54%), ETA: 851:32:41, Rate: 12.7 cps, Current: -207, 51
[18:35:04] [Server thread/INFO]: [Chunky] Task running for Gabito. Processed: 209440 chunks (0.54%), ETA: 823:15:29, Rate: 13.1 cps, Current: -203, 49
[18:35:05] [Server thread/INFO]: [Chunky] Task running for Gabito. Processed: 209459 chunks (0.54%), ETA: 830:22:45, Rate: 13.0 cps, Current: -208, 58
[18:35:06] [Server thread/INFO]: [Chunky] Task running for Gabito. Processed: 209482 chunks (0.54%), ETA: 806:19:47, Rate: 13.4 cps, Current: -207, 61
[18:35:07] [Server thread/INFO]: [Chunky] Task running for Gabito. Processed: 209501 chunks (0.54%), ETA: 820:05:49, Rate: 13.2 cps, Current: -204, 58
[18:35:08] [Server thread/INFO]: [Chunky] Task running for Gabito. Processed: 209516 chunks (0.54%), ETA: 817:28:02, Rate: 13.2 cps, Current: -200, 56
[18:35:09] [Server thread/INFO]: [Chunky] Task running for Gabito. Processed: 209523 chunks (0.54%), ETA: 834:01:23, Rate: 12.9 cps, Current: -202, 59
[18:35:10] [Server thread/INFO]: [Chunky] Task running for Gabito. Processed: 209539 chunks (0.54%), ETA: 829:34:06, Rate: 13.0 cps, Current: -201, 61
[18:35:11] [Server thread/INFO]: [Chunky] Task running for Gabito. Processed: 209554 chunks (0.54%), ETA: 830:37:15, Rate: 13.0 cps, Current: -197, 61
[18:35:12] [Server thread/INFO]: [Chunky] Task running for Gabito. Processed: 209605 chunks (0.54%), ETA: 732:05:03, Rate: 14.7 cps, Current: -195, 55
[18:35:14] [Server thread/INFO]: [Chunky] Task running for Gabito. Processed: 209652 chunks (0.54%), ETA: 680:33:35, Rate: 15.9 cps, Current: -198, 49
[18:35:15] [Server thread/INFO]: [Chunky] Task running for Gabito. Processed: 209666 chunks (0.54%), ETA: 674:21:23, Rate: 16.0 cps, Current: -193, 46
[18:35:16] [Server thread/INFO]: [Chunky] Task running for Gabito. Processed: 209676 chunks (0.54%), ETA: 666:49:47, Rate: 16.2 cps, Current: -194, 45
[18:35:17] [Server thread/INFO]: [Chunky] Task running for Gabito. Processed: 209696 chunks (0.54%), ETA: 642:56:14, Rate: 16.8 cps, Current: -195, 42
[18:35:18] [Server thread/INFO]: [Chunky] Task running for Gabito. Processed: 209707 chunks (0.54%), ETA: 645:27:03, Rate: 16.7 cps, Current: -199, 46
[18:35:19] [Server thread/INFO]: [Chunky] Task running for Gabito. Processed: 209735 chunks (0.54%), ETA: 613:53:57, Rate: 17.6 cps, Current: -200, 45
[18:35:20] [Server thread/INFO]: [Chunky] Task running for Gabito. Processed: 209751 chunks (0.54%), ETA: 626:17:25, Rate: 17.2 cps, Current: -206, 44
[18:35:21] [Server thread/INFO]: [Chunky] Task running for Gabito. Processed: 209788 chunks (0.54%), ETA: 599:41:32, Rate: 18.0 cps, Current: -207, 40
[18:35:22] [Server thread/INFO]: [Chunky] Task running for Gabito. Processed: 209803 chunks (0.54%), ETA: 602:23:24, Rate: 17.9 cps, Current: -203, 38
[18:35:23] [Server thread/INFO]: [Chunky] Task running for Gabito. Processed: 209854 chunks (0.54%), ETA: 563:58:40, Rate: 19.1 cps, Current: -201, 35
[18:35:28] [Server thread/INFO]: [Chunky] Task running for Gabito. Processed: 209921 chunks (0.54%), ETA: 552:42:39, Rate: 19.5 cps, Current: -222, 64
[18:35:29] [Server thread/INFO]: [Chunky] Task running for Gabito. Processed: 209941 chunks (0.54%), ETA: 587:33:12, Rate: 18.4 cps, Current: -223, 65
[18:35:30] [Server thread/INFO]: [Chunky] Task running for Gabito. Processed: 209968 chunks (0.54%), ETA: 557:41:18, Rate: 19.4 cps, Current: -224, 66
[18:35:31] [Server thread/INFO]: [Chunky] Task running for Gabito. Processed: 209996 chunks (0.54%), ETA: 549:54:21, Rate: 19.6 cps, Current: -213, 65
[18:35:33] [Server thread/INFO]: [Chunky] Task running for Gabito. Processed: 210017 chunks (0.54%), ETA: 536:18:21, Rate: 20.1 cps, Current: -209, 65
[18:35:34] [Server thread/INFO]: [Chunky] Task running for Gabito. Processed: 210031 chunks (0.54%), ETA: 544:04:36, Rate: 19.8 cps, Current: -209, 66
[18:35:35] [Server thread/INFO]: [Chunky] Task running for Gabito. Processed: 210050 chunks (0.54%), ETA: 537:04:25, Rate: 20.1 cps, Current: -211, 71
[18:35:36] [Server thread/INFO]: [Chunky] Task running for Gabito. Processed: 210067 chunks (0.54%), ETA: 549:53:11, Rate: 19.6 cps, Current: -210, 72
[18:35:37] [Server thread/INFO]: [Chunky] Task running for Gabito. Processed: 210086 chunks (0.54%), ETA: 553:27:36, Rate: 19.5 cps, Current: -213, 77
[18:35:39] [Server thread/INFO]: [Chunky] Task running for Gabito. Processed: 210106 chunks (0.54%), ETA: 553:31:37, Rate: 19.5 cps, Current: -214, 78
[18:35:40] [Server thread/INFO]: [Chunky] Task running for Gabito. Processed: 210128 chunks (0.54%), ETA: 539:23:52, Rate: 20.0 cps, Current: -221, 72
[18:35:41] [Server thread/INFO]: [Chunky] Task running for Gabito. Processed: 210150 chunks (0.54%), ETA: 534:38:19, Rate: 20.2 cps, Current: -222, 74
[18:35:42] [Server thread/INFO]: [Chunky] Task running for Gabito. Processed: 210166 chunks (0.54%), ETA: 533:34:21, Rate: 20.2 cps, Current: -222, 80
[18:35:43] [Server thread/INFO]: [Chunky] Task running for Gabito. Processed: 210178 chunks (0.54%), ETA: 569:20:11, Rate: 19.0 cps, Current: -219, 81
[18:35:44] [Server thread/INFO]: [Chunky] Task running for Gabito. Processed: 210191 chunks (0.54%), ETA: 604:08:37, Rate: 17.9 cps, Current: -224, 76
[18:35:45] [Server thread/INFO]: [Chunky] Task running for Gabito. Processed: 210195 chunks (0.54%), ETA: 616:21:27, Rate: 17.5 cps, Current: -218, 82
[18:35:48] [Server thread/INFO]: [Chunky] Task running for Gabito. Processed: 210211 chunks (0.54%), ETA: 633:30:32, Rate: 17.0 cps, Current: -217, 82
[18:35:49] [Server thread/INFO]: [Chunky] Task running for Gabito. Processed: 210223 chunks (0.54%), ETA: 656:47:52, Rate: 16.4 cps, Current: -222, 86
[18:35:50] [Server thread/INFO]: [Chunky] Task running for Gabito. Processed: 210227 chunks (0.54%), ETA: 675:18:01, Rate: 16.0 cps, Current: -223, 85
[18:35:51] [Server thread/INFO]: [Chunky] Task running for Gabito. Processed: 210229 chunks (0.54%), ETA: 734:27:12, Rate: 14.7 cps, Current: -222, 87
[18:35:52] [Server thread/INFO]: [Chunky] Task running for Gabito. Processed: 210244 chunks (0.54%), ETA: 733:11:02, Rate: 14.7 cps, Current: -224, 86
[18:35:53] [Server thread/INFO]: [Chunky] Task running for Gabito. Processed: 210263 chunks (0.54%), ETA: 791:32:23, Rate: 13.6 cps, Current: -220, 91
[18:35:55] [Server thread/INFO]: [Chunky] Task running for Gabito. Processed: 210276 chunks (0.54%), ETA: 808:08:06, Rate: 13.4 cps, Current: -218, 88
[18:35:56] [Server thread/INFO]: [Chunky] Task running for Gabito. Processed: 210288 chunks (0.54%), ETA: 811:08:54, Rate: 13.3 cps, Current: -219, 94
[18:35:57] [Server thread/INFO]: [Chunky] Task running for Gabito. Processed: 210307 chunks (0.54%), ETA: 799:14:52, Rate: 13.5 cps, Current: -215, 88
[18:35:58] [Server thread/INFO]: [Chunky] Task running for Gabito. Processed: 210322 chunks (0.54%), ETA: 798:56:19, Rate: 13.5 cps, Current: -214, 88
[18:35:59] [Server thread/INFO]: [Chunky] Task running for Gabito. Processed: 210338 chunks (0.54%), ETA: 803:26:30, Rate: 13.4 cps, Current: -212, 90
[18:36:00] [Server thread/INFO]: [Chunky] Task running for Gabito. Processed: 210352 chunks (0.54%), ETA: 823:38:40, Rate: 13.1 cps, Current: -210, 91
[18:36:01] [Server thread/INFO]: [Chunky] Task running for Gabito. Processed: 210362 chunks (0.54%), ETA: 867:57:12, Rate: 12.4 cps, Current: -212, 95
[18:36:02] [Server thread/INFO]: [Chunky] Task running for Gabito. Processed: 210419 chunks (0.54%), ETA: 794:21:05, Rate: 13.6 cps, Current: -210, 84
[18:36:05] [Server thread/INFO]: [Chunky] Task running for Gabito. Processed: 210434 chunks (0.54%), ETA: 837:04:18, Rate: 12.9 cps, Current: -208, 81
[18:36:06] [Server thread/INFO]: [Chunky] Task running for Gabito. Processed: 210435 chunks (0.54%), ETA: 891:38:49, Rate: 12.1 cps, Current: -208, 82
[18:36:07] [Server thread/INFO]: [Chunky] Task running for Gabito. Processed: 210460 chunks (0.54%), ETA: 872:59:07, Rate: 12.4 cps, Current: -204, 85
[18:36:09] [Server thread/INFO]: [Chunky] Task running for Gabito. Processed: 210462 chunks (0.54%), ETA: 919:08:46, Rate: 11.7 cps, Current: -205, 81
[18:36:11] [Server thread/INFO]: [Chunky] Task running for Gabito. Processed: 210484 chunks (0.54%), ETA: 1017:11:27, Rate: 10.6 cps, Current: -206, 87
[18:36:12] [Server thread/INFO]: [Chunky] Task running for Gabito. Processed: 210504 chunks (0.54%), ETA: 985:22:03, Rate: 11.0 cps, Current: -205, 87
[18:36:14] [Server thread/INFO]: [Chunky] Task running for Gabito. Processed: 210528 chunks (0.54%), ETA: 928:25:44, Rate: 11.6 cps, Current: -207, 95
[18:36:15] [Server thread/INFO]: [Chunky] Task running for Gabito. Processed: 210541 chunks (0.54%), ETA: 939:09:36, Rate: 11.5 cps, Current: -202, 89
[18:36:16] [Server thread/INFO]: [Chunky] Task running for Gabito. Processed: 210556 chunks (0.54%), ETA: 897:00:31, Rate: 12.0 cps, Current: -201, 91
[18:36:17] [Server thread/INFO]: [Chunky] Task running for Gabito. Processed: 210572 chunks (0.54%), ETA: 888:40:29, Rate: 12.1 cps, Current: -198, 88
[18:36:19] [Server thread/INFO]: [Chunky] Task running for Gabito. Processed: 210626 chunks (0.54%), ETA: 782:39:30, Rate: 13.8 cps, Current: -193, 86
[18:36:20] [Server thread/INFO]: [Chunky] Task running for Gabito. Processed: 210649 chunks (0.54%), ETA: 750:20:56, Rate: 14.4 cps, Current: -200, 84
[18:36:21] [Server thread/INFO]: [Chunky] Task running for Gabito. Processed: 210693 chunks (0.54%), ETA: 699:05:42, Rate: 15.4 cps, Current: -193, 77
[18:36:22] [Server thread/INFO]: [Chunky] Task running for Gabito. Processed: 210709 chunks (0.54%), ETA: 695:00:26, Rate: 15.5 cps, Current: -196, 78
[18:36:23] [Server thread/INFO]: [Chunky] Task running for Gabito. Processed: 210731 chunks (0.54%), ETA: 687:23:03, Rate: 15.7 cps, Current: -200, 79
[18:36:24] [Server thread/INFO]: [Chunky] Task running for Gabito. Processed: 210759 chunks (0.54%), ETA: 666:02:48, Rate: 16.2 cps, Current: -196, 72
[18:36:26] [Server thread/INFO]: [Chunky] Task running for Gabito. Processed: 210802 chunks (0.54%), ETA: 631:22:56, Rate: 17.1 cps, Current: -200, 72
[18:36:27] [Server thread/INFO]: [Chunky] Task running for Gabito. Processed: 210812 chunks (0.54%), ETA: 639:41:19, Rate: 16.9 cps, Current: -207, 72
[18:36:28] [Server thread/INFO]: [Chunky] Task running for Gabito. Processed: 210839 chunks (0.54%), ETA: 617:41:06, Rate: 17.5 cps, Current: -203, 70
[18:36:29] [Server thread/INFO]: [Chunky] Task running for Gabito. Processed: 210882 chunks (0.54%), ETA: 589:43:26, Rate: 18.3 cps, Current: -197, 64
[18:36:30] [Server thread/INFO]: [Chunky] Task running for Gabito. Processed: 210945 chunks (0.54%), ETA: 548:06:04, Rate: 19.7 cps, Current: -222, 96
[18:36:32] [Server thread/INFO]: [Chunky] Task running for Gabito. Processed: 210947 chunks (0.54%), ETA: 571:16:59, Rate: 18.9 cps, Current: -221, 96
[18:36:33] [Server thread/INFO]: [Chunky] Task running for Gabito. Processed: 210973 chunks (0.54%), ETA: 566:46:01, Rate: 19.0 cps, Current: -218, 96
[18:36:34] [Server thread/INFO]: [Chunky] Task running for Gabito. Processed: 210990 chunks (0.54%), ETA: 570:35:40, Rate: 18.9 cps, Current: -217, 96
[18:36:35] [Server thread/INFO]: [Chunky] Task running for Gabito. Processed: 211000 chunks (0.54%), ETA: 553:36:21, Rate: 19.5 cps, Current: -212, 96
[18:36:36] [Server thread/INFO]: [Chunky] Task running for Gabito. Processed: 211027 chunks (0.54%), ETA: 546:29:11, Rate: 19.8 cps, Current: -213, 98
[18:36:37] [Server thread/INFO]: [Chunky] Task running for Gabito. Processed: 211047 chunks (0.54%), ETA: 546:19:53, Rate: 19.8 cps, Current: -215, 101
[18:36:38] [Server thread/INFO]: [Chunky] Task running for Gabito. Processed: 211060 chunks (0.54%), ETA: 531:40:00, Rate: 20.3 cps, Current: -210, 101
[18:36:39] [Server thread/INFO]: [Chunky] Task running for Gabito. Processed: 211079 chunks (0.54%), ETA: 504:26:15, Rate: 21.4 cps, Current: -211, 104
[18:36:40] [Server thread/INFO]: [Chunky] Task running for Gabito. Processed: 211090 chunks (0.54%), ETA: 515:43:52, Rate: 20.9 cps, Current: -211, 106
[18:36:42] [Server thread/INFO]: [Chunky] Task running for Gabito. Processed: 211108 chunks (0.54%), ETA: 521:03:29, Rate: 20.7 cps, Current: -216, 108
[18:36:43] [Server thread/INFO]: [Chunky] Task running for Gabito. Processed: 211129 chunks (0.54%), ETA: 523:37:06, Rate: 20.6 cps, Current: -218, 109
[18:36:44] [Server thread/INFO]: [Chunky] Task running for Gabito. Processed: 211143 chunks (0.54%), ETA: 515:12:46, Rate: 21.0 cps, Current: -220, 104
[18:36:45] [Server thread/INFO]: [Chunky] Task running for Gabito. Processed: 211169 chunks (0.54%), ETA: 504:36:39, Rate: 21.4 cps, Current: -218, 111
[18:36:46] [Server thread/INFO]: [Chunky] Task running for Gabito. Processed: 211186 chunks (0.54%), ETA: 508:29:01, Rate: 21.2 cps, Current: -223, 106
[18:36:47] [Server thread/INFO]: [Chunky] Task running for Gabito. Processed: 211202 chunks (0.54%), ETA: 510:40:23, Rate: 21.1 cps, Current: -219, 113
[18:36:48] [Server thread/INFO]: [Chunky] Task running for Gabito. Processed: 211216 chunks (0.54%), ETA: 537:02:05, Rate: 20.1 cps, Current: -224, 109
[18:36:49] [Server thread/INFO]: [Chunky] Task running for Gabito. Processed: 211226 chunks (0.54%), ETA: 542:55:52, Rate: 19.9 cps, Current: -220, 115
[18:36:51] [Server thread/INFO]: [Chunky] Task running for Gabito. Processed: 211235 chunks (0.54%), ETA: 582:50:13, Rate: 18.5 cps, Current: -217, 114
[18:36:52] [Server thread/INFO]: [Chunky] Task running for Gabito. Processed: 211250 chunks (0.54%), ETA: 589:50:52, Rate: 18.3 cps, Current: -224, 116
[18:36:53] [Server thread/INFO]: [Chunky] Task running for Gabito. Processed: 211255 chunks (0.54%), ETA: 609:37:34, Rate: 17.7 cps, Current: -221, 119
[18:36:54] [Server thread/INFO]: [Chunky] Task running for Gabito. Processed: 211267 chunks (0.54%), ETA: 632:07:08, Rate: 17.1 cps, Current: -224, 118
[18:36:55] [Server thread/INFO]: [Chunky] Task running for Gabito. Processed: 211293 chunks (0.54%), ETA: 653:40:29, Rate: 16.5 cps, Current: -220, 125
[18:36:56] [Server thread/INFO]: [Chunky] Task running for Gabito. Processed: 211305 chunks (0.54%), ETA: 651:56:45, Rate: 16.6 cps, Current: -217, 120
[18:36:58] [Server thread/INFO]: [Chunky] Task running for Gabito. Processed: 211325 chunks (0.54%), ETA: 662:46:46, Rate: 16.3 cps, Current: -217, 124
[18:36:59] [Server thread/INFO]: [Chunky] Task running for Gabito. Processed: 211345 chunks (0.54%), ETA: 697:47:46, Rate: 15.5 cps, Current: -216, 126
[18:37:00] [Server thread/INFO]: [Chunky] Task running for Gabito. Processed: 211356 chunks (0.54%), ETA: 775:07:27, Rate: 13.9 cps, Current: -212, 124
[18:37:01] [Server thread/INFO]: [Chunky] Task running for Gabito. Processed: 211372 chunks (0.54%), ETA: 740:01:14, Rate: 14.6 cps, Current: -214, 127
[18:37:02] [Server thread/INFO]: [Chunky] Task running for Gabito. Processed: 211385 chunks (0.54%), ETA: 760:38:52, Rate: 14.2 cps, Current: -212, 127
[18:37:03] [Server thread/INFO]: [Chunky] Task running for Gabito. Processed: 211438 chunks (0.54%), ETA: 704:42:31, Rate: 15.3 cps, Current: -211, 116
[18:37:04] [Server thread/INFO]: [Chunky] Task running for Gabito. Processed: 211457 chunks (0.54%), ETA: 690:45:57, Rate: 15.6 cps, Current: -208, 112
[18:37:06] [Server thread/INFO]: [Chunky] Task running for Gabito. Processed: 211459 chunks (0.54%), ETA: 739:29:57, Rate: 14.6 cps, Current: -208, 114
[18:37:07] [Server thread/INFO]: [Chunky] Task running for Gabito. Processed: 211486 chunks (0.54%), ETA: 732:17:51, Rate: 14.7 cps, Current: -205, 113
[18:37:08] [Server thread/INFO]: [Chunky] Task running for Gabito. Processed: 211507 chunks (0.54%), ETA: 732:16:35, Rate: 14.7 cps, Current: -208, 122
[18:37:09] [Server thread/INFO]: [Chunky] Task running for Gabito. Processed: 211523 chunks (0.54%), ETA: 721:19:38, Rate: 15.0 cps, Current: -207, 122
[18:37:10] [Server thread/INFO]: [Chunky] Task running for Gabito. Processed: 211543 chunks (0.54%), ETA: 713:22:35, Rate: 15.1 cps, Current: -205, 123
[18:37:12] [Server thread/INFO]: [Chunky] Task running for Gabito. Processed: 211565 chunks (0.54%), ETA: 710:39:28, Rate: 15.2 cps, Current: -205, 126
[18:37:13] [Server thread/INFO]: [Chunky] Task running for Gabito. Processed: 211580 chunks (0.54%), ETA: 726:05:08, Rate: 14.9 cps, Current: -201, 123
[18:37:14] [Server thread/INFO]: [Chunky] Task running for Gabito. Processed: 211596 chunks (0.54%), ETA: 723:18:53, Rate: 14.9 cps, Current: -198, 124
[18:37:15] [Server thread/INFO]: [Chunky] Task running for Gabito. Processed: 211651 chunks (0.54%), ETA: 677:12:10, Rate: 15.9 cps, Current: -193, 117
[18:37:16] [Server thread/INFO]: [Chunky] Task running for Gabito. Processed: 211667 chunks (0.54%), ETA: 678:42:00, Rate: 15.9 cps, Current: -194, 117
[18:37:18] [Server thread/INFO]: [Chunky] Task running for Gabito. Processed: 211719 chunks (0.54%), ETA: 634:41:49, Rate: 17.0 cps, Current: -193, 107
[18:37:19] [Server thread/INFO]: [Chunky] Task running for Gabito. Processed: 211727 chunks (0.54%), ETA: 629:13:04, Rate: 17.2 cps, Current: -194, 108
[18:37:20] [Server thread/INFO]: [Chunky] Task running for Gabito. Processed: 211750 chunks (0.54%), ETA: 626:26:38, Rate: 17.2 cps, Current: -199, 111
[18:37:22] [Server thread/INFO]: [Chunky] Task running for Gabito. Processed: 211774 chunks (0.54%), ETA: 611:09:36, Rate: 17.7 cps, Current: -199, 105
[18:37:23] [Server thread/INFO]: [Chunky] Task running for Gabito. Processed: 211794 chunks (0.54%), ETA: 594:56:34, Rate: 18.1 cps, Current: -208, 107
[18:37:24] [Server thread/INFO]: [Chunky] Task running for Gabito. Processed: 211835 chunks (0.54%), ETA: 559:15:03, Rate: 19.3 cps, Current: -202, 104
[18:37:25] [Server thread/INFO]: [Chunky] Task running for Gabito. Processed: 211858 chunks (0.54%), ETA: 562:39:12, Rate: 19.2 cps, Current: -207, 99
[18:37:26] [Server thread/INFO]: [Chunky] Task running for Gabito. Processed: 211905 chunks (0.54%), ETA: 530:02:51, Rate: 20.4 cps, Current: -200, 96
[18:37:28] [Server thread/INFO]: [Chunky] Task running for Gabito. Processed: 211969 chunks (0.54%), ETA: 512:00:26, Rate: 21.1 cps, Current: -222, 128
[18:37:29] [Server thread/INFO]: [Chunky] Task running for Gabito. Processed: 211972 chunks (0.54%), ETA: 517:30:31, Rate: 20.9 cps, Current: -224, 128
[18:37:31] [Server thread/INFO]: [Chunky] Task running for Gabito. Processed: 211998 chunks (0.54%), ETA: 509:53:32, Rate: 21.2 cps, Current: -218, 128
[18:37:33] [Server thread/INFO]: [Chunky] Task running for Gabito. Processed: 212020 chunks (0.54%), ETA: 541:36:55, Rate: 19.9 cps, Current: -217, 130
[18:37:34] [Server thread/INFO]: [Chunky] Task running for Gabito. Processed: 212052 chunks (0.54%), ETA: 533:43:53, Rate: 20.2 cps, Current: -216, 131
[18:37:35] [Server thread/INFO]: [Chunky] Task running for Gabito. Processed: 212077 chunks (0.54%), ETA: 509:02:01, Rate: 21.2 cps, Current: -210, 131
[18:37:36] [Server thread/INFO]: [Chunky] Task running for Gabito. Processed: 212091 chunks (0.54%), ETA: 517:31:50, Rate: 20.9 cps, Current: -209, 131
[18:37:37] [Server thread/INFO]: [Chunky] Task running for Gabito. Processed: 212108 chunks (0.54%), ETA: 518:08:09, Rate: 20.8 cps, Current: -216, 138
[18:37:38] [Server thread/INFO]: [Chunky] Task running for Gabito. Processed: 212115 chunks (0.54%), ETA: 530:52:53, Rate: 20.3 cps, Current: -210, 136
[18:37:39] [Server thread/INFO]: [Chunky] Task running for Gabito. Processed: 212128 chunks (0.54%), ETA: 533:13:27, Rate: 20.2 cps, Current: -210, 139
[18:37:41] [Server thread/INFO]: [Chunky] Task running for Gabito. Processed: 212133 chunks (0.54%), ETA: 556:47:17, Rate: 19.4 cps, Current: -216, 140
[18:37:42] [Server thread/INFO]: [Chunky] Task running for Gabito. Processed: 212140 chunks (0.54%), ETA: 558:52:17, Rate: 19.3 cps, Current: -209, 138
[18:37:43] [Server thread/INFO]: [Chunky] Task running for Gabito. Processed: 212153 chunks (0.54%), ETA: 567:13:36, Rate: 19.0 cps, Current: -209, 140
[18:37:45] [Server thread/INFO]: [Chunky] Task running for Gabito. Processed: 212163 chunks (0.54%), ETA: 615:40:17, Rate: 17.5 cps, Current: -217, 142
[18:37:46] [Server thread/INFO]: [Chunky] Task running for Gabito. Processed: 212188 chunks (0.54%), ETA: 612:25:28, Rate: 17.6 cps, Current: -222, 137
[18:37:47] [Server thread/INFO]: [Chunky] Task running for Gabito. Processed: 212203 chunks (0.54%), ETA: 649:11:46, Rate: 16.6 cps, Current: -220, 142
[18:37:48] [Server thread/INFO]: [Chunky] Task running for Gabito. Processed: 212215 chunks (0.54%), ETA: 645:06:23, Rate: 16.7 cps, Current: -223, 139
[18:37:49] [Server thread/INFO]: [Chunky] Task running for Gabito. Processed: 212230 chunks (0.54%), ETA: 636:10:04, Rate: 17.0 cps, Current: -223, 143
[18:37:50] [Server thread/INFO]: [Chunky] Task running for Gabito. Processed: 212242 chunks (0.54%), ETA: 646:04:13, Rate: 16.7 cps, Current: -218, 146
[18:37:51] [Server thread/INFO]: [Chunky] Task running for Gabito. Processed: 212260 chunks (0.54%), ETA: 656:29:25, Rate: 16.4 cps, Current: -221, 148
[18:37:52] [Server thread/INFO]: [Chunky] Task running for Gabito. Processed: 212273 chunks (0.54%), ETA: 664:33:25, Rate: 16.2 cps, Current: -217, 148
[18:37:54] [Server thread/INFO]: [Chunky] Task running for Gabito. Processed: 212277 chunks (0.54%), ETA: 724:47:21, Rate: 14.9 cps, Current: -222, 151
[18:37:55] [Server thread/INFO]: [Chunky] Task running for Gabito. Processed: 212292 chunks (0.54%), ETA: 742:03:51, Rate: 14.5 cps, Current: -224, 150
[18:37:56] [Server thread/INFO]: [Chunky] Task running for Gabito. Processed: 212307 chunks (0.54%), ETA: 800:43:09, Rate: 13.5 cps, Current: -220, 152
[18:37:57] [Server thread/INFO]: [Chunky] Task running for Gabito. Processed: 212324 chunks (0.54%), ETA: 862:33:13, Rate: 12.5 cps, Current: -218, 152
[18:37:58] [Server thread/INFO]: [Chunky] Task running for Gabito. Processed: 212345 chunks (0.54%), ETA: 845:43:04, Rate: 12.8 cps, Current: -221, 159
[18:37:59] [Server thread/INFO]: [Chunky] Task running for Gabito. Processed: 212356 chunks (0.54%), ETA: 828:17:04, Rate: 13.0 cps, Current: -215, 154
[18:38:00] [Server thread/INFO]: [Chunky] Task running for Gabito. Processed: 212374 chunks (0.54%), ETA: 843:01:32, Rate: 12.8 cps, Current: -215, 158
[18:38:02] [Server thread/INFO]: [Chunky] Task running for Gabito. Processed: 212387 chunks (0.54%), ETA: 849:21:25, Rate: 12.7 cps, Current: -213, 158
[18:38:03] [Server thread/INFO]: [Chunky] Task running for Gabito. Processed: 212396 chunks (0.54%), ETA: 857:53:11, Rate: 12.6 cps, Current: -214, 159
[18:38:04] [Server thread/INFO]: [Chunky] Task running for Gabito. Processed: 212409 chunks (0.54%), ETA: 933:34:15, Rate: 11.6 cps, Current: -210, 154
[18:38:05] [Server thread/INFO]: [Chunky] Task running for Gabito. Processed: 212446 chunks (0.54%), ETA: 873:49:26, Rate: 12.4 cps, Current: -214, 144
[18:38:06] [Server thread/INFO]: [Chunky] Task running for Gabito. Processed: 212482 chunks (0.54%), ETA: 836:27:55, Rate: 12.9 cps, Current: -208, 145
[18:38:08] [Server thread/INFO]: [Chunky] Task running for Gabito. Processed: 212483 chunks (0.54%), ETA: 858:40:02, Rate: 12.6 cps, Current: -208, 146
[18:38:09] [Server thread/INFO]: [Chunky] Task running for Gabito. Processed: 212501 chunks (0.54%), ETA: 846:29:41, Rate: 12.8 cps, Current: -203, 149
[18:38:10] [Server thread/INFO]: [Chunky] Task running for Gabito. Processed: 212526 chunks (0.54%), ETA: 795:54:29, Rate: 13.6 cps, Current: -208, 151
[18:38:11] [Server thread/INFO]: [Chunky] Task running for Gabito. Processed: 212539 chunks (0.54%), ETA: 785:06:09, Rate: 13.7 cps, Current: -201, 144
[18:38:12] [Server thread/INFO]: [Chunky] Task running for Gabito. Processed: 212563 chunks (0.54%), ETA: 762:38:42, Rate: 14.2 cps, Current: -206, 157
[18:38:13] [Server thread/INFO]: [Chunky] Task running for Gabito. Processed: 212585 chunks (0.54%), ETA: 736:24:56, Rate: 14.7 cps, Current: -203, 156
[18:38:15] [Server thread/INFO]: [Chunky] Task running for Gabito. Processed: 212593 chunks (0.54%), ETA: 749:02:44, Rate: 14.4 cps, Current: -206, 159
[18:38:16] [Server thread/INFO]: [Chunky] Task running for Gabito. Processed: 212611 chunks (0.54%), ETA: 759:43:52, Rate: 14.2 cps, Current: -204, 159
[18:38:17] [Server thread/INFO]: [Chunky] Task running for Gabito. Processed: 212656 chunks (0.54%), ETA: 710:35:52, Rate: 15.2 cps, Current: -197, 158
[18:38:18] [Server thread/INFO]: [Chunky] Task running for Gabito. Processed: 212683 chunks (0.54%), ETA: 700:15:14, Rate: 15.4 cps, Current: -200, 150
[18:38:20] [Server thread/INFO]: [Chunky] Task running for Gabito. Processed: 212739 chunks (0.54%), ETA: 653:19:36, Rate: 16.5 cps, Current: -193, 141
[18:38:21] [Server thread/INFO]: [Chunky] Task running for Gabito. Processed: 212749 chunks (0.54%), ETA: 658:54:23, Rate: 16.4 cps, Current: -196, 143
[18:38:22] [Server thread/INFO]: [Chunky] Task running for Gabito. Processed: 212773 chunks (0.54%), ETA: 627:35:26, Rate: 17.2 cps, Current: -194, 136
[18:38:24] [Server thread/INFO]: [Chunky] Task running for Gabito. Processed: 212794 chunks (0.54%), ETA: 618:18:05, Rate: 17.5 cps, Current: -198, 137
[18:38:25] [Server thread/INFO]: [Chunky] Task running for Gabito. Processed: 212818 chunks (0.54%), ETA: 613:28:27, Rate: 17.6 cps, Current: -208, 139
[18:38:26] [Server thread/INFO]: [Chunky] Task running for Gabito. Processed: 212860 chunks (0.54%), ETA: 584:04:40, Rate: 18.5 cps, Current: -202, 136
[18:38:27] [Server thread/INFO]: [Chunky] Task running for Gabito. Processed: 212879 chunks (0.54%), ETA: 585:00:36, Rate: 18.5 cps, Current: -201, 135
[18:38:28] [Server thread/INFO]: [Chunky] Task running for Gabito. Processed: 212929 chunks (0.54%), ETA: 552:00:46, Rate: 19.6 cps, Current: -200, 128
[18:38:32] [Server thread/INFO]: [Chunky] Task running for Gabito. Processed: 212993 chunks (0.55%), ETA: 532:22:00, Rate: 20.3 cps, Current: -222, 160
[18:38:33] [Server thread/INFO]: [Chunky] Task running for Gabito. Processed: 213013 chunks (0.55%), ETA: 521:55:28, Rate: 20.7 cps, Current: -223, 161
[18:38:34] [Server thread/INFO]: [Chunky] Task running for Gabito. Processed: 213039 chunks (0.55%), ETA: 529:43:03, Rate: 20.4 cps, Current: -215, 160
[18:38:35] [Server thread/INFO]: [Chunky] Task running for Gabito. Processed: 213043 chunks (0.55%), ETA: 556:01:07, Rate: 19.4 cps, Current: -217, 162
[18:38:37] [Server thread/INFO]: [Chunky] Task running for Gabito. Processed: 213074 chunks (0.55%), ETA: 526:03:16, Rate: 20.5 cps, Current: -213, 162
[18:38:38] [Server thread/INFO]: [Chunky] Task running for Gabito. Processed: 213093 chunks (0.55%), ETA: 527:46:12, Rate: 20.5 cps, Current: -211, 164
[18:38:39] [Server thread/INFO]: [Chunky] Task running for Gabito. Processed: 213107 chunks (0.55%), ETA: 532:27:25, Rate: 20.3 cps, Current: -210, 164
[18:38:40] [Server thread/INFO]: [Chunky] Task running for Gabito. Processed: 213131 chunks (0.55%), ETA: 522:27:15, Rate: 20.7 cps, Current: -210, 167
[18:38:41] [Server thread/INFO]: [Chunky] Task running for Gabito. Processed: 213148 chunks (0.55%), ETA: 525:41:48, Rate: 20.5 cps, Current: -211, 172
[18:38:42] [Server thread/INFO]: [Chunky] Task running for Gabito. Processed: 213159 chunks (0.55%), ETA: 536:20:54, Rate: 20.1 cps, Current: -210, 172
[18:38:43] [Server thread/INFO]: [Chunky] Task running for Gabito. Processed: 213185 chunks (0.55%), ETA: 527:23:13, Rate: 20.5 cps, Current: -215, 174
[18:38:45] [Server thread/INFO]: [Chunky] Task running for Gabito. Processed: 213209 chunks (0.55%), ETA: 521:10:00, Rate: 20.7 cps, Current: -224, 168
[18:38:46] [Server thread/INFO]: [Chunky] Task running for Gabito. Processed: 213229 chunks (0.55%), ETA: 523:09:43, Rate: 20.6 cps, Current: -224, 169
[18:38:47] [Server thread/INFO]: [Chunky] Task running for Gabito. Processed: 213246 chunks (0.55%), ETA: 546:24:26, Rate: 19.8 cps, Current: -224, 170
[18:38:48] [Server thread/INFO]: [Chunky] Task running for Gabito. Processed: 213263 chunks (0.55%), ETA: 550:54:46, Rate: 19.6 cps, Current: -224, 172
[18:38:49] [Server thread/INFO]: [Chunky] Task running for Gabito. Processed: 213272 chunks (0.55%), ETA: 585:28:22, Rate: 18.4 cps, Current: -220, 179
[18:38:50] [Server thread/INFO]: [Chunky] Task running for Gabito. Processed: 213290 chunks (0.55%), ETA: 586:04:27, Rate: 18.4 cps, Current: -221, 182
[18:38:51] [Server thread/INFO]: [Chunky] Task running for Gabito. Processed: 213297 chunks (0.55%), ETA: 588:27:02, Rate: 18.3 cps, Current: -217, 180
[18:38:53] [Server thread/INFO]: [Chunky] Task running for Gabito. Processed: 213300 chunks (0.55%), ETA: 634:15:35, Rate: 17.0 cps, Current: -217, 181
[18:38:55] [Server thread/INFO]: [Chunky] Task running for Gabito. Processed: 213303 chunks (0.55%), ETA: 703:50:00, Rate: 15.3 cps, Current: -217, 182
[18:38:56] [Server thread/INFO]: [Chunky] Task running for Gabito. Processed: 213311 chunks (0.55%), ETA: 715:57:04, Rate: 15.1 cps, Current: -222, 184
[18:38:58] [Server thread/INFO]: [Chunky] Task running for Gabito. Processed: 213316 chunks (0.55%), ETA: 834:37:49, Rate: 12.9 cps, Current: -224, 182
[18:39:00] [Server thread/INFO]: [Chunky] Task running for Gabito. Processed: 213324 chunks (0.55%), ETA: 897:34:14, Rate: 12.0 cps, Current: -223, 188
[18:39:01] [Server thread/INFO]: [Chunky] Task running for Gabito. Processed: 213347 chunks (0.55%), ETA: 872:42:53, Rate: 12.4 cps, Current: -219, 189
[18:39:02] [Server thread/INFO]: [Chunky] Task running for Gabito. Processed: 213349 chunks (0.55%), ETA: 898:09:14, Rate: 12.0 cps, Current: -224, 187
[18:39:03] [Server thread/INFO]: [Chunky] Task running for Gabito. Processed: 213369 chunks (0.55%), ETA: 896:45:45, Rate: 12.0 cps, Current: -221, 191
[18:39:04] [Server thread/INFO]: [Chunky] Task running for Gabito. Processed: 213380 chunks (0.55%), ETA: 944:12:21, Rate: 11.4 cps, Current: -217, 190
[18:39:05] [Server thread/INFO]: [Chunky] Task running for Gabito. Processed: 213393 chunks (0.55%), ETA: 918:27:27, Rate: 11.8 cps, Current: -216, 190
[18:39:06] [Server thread/INFO]: [Chunky] Task running for Gabito. Processed: 213398 chunks (0.55%), ETA: 988:08:51, Rate: 10.9 cps, Current: -215, 190
[18:39:07] [Server thread/INFO]: [Chunky] Task running for Gabito. Processed: 213411 chunks (0.55%), ETA: 1011:18:05, Rate: 10.7 cps, Current: -213, 190
[18:39:08] [Server thread/INFO]: [Chunky] Task running for Gabito. Processed: 213420 chunks (0.55%), ETA: 1026:59:32, Rate: 10.5 cps, Current: -210, 190
[18:39:11] [Server thread/INFO]: [Chunky] Task running for Gabito. Processed: 213433 chunks (0.55%), ETA: 1123:41:11, Rate: 9.6 cps, Current: -211, 182
[18:39:12] [Server thread/INFO]: [Chunky] Task running for Gabito. Processed: 213470 chunks (0.55%), ETA: 1025:26:36, Rate: 10.5 cps, Current: -214, 180
[18:39:13] [Server thread/INFO]: [Chunky] Task running for Gabito. Processed: 213498 chunks (0.55%), ETA: 1003:57:23, Rate: 10.8 cps, Current: -209, 182
[18:39:14] [Server thread/INFO]: [Chunky] Task running for Gabito. Processed: 213506 chunks (0.55%), ETA: 1077:18:45, Rate: 10.0 cps, Current: -208, 177
[18:39:16] [Server thread/INFO]: [Chunky] Task running for Gabito. Processed: 213507 chunks (0.55%), ETA: 1157:10:40, Rate: 9.3 cps, Current: -208, 178
[18:39:17] [Server thread/INFO]: [Chunky] Task running for Gabito. Processed: 213515 chunks (0.55%), ETA: 1187:42:50, Rate: 9.1 cps, Current: -207, 179
[18:39:18] [Server thread/INFO]: [Chunky] Task running for Gabito. Processed: 213534 chunks (0.55%), ETA: 1182:45:02, Rate: 9.1 cps, Current: -205, 177
[18:39:19] [Server thread/INFO]: [Chunky] Task running for Gabito. Processed: 213553 chunks (0.55%), ETA: 1134:29:32, Rate: 9.5 cps, Current: -205, 176
[18:39:20] [Server thread/INFO]: [Chunky] Task running for Gabito. Processed: 213564 chunks (0.55%), ETA: 1168:30:09, Rate: 9.2 cps, Current: -208, 189
[18:39:21] [Server thread/INFO]: [Chunky] Task running for Gabito. Processed: 213587 chunks (0.55%), ETA: 1049:59:07, Rate: 10.3 cps, Current: -207, 190
[18:39:23] [Server thread/INFO]: [Chunky] Task running for Gabito. Processed: 213613 chunks (0.55%), ETA: 1007:17:17, Rate: 10.7 cps, Current: -205, 190
[18:39:24] [Server thread/INFO]: [Chunky] Task running for Gabito. Processed: 213624 chunks (0.55%), ETA: 966:54:29, Rate: 11.2 cps, Current: -202, 190
[18:39:25] [Server thread/INFO]: [Chunky] Task running for Gabito. Processed: 213640 chunks (0.55%), ETA: 953:21:42, Rate: 11.3 cps, Current: -198, 187
[18:39:26] [Server thread/INFO]: [Chunky] Task running for Gabito. Processed: 213692 chunks (0.55%), ETA: 847:30:19, Rate: 12.7 cps, Current: -193, 183
[18:39:27] [Server thread/INFO]: [Chunky] Task running for Gabito. Processed: 213715 chunks (0.55%), ETA: 775:55:49, Rate: 13.9 cps, Current: -194, 181
[18:39:28] [Server thread/INFO]: [Chunky] Task running for Gabito. Processed: 213760 chunks (0.55%), ETA: 710:13:58, Rate: 15.2 cps, Current: -198, 176
[18:39:29] [Server thread/INFO]: [Chunky] Task running for Gabito. Processed: 213775 chunks (0.55%), ETA: 711:12:50, Rate: 15.2 cps, Current: -196, 175
[18:39:30] [Server thread/INFO]: [Chunky] Task running for Gabito. Processed: 213803 chunks (0.55%), ETA: 701:35:22, Rate: 15.4 cps, Current: -200, 175
[18:39:31] [Server thread/INFO]: [Chunky] Task running for Gabito. Processed: 213826 chunks (0.55%), ETA: 671:06:18, Rate: 16.1 cps, Current: -195, 168
[18:39:33] [Server thread/INFO]: [Chunky] Task running for Gabito. Processed: 213844 chunks (0.55%), ETA: 676:33:18, Rate: 16.0 cps, Current: -208, 170
[18:39:34] [Server thread/INFO]: [Chunky] Task running for Gabito. Processed: 213889 chunks (0.55%), ETA: 632:52:20, Rate: 17.1 cps, Current: -201, 167
[18:39:36] [Server thread/INFO]: [Chunky] Task running for Gabito. Processed: 213953 chunks (0.55%), ETA: 572:44:32, Rate: 18.8 cps, Current: -200, 160
[18:39:39] [Server thread/INFO]: [Chunky] Task running for Gabito. Processed: 214017 chunks (0.55%), ETA: 522:38:55, Rate: 20.7 cps, Current: -222, 192
[18:39:40] [Server thread/INFO]: [Chunky] Task running for Gabito. Processed: 214036 chunks (0.55%), ETA: 524:12:17, Rate: 20.6 cps, Current: -220, 195
[18:39:41] [Server thread/INFO]: [Chunky] Task running for Gabito. Processed: 214061 chunks (0.55%), ETA: 536:12:57, Rate: 20.1 cps, Current: -224, 194
[18:39:42] [Server thread/INFO]: [Chunky] Task running for Gabito. Processed: 214068 chunks (0.55%), ETA: 557:14:28, Rate: 19.4 cps, Current: -216, 193
[18:39:43] [Server thread/INFO]: [Chunky] Task running for Gabito. Processed: 214098 chunks (0.55%), ETA: 526:23:29, Rate: 20.5 cps, Current: -216, 195
[18:39:45] [Server thread/INFO]: [Chunky] Task running for Gabito. Processed: 214125 chunks (0.55%), ETA: 507:19:58, Rate: 21.3 cps, Current: -210, 195
[18:39:46] [Server thread/INFO]: [Chunky] Task running for Gabito. Processed: 214140 chunks (0.55%), ETA: 503:20:58, Rate: 21.4 cps, Current: -213, 199
[18:39:47] [Server thread/INFO]: [Chunky] Task running for Gabito. Processed: 214157 chunks (0.55%), ETA: 502:27:15, Rate: 21.5 cps, Current: -209, 198
[18:39:48] [Server thread/INFO]: [Chunky] Task running for Gabito. Processed: 214173 chunks (0.55%), ETA: 504:05:56, Rate: 21.4 cps, Current: -211, 205
[18:39:49] [Server thread/INFO]: [Chunky] Task running for Gabito. Processed: 214183 chunks (0.55%), ETA: 501:48:46, Rate: 21.5 cps, Current: -210, 204
[18:39:50] [Server thread/INFO]: [Chunky] Task running for Gabito. Processed: 214209 chunks (0.55%), ETA: 503:06:14, Rate: 21.5 cps, Current: -215, 206
[18:39:52] [Server thread/INFO]: [Chunky] Task running for Gabito. Processed: 214236 chunks (0.55%), ETA: 499:56:41, Rate: 21.6 cps, Current: -222, 201
[18:39:53] [Server thread/INFO]: [Chunky] Task running for Gabito. Processed: 214256 chunks (0.55%), ETA: 502:01:06, Rate: 21.5 cps, Current: -222, 204
[18:39:54] [Server thread/INFO]: [Chunky] Task running for Gabito. Processed: 214271 chunks (0.55%), ETA: 497:46:11, Rate: 21.7 cps, Current: -223, 205
[18:39:55] [Server thread/INFO]: [Chunky] Task running for Gabito. Processed: 214289 chunks (0.55%), ETA: 523:07:29, Rate: 20.6 cps, Current: -217, 209
[18:39:56] [Server thread/INFO]: [Chunky] Task running for Gabito. Processed: 214305 chunks (0.55%), ETA: 527:05:28, Rate: 20.5 cps, Current: -224, 211
[18:39:57] [Server thread/INFO]: [Chunky] Task running for Gabito. Processed: 214319 chunks (0.55%), ETA: 532:06:46, Rate: 20.3 cps, Current: -222, 214
[18:39:58] [Server thread/INFO]: [Chunky] Task running for Gabito. Processed: 214323 chunks (0.55%), ETA: 573:04:21, Rate: 18.8 cps, Current: -223, 213
[18:39:59] [Server thread/INFO]: [Chunky] Task running for Gabito. Processed: 214338 chunks (0.55%), ETA: 584:08:18, Rate: 18.5 cps, Current: -224, 213
[18:40:00] [Server thread/INFO]: [Chunky] Task running for Gabito. Processed: 214348 chunks (0.55%), ETA: 598:55:34, Rate: 18.0 cps, Current: -224, 215
[18:40:02] [Server thread/INFO]: [Chunky] Task running for Gabito. Processed: 214372 chunks (0.55%), ETA: 595:00:36, Rate: 18.1 cps, Current: -221, 222
[18:40:03] [Server thread/INFO]: [Chunky] Task running for Gabito. Processed: 214394 chunks (0.55%), ETA: 611:09:15, Rate: 17.7 cps, Current: -217, 218
[18:40:04] [Server thread/INFO]: [Chunky] Task running for Gabito. Processed: 214410 chunks (0.55%), ETA: 615:11:21, Rate: 17.5 cps, Current: -215, 219
[18:40:05] [Server thread/INFO]: [Chunky] Task running for Gabito. Processed: 214422 chunks (0.55%), ETA: 677:30:38, Rate: 15.9 cps, Current: -216, 223
[18:40:06] [Server thread/INFO]: [Chunky] Task running for Gabito. Processed: 214442 chunks (0.55%), ETA: 695:38:36, Rate: 15.5 cps, Current: -211, 218
[18:40:08] [Server thread/INFO]: [Chunky] Task running for Gabito. Processed: 214457 chunks (0.55%), ETA: 702:28:51, Rate: 15.4 cps, Current: -210, 218
[18:40:09] [Server thread/INFO]: [Chunky] Task running for Gabito. Processed: 214504 chunks (0.55%), ETA: 668:26:07, Rate: 16.1 cps, Current: -212, 208
[18:40:11] [Server thread/INFO]: [Chunky] Task running for Gabito. Processed: 214529 chunks (0.55%), ETA: 684:36:51, Rate: 15.8 cps, Current: -208, 208
[18:40:14] [Server thread/INFO]: [Chunky] Task running for Gabito. Processed: 214531 chunks (0.55%), ETA: 766:29:39, Rate: 14.1 cps, Current: -208, 210
[18:40:15] [Server thread/INFO]: [Chunky] Task running for Gabito. Processed: 214542 chunks (0.55%), ETA: 772:11:57, Rate: 14.0 cps, Current: -205, 212
[18:40:16] [Server thread/INFO]: [Chunky] Task running for Gabito. Processed: 214558 chunks (0.55%), ETA: 788:08:15, Rate: 13.7 cps, Current: -205, 209
[18:40:18] [Server thread/INFO]: [Chunky] Task running for Gabito. Processed: 214573 chunks (0.55%), ETA: 802:51:44, Rate: 13.4 cps, Current: -205, 208
[18:40:19] [Server thread/INFO]: [Chunky] Task running for Gabito. Processed: 214589 chunks (0.55%), ETA: 793:43:53, Rate: 13.6 cps, Current: -201, 209
[18:40:20] [Server thread/INFO]: [Chunky] Task running for Gabito. Processed: 214610 chunks (0.55%), ETA: 796:11:32, Rate: 13.6 cps, Current: -206, 219
[18:40:21] [Server thread/INFO]: [Chunky] Task running for Gabito. Processed: 214632 chunks (0.55%), ETA: 803:26:45, Rate: 13.4 cps, Current: -203, 220
[18:40:22] [Server thread/INFO]: [Chunky] Task running for Gabito. Processed: 214643 chunks (0.55%), ETA: 826:17:00, Rate: 13.1 cps, Current: -204, 222
[18:40:23] [Server thread/INFO]: [Chunky] Task running for Gabito. Processed: 214660 chunks (0.55%), ETA: 825:33:38, Rate: 13.1 cps, Current: -199, 218
[18:40:24] [Server thread/INFO]: [Chunky] Task running for Gabito. Processed: 214707 chunks (0.55%), ETA: 761:18:37, Rate: 14.2 cps, Current: -196, 217
[18:40:26] [Server thread/INFO]: [Chunky] Task running for Gabito. Processed: 214731 chunks (0.55%), ETA: 759:33:46, Rate: 14.2 cps, Current: -196, 214
[18:40:27] [Server thread/INFO]: [Chunky] Task running for Gabito. Processed: 214788 chunks (0.55%), ETA: 674:24:06, Rate: 16.0 cps, Current: -193, 205
[18:40:29] [Server thread/INFO]: [Chunky] Task running for Gabito. Processed: 214808 chunks (0.55%), ETA: 670:11:54, Rate: 16.1 cps, Current: -197, 206
[18:40:30] [Server thread/INFO]: [Chunky] Task running for Gabito. Processed: 214825 chunks (0.55%), ETA: 669:49:23, Rate: 16.1 cps, Current: -199, 207
[18:40:31] [Server thread/INFO]: [Chunky] Task running for Gabito. Processed: 214837 chunks (0.55%), ETA: 682:13:49, Rate: 15.8 cps, Current: -200, 206
[18:40:32] [Server thread/INFO]: [Chunky] Task running for Gabito. Processed: 214858 chunks (0.55%), ETA: 682:30:47, Rate: 15.8 cps, Current: -201, 205
[18:40:34] [Server thread/INFO]: [Chunky] Task running for Gabito. Processed: 214907 chunks (0.55%), ETA: 640:17:54, Rate: 16.9 cps, Current: -207, 200
[18:40:35] [Server thread/INFO]: [Chunky] Task running for Gabito. Processed: 214929 chunks (0.55%), ETA: 623:43:13, Rate: 17.3 cps, Current: -207, 198
[18:40:36] [Server thread/INFO]: [Chunky] Task running for Gabito. Processed: 214978 chunks (0.55%), ETA: 587:51:55, Rate: 18.4 cps, Current: -199, 192
[18:40:38] [Server thread/INFO]: [Chunky] Task running for Gabito. Processed: 215041 chunks (0.55%), ETA: 577:50:35, Rate: 18.7 cps, Current: -223, 224
[18:40:39] [Server thread/INFO]: [Chunky] Task running for Gabito. Processed: 215043 chunks (0.55%), ETA: 599:40:14, Rate: 18.0 cps, Current: -223, 225
[18:40:40] [Server thread/INFO]: [Chunky] Task running for Gabito. Processed: 215070 chunks (0.55%), ETA: 571:35:12, Rate: 18.9 cps, Current: -223, 227
[18:40:42] [Server thread/INFO]: [Chunky] Task running for Gabito. Processed: 215090 chunks (0.55%), ETA: 538:19:59, Rate: 20.1 cps, Current: -215, 224
[18:40:43] [Server thread/INFO]: [Chunky] Task running for Gabito. Processed: 215108 chunks (0.55%), ETA: 540:56:04, Rate: 20.0 cps, Current: -216, 226
[18:40:44] [Server thread/INFO]: [Chunky] Task running for Gabito. Processed: 215129 chunks (0.55%), ETA: 532:23:23, Rate: 20.3 cps, Current: -216, 228
[18:40:45] [Server thread/INFO]: [Chunky] Task running for Gabito. Processed: 215150 chunks (0.55%), ETA: 518:46:06, Rate: 20.8 cps, Current: -209, 226
[18:40:46] [Server thread/INFO]: [Chunky] Task running for Gabito. Processed: 215165 chunks (0.55%), ETA: 524:46:16, Rate: 20.6 cps, Current: -216, 233
[18:40:47] [Server thread/INFO]: [Chunky] Task running for Gabito. Processed: 215182 chunks (0.55%), ETA: 516:26:59, Rate: 20.9 cps, Current: -216, 234
[18:40:48] [Server thread/INFO]: [Chunky] Task running for Gabito. Processed: 215195 chunks (0.55%), ETA: 518:34:31, Rate: 20.8 cps, Current: -215, 235
[18:40:50] [Server thread/INFO]: [Chunky] Task running for Gabito. Processed: 215203 chunks (0.55%), ETA: 536:12:43, Rate: 20.1 cps, Current: -214, 236
[18:40:51] [Server thread/INFO]: [Chunky] Task running for Gabito. Processed: 215214 chunks (0.55%), ETA: 553:38:33, Rate: 19.5 cps, Current: -209, 234
[18:40:52] [Server thread/INFO]: [Chunky] Task running for Gabito. Processed: 215225 chunks (0.55%), ETA: 550:19:22, Rate: 19.6 cps, Current: -209, 236
[18:40:53] [Server thread/INFO]: [Chunky] Task running for Gabito. Processed: 215234 chunks (0.55%), ETA: 561:20:43, Rate: 19.2 cps, Current: -216, 238
[18:40:55] [Server thread/INFO]: [Chunky] Task running for Gabito. Processed: 215248 chunks (0.55%), ETA: 597:44:00, Rate: 18.1 cps, Current: -222, 232
[18:40:56] [Server thread/INFO]: [Chunky] Task running for Gabito. Processed: 215264 chunks (0.55%), ETA: 600:39:51, Rate: 18.0 cps, Current: -217, 239
[18:40:57] [Server thread/INFO]: [Chunky] Task running for Gabito. Processed: 215281 chunks (0.55%), ETA: 655:15:58, Rate: 16.5 cps, Current: -223, 234
[18:40:58] [Server thread/INFO]: [Chunky] Task running for Gabito. Processed: 215289 chunks (0.55%), ETA: 666:19:00, Rate: 16.2 cps, Current: -220, 240
[18:41:00] [Server thread/INFO]: [Chunky] Task running for Gabito. Processed: 215299 chunks (0.55%), ETA: 670:24:33, Rate: 16.1 cps, Current: -223, 237
[18:41:01] [Server thread/INFO]: [Chunky] Task running for Gabito. Processed: 215313 chunks (0.55%), ETA: 669:36:44, Rate: 16.1 cps, Current: -217, 241
[18:41:02] [Server thread/INFO]: [Chunky] Task running for Gabito. Processed: 215331 chunks (0.55%), ETA: 675:52:36, Rate: 16.0 cps, Current: -217, 242
[18:41:03] [Server thread/INFO]: [Chunky] Task running for Gabito. Processed: 215344 chunks (0.55%), ETA: 727:15:47, Rate: 14.8 cps, Current: -223, 244
[18:41:04] [Server thread/INFO]: [Chunky] Task running for Gabito. Processed: 215348 chunks (0.55%), ETA: 762:00:13, Rate: 14.2 cps, Current: -217, 245
[18:41:06] [Server thread/INFO]: [Chunky] Task running for Gabito. Processed: 215363 chunks (0.55%), ETA: 834:46:18, Rate: 12.9 cps, Current: -223, 249
[18:41:07] [Server thread/INFO]: [Chunky] Task running for Gabito. Processed: 215381 chunks (0.55%), ETA: 908:31:43, Rate: 11.9 cps, Current: -220, 250
[18:41:08] [Server thread/INFO]: [Chunky] Task running for Gabito. Processed: 215396 chunks (0.55%), ETA: 903:39:42, Rate: 11.9 cps, Current: -221, 254
[18:41:09] [Server thread/INFO]: [Chunky] Task running for Gabito. Processed: 215414 chunks (0.55%), ETA: 859:04:39, Rate: 12.6 cps, Current: -216, 249
[18:41:10] [Server thread/INFO]: [Chunky] Task running for Gabito. Processed: 215429 chunks (0.55%), ETA: 883:50:43, Rate: 12.2 cps, Current: -219, 255
[18:41:11] [Server thread/INFO]: [Chunky] Task running for Gabito. Processed: 215443 chunks (0.55%), ETA: 890:31:53, Rate: 12.1 cps, Current: -214, 248
[18:41:12] [Server thread/INFO]: [Chunky] Task running for Gabito. Processed: 215458 chunks (0.55%), ETA: 902:12:07, Rate: 12.0 cps, Current: -212, 250
[18:41:13] [Server thread/INFO]: [Chunky] Task running for Gabito. Processed: 215473 chunks (0.55%), ETA: 921:46:18, Rate: 11.7 cps, Current: -210, 251
[18:41:14] [Server thread/INFO]: [Chunky] Task running for Gabito. Processed: 215500 chunks (0.55%), ETA: 903:46:09, Rate: 11.9 cps, Current: -210, 248
[18:41:15] [Server thread/INFO]: [Chunky] Task running for Gabito. Processed: 215538 chunks (0.55%), ETA: 849:44:51, Rate: 12.7 cps, Current: -209, 249
[18:41:17] [Server thread/INFO]: [Chunky] Task running for Gabito. Processed: 215554 chunks (0.55%), ETA: 860:45:54, Rate: 12.5 cps, Current: -208, 241
[18:41:18] [Server thread/INFO]: [Chunky] Task running for Gabito. Processed: 215558 chunks (0.55%), ETA: 879:17:23, Rate: 12.3 cps, Current: -207, 241
[18:41:19] [Server thread/INFO]: [Chunky] Task running for Gabito. Processed: 215582 chunks (0.55%), ETA: 830:42:19, Rate: 13.0 cps, Current: -205, 241
[18:41:20] [Server thread/INFO]: [Chunky] Task running for Gabito. Processed: 215603 chunks (0.55%), ETA: 800:31:12, Rate: 13.5 cps, Current: -208, 250
[18:41:21] [Server thread/INFO]: [Chunky] Task running for Gabito. Processed: 215621 chunks (0.55%), ETA: 793:40:12, Rate: 13.6 cps, Current: -201, 246
[18:41:22] [Server thread/INFO]: [Chunky] Task running for Gabito. Processed: 215635 chunks (0.55%), ETA: 784:08:49, Rate: 13.8 cps, Current: -206, 252
[18:41:23] [Server thread/INFO]: [Chunky] Task running for Gabito. Processed: 215648 chunks (0.55%), ETA: 776:36:53, Rate: 13.9 cps, Current: -203, 248
[18:41:24] [Server thread/INFO]: [Chunky] Task running for Gabito. Processed: 215660 chunks (0.55%), ETA: 771:23:04, Rate: 14.0 cps, Current: -200, 248
[18:41:26] [Server thread/INFO]: [Chunky] Task running for Gabito. Processed: 215662 chunks (0.55%), ETA: 809:30:46, Rate: 13.3 cps, Current: -202, 249
[18:41:27] [Server thread/INFO]: [Chunky] Task running for Gabito. Processed: 215666 chunks (0.55%), ETA: 833:20:21, Rate: 13.0 cps, Current: -202, 250
[18:41:28] [Server thread/INFO]: [Chunky] Task running for Gabito. Processed: 215682 chunks (0.55%), ETA: 820:28:22, Rate: 13.2 cps, Current: -201, 253
[18:41:30] [Server thread/INFO]: [Chunky] Task running for Gabito. Processed: 215691 chunks (0.55%), ETA: 820:47:25, Rate: 13.2 cps, Current: -201, 254
[18:41:31] [Server thread/INFO]: [Chunky] Task running for Gabito. Processed: 215700 chunks (0.55%), ETA: 833:02:56, Rate: 13.0 cps, Current: -199, 254
[18:41:32] [Server thread/INFO]: [Chunky] Task running for Gabito. Processed: 215716 chunks (0.55%), ETA: 832:31:37, Rate: 13.0 cps, Current: -196, 249
[18:41:33] [Server thread/INFO]: [Chunky] Task running for Gabito. Processed: 215737 chunks (0.55%), ETA: 820:34:53, Rate: 13.2 cps, Current: -194, 250
[18:41:34] [Server thread/INFO]: [Chunky] Task running for Gabito. Processed: 215756 chunks (0.55%), ETA: 785:34:38, Rate: 13.7 cps, Current: -199, 245
[18:41:35] [Server thread/INFO]: [Chunky] Task running for Gabito. Processed: 215775 chunks (0.55%), ETA: 775:55:47, Rate: 13.9 cps, Current: -193, 248
[18:41:36] [Server thread/INFO]: [Chunky] Task running for Gabito. Processed: 215796 chunks (0.55%), ETA: 767:00:34, Rate: 14.1 cps, Current: -195, 242
[18:41:38] [Server thread/INFO]: [Chunky] Task running for Gabito. Processed: 215802 chunks (0.55%), ETA: 803:41:56, Rate: 13.4 cps, Current: -194, 242
[18:41:39] [Server thread/INFO]: [Chunky] Task running for Gabito. Processed: 215813 chunks (0.55%), ETA: 815:05:22, Rate: 13.2 cps, Current: -196, 238
[18:41:40] [Server thread/INFO]: [Chunky] Task running for Gabito. Processed: 215833 chunks (0.55%), ETA: 799:42:37, Rate: 13.5 cps, Current: -195, 233
[18:41:41] [Server thread/INFO]: [Chunky] Task running for Gabito. Processed: 215845 chunks (0.55%), ETA: 810:50:43, Rate: 13.3 cps, Current: -198, 233
[18:41:42] [Server thread/INFO]: [Chunky] Task running for Gabito. Processed: 215874 chunks (0.55%), ETA: 779:45:36, Rate: 13.8 cps, Current: -208, 238
[18:41:43] [Server thread/INFO]: [Chunky] Task running for Gabito. Processed: 215894 chunks (0.55%), ETA: 793:19:56, Rate: 13.6 cps, Current: -200, 235
[18:41:44] [Server thread/INFO]: [Chunky] Task running for Gabito. Processed: 215932 chunks (0.55%), ETA: 795:11:23, Rate: 13.6 cps, Current: -202, 232
[18:41:45] [Server thread/INFO]: [Chunky] Task running for Gabito. Processed: 215946 chunks (0.55%), ETA: 788:10:03, Rate: 13.7 cps, Current: -208, 227
[18:41:47] [Server thread/INFO]: [Chunky] Task running for Gabito. Processed: 216001 chunks (0.55%), ETA: 719:05:20, Rate: 15.0 cps, Current: -200, 224
[18:41:48] [Server thread/INFO]: [Chunky] Task running for Gabito. Processed: 216044 chunks (0.55%), ETA: 663:25:49, Rate: 16.3 cps, Current: -195, 224
[18:41:49] [Server thread/INFO]: [Chunky] Task running for Gabito. Processed: 216073 chunks (0.55%), ETA: 678:35:14, Rate: 15.9 cps, Current: -191, 225
[18:41:51] [Server thread/INFO]: [Chunky] Task running for Gabito. Processed: 216088 chunks (0.55%), ETA: 683:51:34, Rate: 15.8 cps, Current: -188, 224
[18:41:52] [Server thread/INFO]: [Chunky] Task running for Gabito. Processed: 216110 chunks (0.55%), ETA: 673:14:30, Rate: 16.0 cps, Current: -183, 224
[18:41:53] [Server thread/INFO]: [Chunky] Task running for Gabito. Processed: 216135 chunks (0.55%), ETA: 654:32:29, Rate: 16.5 cps, Current: -184, 226
[18:41:54] [Server thread/INFO]: [Chunky] Task running for Gabito. Processed: 216160 chunks (0.55%), ETA: 644:30:06, Rate: 16.7 cps, Current: -177, 225
[18:41:55] [Server thread/INFO]: [Chunky] Task running for Gabito. Processed: 216174 chunks (0.55%), ETA: 616:00:04, Rate: 17.5 cps, Current: -177, 226
[18:41:56] [Server thread/INFO]: [Chunky] Task running for Gabito. Processed: 216195 chunks (0.55%), ETA: 595:43:59, Rate: 18.1 cps, Current: -179, 232
[18:41:58] [Server thread/INFO]: [Chunky] Task running for Gabito. Processed: 216211 chunks (0.55%), ETA: 597:42:30, Rate: 18.1 cps, Current: -178, 233
[18:41:59] [Server thread/INFO]: [Chunky] Task running for Gabito. Processed: 216226 chunks (0.55%), ETA: 586:11:03, Rate: 18.4 cps, Current: -182, 236
[18:42:00] [Server thread/INFO]: [Chunky] Task running for Gabito. Processed: 216238 chunks (0.55%), ETA: 581:02:20, Rate: 18.6 cps, Current: -178, 238
[18:42:01] [Server thread/INFO]: [Chunky] Task running for Gabito. Processed: 216251 chunks (0.55%), ETA: 592:28:01, Rate: 18.2 cps, Current: -186, 237
[18:42:02] [Server thread/INFO]: [Chunky] Task running for Gabito. Processed: 216291 chunks (0.55%), ETA: 567:50:48, Rate: 19.0 cps, Current: -192, 235
[18:42:03] [Server thread/INFO]: [Chunky] Task running for Gabito. Processed: 216323 chunks (0.55%), ETA: 557:24:54, Rate: 19.4 cps, Current: -192, 242
[18:42:05] [Server thread/INFO]: [Chunky] Task running for Gabito. Processed: 216344 chunks (0.55%), ETA: 555:03:41, Rate: 19.4 cps, Current: -187, 241
[18:42:06] [Server thread/INFO]: [Chunky] Task running for Gabito. Processed: 216365 chunks (0.55%), ETA: 555:53:39, Rate: 19.4 cps, Current: -191, 246
[18:42:07] [Server thread/INFO]: [Chunky] Task running for Gabito. Processed: 216390 chunks (0.55%), ETA: 537:21:25, Rate: 20.1 cps, Current: -190, 248
[18:42:08] [Server thread/INFO]: [Chunky] Task running for Gabito. Processed: 216417 chunks (0.55%), ETA: 523:38:43, Rate: 20.6 cps, Current: -190, 254
[18:42:09] [Server thread/INFO]: [Chunky] Task running for Gabito. Processed: 216430 chunks (0.55%), ETA: 529:05:18, Rate: 20.4 cps, Current: -184, 248
[18:42:10] [Server thread/INFO]: [Chunky] Task running for Gabito. Processed: 216451 chunks (0.55%), ETA: 520:11:40, Rate: 20.8 cps, Current: -183, 250
[18:42:11] [Server thread/INFO]: [Chunky] Task running for Gabito. Processed: 216467 chunks (0.55%), ETA: 532:21:37, Rate: 20.3 cps, Current: -182, 248
[18:42:13] [Server thread/INFO]: [Chunky] Task running for Gabito. Processed: 216484 chunks (0.55%), ETA: 537:21:49, Rate: 20.1 cps, Current: -180, 249
[18:42:14] [Server thread/INFO]: [Chunky] Task running for Gabito. Processed: 216496 chunks (0.55%), ETA: 559:10:08, Rate: 19.3 cps, Current: -179, 247
[18:42:15] [Server thread/INFO]: [Chunky] Task running for Gabito. Processed: 216518 chunks (0.55%), ETA: 551:55:36, Rate: 19.6 cps, Current: -178, 250
[18:42:16] [Server thread/INFO]: [Chunky] Task running for Gabito. Processed: 216562 chunks (0.55%), ETA: 561:47:16, Rate: 19.2 cps, Current: -178, 244
[18:42:17] [Server thread/INFO]: [Chunky] Task running for Gabito. Processed: 216578 chunks (0.55%), ETA: 596:32:07, Rate: 18.1 cps, Current: -176, 241
[18:42:18] [Server thread/INFO]: [Chunky] Task running for Gabito. Processed: 216583 chunks (0.55%), ETA: 610:49:20, Rate: 17.7 cps, Current: -174, 242
[18:42:19] [Server thread/INFO]: [Chunky] Task running for Gabito. Processed: 216606 chunks (0.55%), ETA: 600:55:41, Rate: 18.0 cps, Current: -176, 246
[18:42:21] [Server thread/INFO]: [Chunky] Task running for Gabito. Processed: 216628 chunks (0.55%), ETA: 606:12:38, Rate: 17.8 cps, Current: -175, 248
[18:42:22] [Server thread/INFO]: [Chunky] Task running for Gabito. Processed: 216658 chunks (0.55%), ETA: 599:26:12, Rate: 18.0 cps, Current: -174, 251
[18:42:23] [Server thread/INFO]: [Chunky] Task running for Gabito. Processed: 216678 chunks (0.55%), ETA: 604:20:16, Rate: 17.9 cps, Current: -169, 248
[18:42:24] [Server thread/INFO]: [Chunky] Task running for Gabito. Processed: 216691 chunks (0.55%), ETA: 601:41:28, Rate: 17.9 cps, Current: -172, 254
[18:42:25] [Server thread/INFO]: [Chunky] Task running for Gabito. Processed: 216709 chunks (0.55%), ETA: 601:38:34, Rate: 17.9 cps, Current: -167, 250
[18:42:26] [Server thread/INFO]: [Chunky] Task running for Gabito. Processed: 216722 chunks (0.55%), ETA: 610:54:06, Rate: 17.7 cps, Current: -169, 255
[18:42:27] [Server thread/INFO]: [Chunky] Task running for Gabito. Processed: 216739 chunks (0.55%), ETA: 606:00:45, Rate: 17.8 cps, Current: -164, 250
[18:42:29] [Server thread/INFO]: [Chunky] Task running for Gabito. Processed: 216761 chunks (0.55%), ETA: 600:44:09, Rate: 18.0 cps, Current: -164, 255
[18:42:30] [Server thread/INFO]: [Chunky] Task running for Gabito. Processed: 216772 chunks (0.55%), ETA: 601:15:12, Rate: 18.0 cps, Current: -162, 247
[18:42:31] [Server thread/INFO]: [Chunky] Task running for Gabito. Processed: 216785 chunks (0.55%), ETA: 594:56:17, Rate: 18.1 cps, Current: -168, 242
[18:42:32] [Server thread/INFO]: [Chunky] Task running for Gabito. Processed: 216796 chunks (0.55%), ETA: 633:19:22, Rate: 17.0 cps, Current: -167, 242
[18:42:33] [Server thread/INFO]: [Chunky] Task running for Gabito. Processed: 216799 chunks (0.55%), ETA: 676:36:05, Rate: 16.0 cps, Current: -161, 248
[18:42:34] [Server thread/INFO]: [Chunky] Task running for Gabito. Processed: 216803 chunks (0.55%), ETA: 698:06:36, Rate: 15.5 cps, Current: -165, 244
[18:42:36] [Server thread/INFO]: [Chunky] Task running for Gabito. Processed: 216819 chunks (0.55%), ETA: 718:49:34, Rate: 15.0 cps, Current: -163, 243
[18:42:37] [Server thread/INFO]: [Chunky] Task running for Gabito. Processed: 216825 chunks (0.55%), ETA: 763:13:44, Rate: 14.1 cps, Current: -162, 243
[18:42:38] [Server thread/INFO]: [Chunky] Task running for Gabito. Processed: 216829 chunks (0.55%), ETA: 782:30:23, Rate: 13.8 cps, Current: -163, 238
[18:42:39] [Server thread/INFO]: [Chunky] Task running for Gabito. Processed: 216843 chunks (0.55%), ETA: 800:35:28, Rate: 13.5 cps, Current: -162, 237
[18:42:40] [Server thread/INFO]: [Chunky] Task running for Gabito. Processed: 216867 chunks (0.56%), ETA: 780:54:15, Rate: 13.8 cps, Current: -164, 233
[18:42:42] [Server thread/INFO]: [Chunky] Task running for Gabito. Processed: 216882 chunks (0.56%), ETA: 784:06:53, Rate: 13.8 cps, Current: -161, 233
[18:42:43] [Server thread/INFO]: [Chunky] Task running for Gabito. Processed: 216907 chunks (0.56%), ETA: 761:29:41, Rate: 14.2 cps, Current: -168, 237
[18:42:44] [Server thread/INFO]: [Chunky] Task running for Gabito. Processed: 216947 chunks (0.56%), ETA: 730:29:46, Rate: 14.8 cps, Current: -169, 233
[18:42:45] [Server thread/INFO]: [Chunky] Task running for Gabito. Processed: 216984 chunks (0.56%), ETA: 745:08:09, Rate: 14.5 cps, Current: -175, 227
[18:42:46] [Server thread/INFO]: [Chunky] Task running for Gabito. Processed: 217029 chunks (0.56%), ETA: 687:52:16, Rate: 15.7 cps, Current: -165, 224
[18:42:47] [Server thread/INFO]: [Chunky] Task running for Gabito. Processed: 217075 chunks (0.56%), ETA: 631:38:57, Rate: 17.1 cps, Current: -162, 224
[18:42:48] [Server thread/INFO]: [Chunky] Task running for Gabito. Processed: 217101 chunks (0.56%), ETA: 623:27:54, Rate: 17.3 cps, Current: -159, 229
[18:42:50] [Server thread/INFO]: [Chunky] Task running for Gabito. Processed: 217130 chunks (0.56%), ETA: 614:49:13, Rate: 17.6 cps, Current: -154, 224
[18:42:51] [Server thread/INFO]: [Chunky] Task running for Gabito. Processed: 217152 chunks (0.56%), ETA: 612:13:37, Rate: 17.6 cps, Current: -157, 231
[18:42:52] [Server thread/INFO]: [Chunky] Task running for Gabito. Processed: 217163 chunks (0.56%), ETA: 631:25:06, Rate: 17.1 cps, Current: -153, 227
[18:42:53] [Server thread/INFO]: [Chunky] Task running for Gabito. Processed: 217194 chunks (0.56%), ETA: 618:51:37, Rate: 17.4 cps, Current: -146, 227
[18:42:54] [Server thread/INFO]: [Chunky] Task running for Gabito. Processed: 217212 chunks (0.56%), ETA: 614:52:34, Rate: 17.6 cps, Current: -148, 231
[18:42:55] [Server thread/INFO]: [Chunky] Task running for Gabito. Processed: 217233 chunks (0.56%), ETA: 612:38:12, Rate: 17.6 cps, Current: -147, 234
[18:42:56] [Server thread/INFO]: [Chunky] Task running for Gabito. Processed: 217242 chunks (0.56%), ETA: 615:24:48, Rate: 17.5 cps, Current: -145, 232
[18:42:57] [Server thread/INFO]: [Chunky] Task running for Gabito. Processed: 217257 chunks (0.56%), ETA: 617:45:50, Rate: 17.5 cps, Current: -150, 237
[18:42:58] [Server thread/INFO]: [Chunky] Task running for Gabito. Processed: 217275 chunks (0.56%), ETA: 622:24:54, Rate: 17.3 cps, Current: -154, 237
[18:42:59] [Server thread/INFO]: [Chunky] Task running for Gabito. Processed: 217315 chunks (0.56%), ETA: 588:13:56, Rate: 18.3 cps, Current: -160, 235
[18:43:01] [Server thread/INFO]: [Chunky] Task running for Gabito. Processed: 217345 chunks (0.56%), ETA: 576:07:50, Rate: 18.7 cps, Current: -160, 240
[18:43:02] [Server thread/INFO]: [Chunky] Task running for Gabito. Processed: 217363 chunks (0.56%), ETA: 565:11:29, Rate: 19.1 cps, Current: -153, 240
[18:43:03] [Server thread/INFO]: [Chunky] Task running for Gabito. Processed: 217388 chunks (0.56%), ETA: 539:42:26, Rate: 20.0 cps, Current: -154, 242
[18:43:04] [Server thread/INFO]: [Chunky] Task running for Gabito. Processed: 217410 chunks (0.56%), ETA: 523:43:44, Rate: 20.6 cps, Current: -159, 251
[18:43:05] [Server thread/INFO]: [Chunky] Task running for Gabito. Processed: 217418 chunks (0.56%), ETA: 524:35:43, Rate: 20.6 cps, Current: -153, 244
[18:43:06] [Server thread/INFO]: [Chunky] Task running for Gabito. Processed: 217450 chunks (0.56%), ETA: 499:42:10, Rate: 21.6 cps, Current: -157, 254
[18:43:07] [Server thread/INFO]: [Chunky] Task running for Gabito. Processed: 217468 chunks (0.56%), ETA: 490:29:31, Rate: 22.0 cps, Current: -153, 252
[18:43:08] [Server thread/INFO]: [Chunky] Task running for Gabito. Processed: 217483 chunks (0.56%), ETA: 483:33:48, Rate: 22.3 cps, Current: -150, 249
[18:43:09] [Server thread/INFO]: [Chunky] Task running for Gabito. Processed: 217496 chunks (0.56%), ETA: 492:40:01, Rate: 21.9 cps, Current: -149, 252
[18:43:11] [Server thread/INFO]: [Chunky] Task running for Gabito. Processed: 217513 chunks (0.56%), ETA: 494:00:06, Rate: 21.8 cps, Current: -147, 250
[18:43:12] [Server thread/INFO]: [Chunky] Task running for Gabito. Processed: 217530 chunks (0.56%), ETA: 503:32:05, Rate: 21.4 cps, Current: -147, 246
[18:43:13] [Server thread/INFO]: [Chunky] Task running for Gabito. Processed: 217586 chunks (0.56%), ETA: 492:27:49, Rate: 21.9 cps, Current: -146, 244
[18:43:14] [Server thread/INFO]: [Chunky] Task running for Gabito. Processed: 217602 chunks (0.56%), ETA: 514:23:04, Rate: 21.0 cps, Current: -144, 241
[18:43:16] [Server thread/INFO]: [Chunky] Task running for Gabito. Processed: 217606 chunks (0.56%), ETA: 552:24:11, Rate: 19.5 cps, Current: -142, 242
[18:43:17] [Server thread/INFO]: [Chunky] Task running for Gabito. Processed: 217630 chunks (0.56%), ETA: 572:43:36, Rate: 18.8 cps, Current: -141, 241
[18:43:18] [Server thread/INFO]: [Chunky] Task running for Gabito. Processed: 217652 chunks (0.56%), ETA: 581:08:22, Rate: 18.6 cps, Current: -143, 248
[18:43:19] [Server thread/INFO]: [Chunky] Task running for Gabito. Processed: 217678 chunks (0.56%), ETA: 584:54:16, Rate: 18.5 cps, Current: -138, 247
[18:43:20] [Server thread/INFO]: [Chunky] Task running for Gabito. Processed: 217698 chunks (0.56%), ETA: 588:28:59, Rate: 18.3 cps, Current: -141, 253
[18:43:22] [Server thread/INFO]: [Chunky] Task running for Gabito. Processed: 217714 chunks (0.56%), ETA: 582:43:20, Rate: 18.5 cps, Current: -138, 250
[18:43:23] [Server thread/INFO]: [Chunky] Task running for Gabito. Processed: 217730 chunks (0.56%), ETA: 599:01:10, Rate: 18.0 cps, Current: -137, 253
[18:43:24] [Server thread/INFO]: [Chunky] Task running for Gabito. Processed: 217746 chunks (0.56%), ETA: 599:28:59, Rate: 18.0 cps, Current: -134, 248
[18:43:25] [Server thread/INFO]: [Chunky] Task running for Gabito. Processed: 217761 chunks (0.56%), ETA: 605:01:02, Rate: 17.8 cps, Current: -133, 254
[18:43:26] [Server thread/INFO]: [Chunky] Task running for Gabito. Processed: 217771 chunks (0.56%), ETA: 605:03:24, Rate: 17.8 cps, Current: -131, 250
[18:43:27] [Server thread/INFO]: [Chunky] Task running for Gabito. Processed: 217787 chunks (0.56%), ETA: 602:45:30, Rate: 17.9 cps, Current: -131, 246
[18:43:28] [Server thread/INFO]: [Chunky] Task running for Gabito. Processed: 217811 chunks (0.56%), ETA: 594:24:55, Rate: 18.2 cps, Current: -129, 249
[18:43:29] [Server thread/INFO]: [Chunky] Task running for Gabito. Processed: 217830 chunks (0.56%), ETA: 620:14:16, Rate: 17.4 cps, Current: -132, 243
[18:43:30] [Server thread/INFO]: [Chunky] Task running for Gabito. Processed: 217849 chunks (0.56%), ETA: 627:15:00, Rate: 17.2 cps, Current: -130, 243
[18:43:31] [Server thread/INFO]: [Chunky] Task running for Gabito. Processed: 217854 chunks (0.56%), ETA: 644:39:26, Rate: 16.7 cps, Current: -130, 241
[18:43:32] [Server thread/INFO]: [Chunky] Task running for Gabito. Processed: 217866 chunks (0.56%), ETA: 660:14:16, Rate: 16.3 cps, Current: -131, 234
[18:43:33] [Server thread/INFO]: [Chunky] Task running for Gabito. Processed: 217891 chunks (0.56%), ETA: 660:35:03, Rate: 16.3 cps, Current: -132, 233
[18:43:34] [Server thread/INFO]: [Chunky] Task running for Gabito. Processed: 217917 chunks (0.56%), ETA: 639:49:30, Rate: 16.9 cps, Current: -136, 238
[18:43:35] [Server thread/INFO]: [Chunky] Task running for Gabito. Processed: 217932 chunks (0.56%), ETA: 658:52:50, Rate: 16.4 cps, Current: -136, 236
[18:43:37] [Server thread/INFO]: [Chunky] Task running for Gabito. Processed: 217980 chunks (0.56%), ETA: 619:51:54, Rate: 17.4 cps, Current: -138, 232
[18:43:38] [Server thread/INFO]: [Chunky] Task running for Gabito. Processed: 218011 chunks (0.56%), ETA: 603:49:47, Rate: 17.9 cps, Current: -142, 224
[18:43:39] [Server thread/INFO]: [Chunky] Task running for Gabito. Processed: 218060 chunks (0.56%), ETA: 570:59:26, Rate: 18.9 cps, Current: -135, 225
[18:43:40] [Server thread/INFO]: [Chunky] Task running for Gabito. Processed: 218106 chunks (0.56%), ETA: 541:23:13, Rate: 19.9 cps, Current: -129, 224
[18:43:42] [Server thread/INFO]: [Chunky] Task running for Gabito. Processed: 218137 chunks (0.56%), ETA: 528:37:07, Rate: 20.4 cps, Current: -126, 229
[18:43:43] [Server thread/INFO]: [Chunky] Task running for Gabito. Processed: 218159 chunks (0.56%), ETA: 558:09:46, Rate: 19.3 cps, Current: -119, 224
[18:43:44] [Server thread/INFO]: [Chunky] Task running for Gabito. Processed: 218180 chunks (0.56%), ETA: 546:13:16, Rate: 19.8 cps, Current: -118, 225
[18:43:45] [Server thread/INFO]: [Chunky] Task running for Gabito. Processed: 218203 chunks (0.56%), ETA: 527:18:50, Rate: 20.5 cps, Current: -120, 228
[18:43:46] [Server thread/INFO]: [Chunky] Task running for Gabito. Processed: 218222 chunks (0.56%), ETA: 531:25:55, Rate: 20.3 cps, Current: -113, 226
[18:43:47] [Server thread/INFO]: [Chunky] Task running for Gabito. Processed: 218242 chunks (0.56%), ETA: 528:00:25, Rate: 20.4 cps, Current: -113, 228
[18:43:48] [Server thread/INFO]: [Chunky] Task running for Gabito. Processed: 218259 chunks (0.56%), ETA: 536:52:35, Rate: 20.1 cps, Current: -120, 234
[18:43:49] [Server thread/INFO]: [Chunky] Task running for Gabito. Processed: 218274 chunks (0.56%), ETA: 541:29:05, Rate: 19.9 cps, Current: -117, 236
[18:43:50] [Server thread/INFO]: [Chunky] Task running for Gabito. Processed: 218289 chunks (0.56%), ETA: 542:25:46, Rate: 19.9 cps, Current: -116, 238
[18:43:51] [Server thread/INFO]: [Chunky] Task running for Gabito. Processed: 218305 chunks (0.56%), ETA: 540:38:33, Rate: 20.0 cps, Current: -128, 232
[18:43:52] [Server thread/INFO]: [Chunky] Task running for Gabito. Processed: 218355 chunks (0.56%), ETA: 512:04:16, Rate: 21.1 cps, Current: -128, 238
[18:43:53] [Server thread/INFO]: [Chunky] Task running for Gabito. Processed: 218372 chunks (0.56%), ETA: 511:21:27, Rate: 21.1 cps, Current: -128, 243
[18:43:55] [Server thread/INFO]: [Chunky] Task running for Gabito. Processed: 218408 chunks (0.56%), ETA: 496:35:02, Rate: 21.7 cps, Current: -121, 241
[18:43:56] [Server thread/INFO]: [Chunky] Task running for Gabito. Processed: 218417 chunks (0.56%), ETA: 496:24:04, Rate: 21.7 cps, Current: -128, 250
[18:43:57] [Server thread/INFO]: [Chunky] Task running for Gabito. Processed: 218433 chunks (0.56%), ETA: 502:51:31, Rate: 21.5 cps, Current: -126, 247
[18:44:00] [Server thread/INFO]: [Chunky] Task running for Gabito. Processed: 218439 chunks (0.56%), ETA: 532:57:05, Rate: 20.3 cps, Current: -121, 244
[18:44:01] [Server thread/INFO]: [Chunky] Task running for Gabito. Processed: 218452 chunks (0.56%), ETA: 533:15:25, Rate: 20.2 cps, Current: -122, 247
[18:44:02] [Server thread/INFO]: [Chunky] Task running for Gabito. Processed: 218472 chunks (0.56%), ETA: 535:59:00, Rate: 20.1 cps, Current: -123, 252
[18:44:03] [Server thread/INFO]: [Chunky] Task running for Gabito. Processed: 218477 chunks (0.56%), ETA: 550:42:23, Rate: 19.6 cps, Current: -121, 248
[18:44:04] [Server thread/INFO]: [Chunky] Task running for Gabito. Processed: 218493 chunks (0.56%), ETA: 557:42:23, Rate: 19.4 cps, Current: -124, 255
[18:44:05] [Server thread/INFO]: [Chunky] Task running for Gabito. Processed: 218511 chunks (0.56%), ETA: 556:43:10, Rate: 19.4 cps, Current: -118, 251
[18:44:06] [Server thread/INFO]: [Chunky] Task running for Gabito. Processed: 218527 chunks (0.56%), ETA: 587:59:16, Rate: 18.4 cps, Current: -117, 254
[18:44:08] [Server thread/INFO]: [Chunky] Task running for Gabito. Processed: 218543 chunks (0.56%), ETA: 606:55:28, Rate: 17.8 cps, Current: -114, 253
[18:44:09] [Server thread/INFO]: [Chunky] Task running for Gabito. Processed: 218567 chunks (0.56%), ETA: 629:18:48, Rate: 17.2 cps, Current: -115, 255
[18:44:10] [Server thread/INFO]: [Chunky] Task running for Gabito. Processed: 218610 chunks (0.56%), ETA: 631:10:14, Rate: 17.1 cps, Current: -113, 249
[18:44:11] [Server thread/INFO]: [Chunky] Task running for Gabito. Processed: 218626 chunks (0.56%), ETA: 648:13:22, Rate: 16.7 cps, Current: -112, 241
[18:44:12] [Server thread/INFO]: [Chunky] Task running for Gabito. Processed: 218634 chunks (0.56%), ETA: 670:26:24, Rate: 16.1 cps, Current: -111, 240
[18:44:13] [Server thread/INFO]: [Chunky] Task running for Gabito. Processed: 218657 chunks (0.56%), ETA: 667:01:29, Rate: 16.2 cps, Current: -106, 242
[18:44:14] [Server thread/INFO]: [Chunky] Task running for Gabito. Processed: 218677 chunks (0.56%), ETA: 669:45:28, Rate: 16.1 cps, Current: -111, 249
[18:44:15] [Server thread/INFO]: [Chunky] Task running for Gabito. Processed: 218700 chunks (0.56%), ETA: 662:40:47, Rate: 16.3 cps, Current: -111, 253
[18:44:17] [Server thread/INFO]: [Chunky] Task running for Gabito. Processed: 218722 chunks (0.56%), ETA: 661:44:29, Rate: 16.3 cps, Current: -110, 254
[18:44:18] [Server thread/INFO]: [Chunky] Task running for Gabito. Processed: 218739 chunks (0.56%), ETA: 660:51:58, Rate: 16.3 cps, Current: -108, 254
[18:44:19] [Server thread/INFO]: [Chunky] Task running for Gabito. Processed: 218758 chunks (0.56%), ETA: 655:38:16, Rate: 16.5 cps, Current: -102, 250
[18:44:20] [Server thread/INFO]: [Chunky] Task running for Gabito. Processed: 218771 chunks (0.56%), ETA: 669:14:07, Rate: 16.1 cps, Current: -104, 254
[18:44:21] [Server thread/INFO]: [Chunky] Task running for Gabito. Processed: 218788 chunks (0.56%), ETA: 668:56:42, Rate: 16.1 cps, Current: -100, 249
[18:44:22] [Server thread/INFO]: [Chunky] Task running for Gabito. Processed: 218809 chunks (0.56%), ETA: 710:29:22, Rate: 15.2 cps, Current: -100, 255
[18:44:23] [Server thread/INFO]: [Chunky] Task running for Gabito. Processed: 218827 chunks (0.56%), ETA: 710:01:11, Rate: 15.2 cps, Current: -104, 244
[18:44:24] [Server thread/INFO]: [Chunky] Task running for Gabito. Processed: 218846 chunks (0.56%), ETA: 734:08:46, Rate: 14.7 cps, Current: -103, 242
[18:44:25] [Server thread/INFO]: [Chunky] Task running for Gabito. Processed: 218862 chunks (0.56%), ETA: 722:31:36, Rate: 14.9 cps, Current: -102, 241
[18:44:27] [Server thread/INFO]: [Chunky] Task running for Gabito. Processed: 218874 chunks (0.56%), ETA: 668:23:48, Rate: 16.1 cps, Current: -98, 242
[18:44:28] [Server thread/INFO]: [Chunky] Task running for Gabito. Processed: 218885 chunks (0.56%), ETA: 678:53:43, Rate: 15.9 cps, Current: -97, 242
[18:44:29] [Server thread/INFO]: [Chunky] Task running for Gabito. Processed: 218896 chunks (0.56%), ETA: 687:04:31, Rate: 15.7 cps, Current: -101, 234
[18:44:30] [Server thread/INFO]: [Chunky] Task running for Gabito. Processed: 218915 chunks (0.56%), ETA: 675:57:26, Rate: 16.0 cps, Current: -100, 233
[18:44:31] [Server thread/INFO]: [Chunky] Task running for Gabito. Processed: 218940 chunks (0.56%), ETA: 670:25:49, Rate: 16.1 cps, Current: -105, 238
[18:44:32] [Server thread/INFO]: [Chunky] Task running for Gabito. Processed: 218954 chunks (0.56%), ETA: 659:21:54, Rate: 16.4 cps, Current: -102, 232
[18:44:33] [Server thread/INFO]: [Chunky] Task running for Gabito. Processed: 218995 chunks (0.56%), ETA: 626:36:51, Rate: 17.2 cps, Current: -105, 233
[18:44:34] [Server thread/INFO]: [Chunky] Task running for Gabito. Processed: 219010 chunks (0.56%), ETA: 628:55:38, Rate: 17.2 cps, Current: -112, 231
[18:44:36] [Server thread/INFO]: [Chunky] Task running for Gabito. Processed: 219063 chunks (0.56%), ETA: 583:42:00, Rate: 18.5 cps, Current: -106, 228
[18:44:37] [Server thread/INFO]: [Chunky] Task running for Gabito. Processed: 219091 chunks (0.56%), ETA: 571:46:21, Rate: 18.9 cps, Current: -102, 231
[18:44:38] [Server thread/INFO]: [Chunky] Task running for Gabito. Processed: 219126 chunks (0.56%), ETA: 553:20:42, Rate: 19.5 cps, Current: -98, 229
[18:44:39] [Server thread/INFO]: [Chunky] Task running for Gabito. Processed: 219149 chunks (0.56%), ETA: 579:29:27, Rate: 18.6 cps, Current: -94, 225
[18:44:40] [Server thread/INFO]: [Chunky] Task running for Gabito. Processed: 219167 chunks (0.56%), ETA: 577:52:44, Rate: 18.7 cps, Current: -94, 229
[18:44:41] [Server thread/INFO]: [Chunky] Task running for Gabito. Processed: 219181 chunks (0.56%), ETA: 569:13:39, Rate: 19.0 cps, Current: -87, 224
[18:44:42] [Server thread/INFO]: [Chunky] Task running for Gabito. Processed: 219198 chunks (0.56%), ETA: 578:41:41, Rate: 18.7 cps, Current: -83, 224
[18:44:43] [Server thread/INFO]: [Chunky] Task running for Gabito. Processed: 219208 chunks (0.56%), ETA: 589:36:47, Rate: 18.3 cps, Current: -92, 231
[18:44:44] [Server thread/INFO]: [Chunky] Task running for Gabito. Processed: 219227 chunks (0.56%), ETA: 593:53:44, Rate: 18.2 cps, Current: -88, 228
[18:44:45] [Server thread/INFO]: [Chunky] Task running for Gabito. Processed: 219243 chunks (0.56%), ETA: 598:35:31, Rate: 18.0 cps, Current: -88, 230
[18:44:47] [Server thread/INFO]: [Chunky] Task running for Gabito. Processed: 219261 chunks (0.56%), ETA: 597:26:50, Rate: 18.1 cps, Current: -83, 231
[18:44:48] [Server thread/INFO]: [Chunky] Task running for Gabito. Processed: 219281 chunks (0.56%), ETA: 600:11:59, Rate: 18.0 cps, Current: -83, 234
[18:44:49] [Server thread/INFO]: [Chunky] Task running for Gabito. Processed: 219292 chunks (0.56%), ETA: 593:26:34, Rate: 18.2 cps, Current: -87, 235
[18:44:50] [Server thread/INFO]: [Chunky] Task running for Gabito. Processed: 219303 chunks (0.56%), ETA: 601:27:55, Rate: 17.9 cps, Current: -88, 236
[18:44:51] [Server thread/INFO]: [Chunky] Task running for Gabito. Processed: 219321 chunks (0.56%), ETA: 603:21:01, Rate: 17.9 cps, Current: -81, 236
[18:44:52] [Server thread/INFO]: [Chunky] Task running for Gabito. Processed: 219336 chunks (0.56%), ETA: 610:09:56, Rate: 17.7 cps, Current: -87, 238
[18:44:53] [Server thread/INFO]: [Chunky] Task running for Gabito. Processed: 219378 chunks (0.56%), ETA: 584:12:10, Rate: 18.5 cps, Current: -87, 239
[18:44:54] [Server thread/INFO]: [Chunky] Task running for Gabito. Processed: 219396 chunks (0.56%), ETA: 587:08:36, Rate: 18.4 cps, Current: -96, 243
[18:44:55] [Server thread/INFO]: [Chunky] Task running for Gabito. Processed: 219417 chunks (0.56%), ETA: 581:23:50, Rate: 18.6 cps, Current: -95, 244
[18:44:57] [Server thread/INFO]: [Chunky] Task running for Gabito. Processed: 219437 chunks (0.56%), ETA: 565:28:34, Rate: 19.1 cps, Current: -96, 249
[18:44:58] [Server thread/INFO]: [Chunky] Task running for Gabito. Processed: 219463 chunks (0.56%), ETA: 551:39:55, Rate: 19.6 cps, Current: -94, 248
[18:44:59] [Server thread/INFO]: [Chunky] Task running for Gabito. Processed: 219477 chunks (0.56%), ETA: 558:14:11, Rate: 19.3 cps, Current: -93, 248
[18:45:00] [Server thread/INFO]: [Chunky] Task running for Gabito. Processed: 219499 chunks (0.56%), ETA: 558:30:33, Rate: 19.3 cps, Current: -90, 248
[18:45:02] [Server thread/INFO]: [Chunky] Task running for Gabito. Processed: 219514 chunks (0.56%), ETA: 561:21:40, Rate: 19.2 cps, Current: -89, 250
[18:45:03] [Server thread/INFO]: [Chunky] Task running for Gabito. Processed: 219529 chunks (0.56%), ETA: 589:47:31, Rate: 18.3 cps, Current: -89, 254
[18:45:04] [Server thread/INFO]: [Chunky] Task running for Gabito. Processed: 219539 chunks (0.56%), ETA: 595:56:47, Rate: 18.1 cps, Current: -87, 254
[18:45:05] [Server thread/INFO]: [Chunky] Task running for Gabito. Processed: 219550 chunks (0.56%), ETA: 650:16:01, Rate: 16.6 cps, Current: -83, 253
[18:45:06] [Server thread/INFO]: [Chunky] Task running for Gabito. Processed: 219556 chunks (0.56%), ETA: 675:31:23, Rate: 16.0 cps, Current: -87, 255
[18:45:07] [Server thread/INFO]: [Chunky] Task running for Gabito. Processed: 219563 chunks (0.56%), ETA: 718:57:13, Rate: 15.0 cps, Current: -85, 255
[18:45:08] [Server thread/INFO]: [Chunky] Task running for Gabito. Processed: 219566 chunks (0.56%), ETA: 753:58:23, Rate: 14.3 cps, Current: -83, 248
[18:45:10] [Server thread/INFO]: [Chunky] Task running for Gabito. Processed: 219579 chunks (0.56%), ETA: 786:29:41, Rate: 13.7 cps, Current: -82, 250
[18:45:11] [Server thread/INFO]: [Chunky] Task running for Gabito. Processed: 219614 chunks (0.56%), ETA: 749:18:34, Rate: 14.4 cps, Current: -86, 240
[18:45:12] [Server thread/INFO]: [Chunky] Task running for Gabito. Processed: 219649 chunks (0.56%), ETA: 707:39:34, Rate: 15.3 cps, Current: -80, 240
[18:45:14] [Server thread/INFO]: [Chunky] Task running for Gabito. Processed: 219651 chunks (0.56%), ETA: 752:40:34, Rate: 14.3 cps, Current: -80, 242
[18:45:15] [Server thread/INFO]: [Chunky] Task running for Gabito. Processed: 219672 chunks (0.56%), ETA: 742:59:42, Rate: 14.5 cps, Current: -78, 244
[18:45:17] [Server thread/INFO]: [Chunky] Task running for Gabito. Processed: 219698 chunks (0.56%), ETA: 737:59:57, Rate: 14.6 cps, Current: -79, 247
[18:45:18] [Server thread/INFO]: [Chunky] Task running for Gabito. Processed: 219720 chunks (0.56%), ETA: 729:47:15, Rate: 14.8 cps, Current: -73, 246
[18:45:19] [Server thread/INFO]: [Chunky] Task running for Gabito. Processed: 219735 chunks (0.56%), ETA: 723:11:17, Rate: 14.9 cps, Current: -77, 249
[18:45:20] [Server thread/INFO]: [Chunky] Task running for Gabito. Processed: 219744 chunks (0.56%), ETA: 732:30:58, Rate: 14.7 cps, Current: -76, 252
[18:45:21] [Server thread/INFO]: [Chunky] Task running for Gabito. Processed: 219760 chunks (0.56%), ETA: 733:41:13, Rate: 14.7 cps, Current: -73, 249
[18:45:22] [Server thread/INFO]: [Chunky] Task running for Gabito. Processed: 219778 chunks (0.56%), ETA: 729:40:06, Rate: 14.8 cps, Current: -76, 255
[18:45:23] [Server thread/INFO]: [Chunky] Task running for Gabito. Processed: 219789 chunks (0.56%), ETA: 785:24:31, Rate: 13.7 cps, Current: -70, 251
[18:45:24] [Server thread/INFO]: [Chunky] Task running for Gabito. Processed: 219807 chunks (0.56%), ETA: 783:20:19, Rate: 13.8 cps, Current: -67, 252
[18:45:25] [Server thread/INFO]: [Chunky] Task running for Gabito. Processed: 219815 chunks (0.56%), ETA: 809:41:58, Rate: 13.3 cps, Current: -67, 250
[18:45:26] [Server thread/INFO]: [Chunky] Task running for Gabito. Processed: 219835 chunks (0.56%), ETA: 807:28:51, Rate: 13.4 cps, Current: -68, 255
[18:45:28] [Server thread/INFO]: [Chunky] Task running for Gabito. Processed: 219856 chunks (0.56%), ETA: 807:12:30, Rate: 13.4 cps, Current: -70, 245
[18:45:29] [Server thread/INFO]: [Chunky] Task running for Gabito. Processed: 219878 chunks (0.56%), ETA: 793:56:11, Rate: 13.6 cps, Current: -71, 241
[18:45:30] [Server thread/INFO]: [Chunky] Task running for Gabito. Processed: 219896 chunks (0.56%), ETA: 805:57:21, Rate: 13.4 cps, Current: -66, 243
[18:45:31] [Server thread/INFO]: [Chunky] Task running for Gabito. Processed: 219899 chunks (0.56%), ETA: 822:23:57, Rate: 13.1 cps, Current: -67, 239
[18:45:32] [Server thread/INFO]: [Chunky] Task running for Gabito. Processed: 219914 chunks (0.56%), ETA: 826:13:47, Rate: 13.1 cps, Current: -66, 238
[18:45:33] [Server thread/INFO]: [Chunky] Task running for Gabito. Processed: 219930 chunks (0.56%), ETA: 811:29:26, Rate: 13.3 cps, Current: -65, 240
[18:45:34] [Server thread/INFO]: [Chunky] Task running for Gabito. Processed: 219945 chunks (0.56%), ETA: 802:54:42, Rate: 13.4 cps, Current: -70, 233
[18:45:35] [Server thread/INFO]: [Chunky] Task running for Gabito. Processed: 219971 chunks (0.56%), ETA: 765:06:50, Rate: 14.1 cps, Current: -75, 238
[18:45:36] [Server thread/INFO]: [Chunky] Task running for Gabito. Processed: 219995 chunks (0.56%), ETA: 736:23:44, Rate: 14.7 cps, Current: -73, 236
[18:45:38] [Server thread/INFO]: [Chunky] Task running for Gabito. Processed: 220026 chunks (0.56%), ETA: 693:00:09, Rate: 15.6 cps, Current: -73, 232
[18:45:39] [Server thread/INFO]: [Chunky] Task running for Gabito. Processed: 220034 chunks (0.56%), ETA: 678:41:01, Rate: 15.9 cps, Current: -73, 231
[18:45:41] [Server thread/INFO]: [Chunky] Task running for Gabito. Processed: 220060 chunks (0.56%), ETA: 708:17:02, Rate: 15.2 cps, Current: -78, 225
[18:45:42] [Server thread/INFO]: [Chunky] Task running for Gabito. Processed: 220129 chunks (0.56%), ETA: 665:44:02, Rate: 16.2 cps, Current: -68, 231
[18:45:43] [Server thread/INFO]: [Chunky] Task running for Gabito. Processed: 220164 chunks (0.56%), ETA: 610:10:58, Rate: 17.7 cps, Current: -61, 224
[18:45:44] [Server thread/INFO]: [Chunky] Task running for Gabito. Processed: 220173 chunks (0.56%), ETA: 627:37:30, Rate: 17.2 cps, Current: -62, 225
[18:45:46] [Server thread/INFO]: [Chunky] Task running for Gabito. Processed: 220201 chunks (0.56%), ETA: 620:43:33, Rate: 17.4 cps, Current: -62, 230
[18:45:47] [Server thread/INFO]: [Chunky] Task running for Gabito. Processed: 220226 chunks (0.56%), ETA: 621:10:14, Rate: 17.4 cps, Current: -61, 231
[18:45:48] [Server thread/INFO]: [Chunky] Task running for Gabito. Processed: 220240 chunks (0.56%), ETA: 626:50:47, Rate: 17.2 cps, Current: -49, 225
[18:45:49] [Server thread/INFO]: [Chunky] Task running for Gabito. Processed: 220266 chunks (0.56%), ETA: 601:34:47, Rate: 17.9 cps, Current: -49, 226
[18:45:50] [Server thread/INFO]: [Chunky] Task running for Gabito. Processed: 220282 chunks (0.56%), ETA: 599:17:19, Rate: 18.0 cps, Current: -54, 231
[18:45:51] [Server thread/INFO]: [Chunky] Task running for Gabito. Processed: 220298 chunks (0.56%), ETA: 600:45:37, Rate: 18.0 cps, Current: -49, 229
[18:45:52] [Server thread/INFO]: [Chunky] Task running for Gabito. Processed: 220310 chunks (0.56%), ETA: 596:18:04, Rate: 18.1 cps, Current: -56, 234
[18:45:53] [Server thread/INFO]: [Chunky] Task running for Gabito. Processed: 220325 chunks (0.56%), ETA: 600:44:53, Rate: 18.0 cps, Current: -55, 236
[18:45:54] [Server thread/INFO]: [Chunky] Task running for Gabito. Processed: 220345 chunks (0.56%), ETA: 589:58:28, Rate: 18.3 cps, Current: -49, 236
[18:45:55] [Server thread/INFO]: [Chunky] Task running for Gabito. Processed: 220368 chunks (0.56%), ETA: 586:17:45, Rate: 18.4 cps, Current: -57, 238
[18:45:56] [Server thread/INFO]: [Chunky] Task running for Gabito. Processed: 220410 chunks (0.56%), ETA: 560:52:58, Rate: 19.2 cps, Current: -58, 239
[18:45:58] [Server thread/INFO]: [Chunky] Task running for Gabito. Processed: 220431 chunks (0.56%), ETA: 563:58:46, Rate: 19.1 cps, Current: -61, 241
[18:45:59] [Server thread/INFO]: [Chunky] Task running for Gabito. Processed: 220457 chunks (0.56%), ETA: 555:23:38, Rate: 19.4 cps, Current: -64, 246
[18:46:00] [Server thread/INFO]: [Chunky] Task running for Gabito. Processed: 220471 chunks (0.56%), ETA: 561:08:18, Rate: 19.2 cps, Current: -64, 252
[18:46:01] [Server thread/INFO]: [Chunky] Task running for Gabito. Processed: 220488 chunks (0.56%), ETA: 549:01:52, Rate: 19.7 cps, Current: -62, 249
[18:46:02] [Server thread/INFO]: [Chunky] Task running for Gabito. Processed: 220498 chunks (0.56%), ETA: 554:24:11, Rate: 19.5 cps, Current: -61, 248
[18:46:04] [Server thread/INFO]: [Chunky] Task running for Gabito. Processed: 220522 chunks (0.56%), ETA: 544:07:37, Rate: 19.8 cps, Current: -61, 254
[18:46:05] [Server thread/INFO]: [Chunky] Task running for Gabito. Processed: 220535 chunks (0.56%), ETA: 556:37:38, Rate: 19.4 cps, Current: -61, 255
[18:46:06] [Server thread/INFO]: [Chunky] Task running for Gabito. Processed: 220553 chunks (0.56%), ETA: 563:56:02, Rate: 19.1 cps, Current: -57, 254
[18:46:07] [Server thread/INFO]: [Chunky] Task running for Gabito. Processed: 220567 chunks (0.56%), ETA: 581:28:56, Rate: 18.6 cps, Current: -52, 253
[18:46:08] [Server thread/INFO]: [Chunky] Task running for Gabito. Processed: 220580 chunks (0.56%), ETA: 573:11:15, Rate: 18.8 cps, Current: -52, 249
[18:46:09] [Server thread/INFO]: [Chunky] Task running for Gabito. Processed: 220596 chunks (0.56%), ETA: 569:23:25, Rate: 19.0 cps, Current: -52, 255
[18:46:10] [Server thread/INFO]: [Chunky] Task running for Gabito. Processed: 220618 chunks (0.56%), ETA: 566:57:51, Rate: 19.0 cps, Current: -50, 255
[18:46:11] [Server thread/INFO]: [Chunky] Task running for Gabito. Processed: 220663 chunks (0.56%), ETA: 584:48:44, Rate: 18.5 cps, Current: -49, 249
[18:46:12] [Server thread/INFO]: [Chunky] Task running for Gabito. Processed: 220674 chunks (0.56%), ETA: 617:36:04, Rate: 17.5 cps, Current: -48, 241
[18:46:14] [Server thread/INFO]: [Chunky] Task running for Gabito. Processed: 220678 chunks (0.56%), ETA: 622:48:29, Rate: 17.3 cps, Current: -47, 241
[18:46:15] [Server thread/INFO]: [Chunky] Task running for Gabito. Processed: 220704 chunks (0.56%), ETA: 622:28:26, Rate: 17.3 cps, Current: -48, 246
[18:46:16] [Server thread/INFO]: [Chunky] Task running for Gabito. Processed: 220723 chunks (0.56%), ETA: 625:34:25, Rate: 17.3 cps, Current: -48, 250
[18:46:17] [Server thread/INFO]: [Chunky] Task running for Gabito. Processed: 220742 chunks (0.56%), ETA: 623:28:48, Rate: 17.3 cps, Current: -47, 250
[18:46:18] [Server thread/INFO]: [Chunky] Task running for Gabito. Processed: 220762 chunks (0.56%), ETA: 614:41:48, Rate: 17.6 cps, Current: -44, 248
[18:46:19] [Server thread/INFO]: [Chunky] Task running for Gabito. Processed: 220781 chunks (0.57%), ETA: 624:22:26, Rate: 17.3 cps, Current: -45, 254
[18:46:20] [Server thread/INFO]: [Chunky] Task running for Gabito. Processed: 220797 chunks (0.57%), ETA: 627:26:54, Rate: 17.2 cps, Current: -41, 252
[18:46:21] [Server thread/INFO]: [Chunky] Task running for Gabito. Processed: 220812 chunks (0.57%), ETA: 627:42:09, Rate: 17.2 cps, Current: -41, 254
[18:46:22] [Server thread/INFO]: [Chunky] Task running for Gabito. Processed: 220827 chunks (0.57%), ETA: 622:13:44, Rate: 17.3 cps, Current: -37, 249
[18:46:23] [Server thread/INFO]: [Chunky] Task running for Gabito. Processed: 220839 chunks (0.57%), ETA: 632:07:56, Rate: 17.1 cps, Current: -39, 255
[18:46:24] [Server thread/INFO]: [Chunky] Task running for Gabito. Processed: 220859 chunks (0.57%), ETA: 637:04:59, Rate: 16.9 cps, Current: -35, 246
[18:46:25] [Server thread/INFO]: [Chunky] Task running for Gabito. Processed: 220883 chunks (0.57%), ETA: 659:29:59, Rate: 16.4 cps, Current: -38, 245
[18:46:27] [Server thread/INFO]: [Chunky] Task running for Gabito. Processed: 220900 chunks (0.57%), ETA: 663:39:56, Rate: 16.3 cps, Current: -38, 242
[18:46:28] [Server thread/INFO]: [Chunky] Task running for Gabito. Processed: 220921 chunks (0.57%), ETA: 673:03:10, Rate: 16.0 cps, Current: -34, 243
[18:46:29] [Server thread/INFO]: [Chunky] Task running for Gabito. Processed: 220925 chunks (0.57%), ETA: 687:57:49, Rate: 15.7 cps, Current: -34, 242
[18:46:30] [Server thread/INFO]: [Chunky] Task running for Gabito. Processed: 220939 chunks (0.57%), ETA: 684:06:03, Rate: 15.8 cps, Current: -34, 238
[18:46:31] [Server thread/INFO]: [Chunky] Task running for Gabito. Processed: 220963 chunks (0.57%), ETA: 674:32:57, Rate: 16.0 cps, Current: -36, 233
[18:46:32] [Server thread/INFO]: [Chunky] Task running for Gabito. Processed: 220971 chunks (0.57%), ETA: 678:52:31, Rate: 15.9 cps, Current: -33, 234
[18:46:33] [Server thread/INFO]: [Chunky] Task running for Gabito. Processed: 221003 chunks (0.57%), ETA: 667:16:16, Rate: 16.2 cps, Current: -40, 237
[18:46:34] [Server thread/INFO]: [Chunky] Task running for Gabito. Processed: 221038 chunks (0.57%), ETA: 637:18:31, Rate: 16.9 cps, Current: -45, 234
[18:46:36] [Server thread/INFO]: [Chunky] Task running for Gabito. Processed: 221057 chunks (0.57%), ETA: 639:01:01, Rate: 16.9 cps, Current: -41, 231
[18:46:37] [Server thread/INFO]: [Chunky] Task running for Gabito. Processed: 221089 chunks (0.57%), ETA: 614:57:35, Rate: 17.6 cps, Current: -45, 224
[18:46:38] [Server thread/INFO]: [Chunky] Task running for Gabito. Processed: 221132 chunks (0.57%), ETA: 583:01:21, Rate: 18.5 cps, Current: -39, 225
[18:46:39] [Server thread/INFO]: [Chunky] Task running for Gabito. Processed: 221178 chunks (0.57%), ETA: 553:31:14, Rate: 19.5 cps, Current: -33, 224
[18:46:40] [Server thread/INFO]: [Chunky] Task running for Gabito. Processed: 221198 chunks (0.57%), ETA: 584:56:29, Rate: 18.5 cps, Current: -30, 225
[18:46:41] [Server thread/INFO]: [Chunky] Task running for Gabito. Processed: 221226 chunks (0.57%), ETA: 564:01:53, Rate: 19.1 cps, Current: -30, 230
[18:46:42] [Server thread/INFO]: [Chunky] Task running for Gabito. Processed: 221243 chunks (0.57%), ETA: 566:10:54, Rate: 19.1 cps, Current: -23, 225
[18:46:43] [Server thread/INFO]: [Chunky] Task running for Gabito. Processed: 221256 chunks (0.57%), ETA: 558:18:46, Rate: 19.3 cps, Current: -23, 226
[18:46:45] [Server thread/INFO]: [Chunky] Task running for Gabito. Processed: 221289 chunks (0.57%), ETA: 550:47:45, Rate: 19.6 cps, Current: -19, 229
[18:46:46] [Server thread/INFO]: [Chunky] Task running for Gabito. Processed: 221295 chunks (0.57%), ETA: 563:43:31, Rate: 19.1 cps, Current: -23, 230
[18:46:47] [Server thread/INFO]: [Chunky] Task running for Gabito. Processed: 221315 chunks (0.57%), ETA: 563:06:00, Rate: 19.2 cps, Current: -19, 232
[18:46:48] [Server thread/INFO]: [Chunky] Task running for Gabito. Processed: 221331 chunks (0.57%), ETA: 566:02:17, Rate: 19.1 cps, Current: -18, 233
[18:46:49] [Server thread/INFO]: [Chunky] Task running for Gabito. Processed: 221348 chunks (0.57%), ETA: 568:11:58, Rate: 19.0 cps, Current: -17, 233
[18:46:50] [Server thread/INFO]: [Chunky] Task running for Gabito. Processed: 221362 chunks (0.57%), ETA: 570:47:58, Rate: 18.9 cps, Current: -17, 236
[18:46:51] [Server thread/INFO]: [Chunky] Task running for Gabito. Processed: 221387 chunks (0.57%), ETA: 560:22:20, Rate: 19.3 cps, Current: -17, 239
[18:46:52] [Server thread/INFO]: [Chunky] Task running for Gabito. Processed: 221433 chunks (0.57%), ETA: 525:59:32, Rate: 20.5 cps, Current: -25, 239
[18:46:53] [Server thread/INFO]: [Chunky] Task running for Gabito. Processed: 221445 chunks (0.57%), ETA: 533:15:09, Rate: 20.2 cps, Current: -31, 240
[18:46:55] [Server thread/INFO]: [Chunky] Task running for Gabito. Processed: 221474 chunks (0.57%), ETA: 532:05:05, Rate: 20.3 cps, Current: -26, 241
[18:46:56] [Server thread/INFO]: [Chunky] Task running for Gabito. Processed: 221494 chunks (0.57%), ETA: 527:22:12, Rate: 20.5 cps, Current: -32, 251
[18:46:57] [Server thread/INFO]: [Chunky] Task running for Gabito. Processed: 221511 chunks (0.57%), ETA: 533:14:24, Rate: 20.2 cps, Current: -25, 244
[18:46:58] [Server thread/INFO]: [Chunky] Task running for Gabito. Processed: 221537 chunks (0.57%), ETA: 515:17:58, Rate: 20.9 cps, Current: -30, 254
[18:46:59] [Server thread/INFO]: [Chunky] Task running for Gabito. Processed: 221550 chunks (0.57%), ETA: 515:49:26, Rate: 20.9 cps, Current: -24, 248
[18:47:00] [Server thread/INFO]: [Chunky] Task running for Gabito. Processed: 221570 chunks (0.57%), ETA: 517:28:39, Rate: 20.9 cps, Current: -23, 249
[18:47:02] [Server thread/INFO]: [Chunky] Task running for Gabito. Processed: 221586 chunks (0.57%), ETA: 513:57:47, Rate: 21.0 cps, Current: -24, 254
[18:47:03] [Server thread/INFO]: [Chunky] Task running for Gabito. Processed: 221597 chunks (0.57%), ETA: 531:30:15, Rate: 20.3 cps, Current: -21, 254
[18:47:04] [Server thread/INFO]: [Chunky] Task running for Gabito. Processed: 221610 chunks (0.57%), ETA: 554:48:41, Rate: 19.5 cps, Current: -22, 255
[18:47:05] [Server thread/INFO]: [Chunky] Task running for Gabito. Processed: 221626 chunks (0.57%), ETA: 555:41:11, Rate: 19.4 cps, Current: -24, 246
[18:47:06] [Server thread/INFO]: [Chunky] Task running for Gabito. Processed: 221656 chunks (0.57%), ETA: 557:31:00, Rate: 19.4 cps, Current: -17, 252
[18:47:07] [Server thread/INFO]: [Chunky] Task running for Gabito. Processed: 221687 chunks (0.57%), ETA: 574:07:22, Rate: 18.8 cps, Current: -17, 249
[18:47:09] [Server thread/INFO]: [Chunky] Task running for Gabito. Processed: 221698 chunks (0.57%), ETA: 631:12:16, Rate: 17.1 cps, Current: -16, 241
[18:47:12] [Server thread/INFO]: [Chunky] Task running for Gabito. Processed: 221699 chunks (0.57%), ETA: 702:32:00, Rate: 15.4 cps, Current: -16, 242
[18:47:13] [Server thread/INFO]: [Chunky] Task running for Gabito. Processed: 221705 chunks (0.57%), ETA: 708:57:09, Rate: 15.2 cps, Current: -13, 242
[18:47:14] [Server thread/INFO]: [Chunky] Task running for Gabito. Processed: 221727 chunks (0.57%), ETA: 727:28:43, Rate: 14.8 cps, Current: -12, 241
[18:47:15] [Server thread/INFO]: [Chunky] Task running for Gabito. Processed: 221747 chunks (0.57%), ETA: 705:41:11, Rate: 15.3 cps, Current: -16, 250
[18:47:16] [Server thread/INFO]: [Chunky] Task running for Gabito. Processed: 221768 chunks (0.57%), ETA: 703:40:47, Rate: 15.3 cps, Current: -12, 247
[18:47:17] [Server thread/INFO]: [Chunky] Task running for Gabito. Processed: 221790 chunks (0.57%), ETA: 692:07:53, Rate: 15.6 cps, Current: -12, 251
[18:47:18] [Server thread/INFO]: [Chunky] Task running for Gabito. Processed: 221805 chunks (0.57%), ETA: 687:50:55, Rate: 15.7 cps, Current: -13, 254
[18:47:20] [Server thread/INFO]: [Chunky] Task running for Gabito. Processed: 221820 chunks (0.57%), ETA: 689:17:20, Rate: 15.7 cps, Current: -7, 248
[18:47:21] [Server thread/INFO]: [Chunky] Task running for Gabito. Processed: 221835 chunks (0.57%), ETA: 704:48:30, Rate: 15.3 cps, Current: -11, 255
[18:47:22] [Server thread/INFO]: [Chunky] Task running for Gabito. Processed: 221844 chunks (0.57%), ETA: 768:53:24, Rate: 14.0 cps, Current: -7, 254
[18:47:23] [Server thread/INFO]: [Chunky] Task running for Gabito. Processed: 221862 chunks (0.57%), ETA: 757:43:26, Rate: 14.2 cps, Current: -3, 251
[18:47:24] [Server thread/INFO]: [Chunky] Task running for Gabito. Processed: 221877 chunks (0.57%), ETA: 778:30:18, Rate: 13.9 cps, Current: -5, 247
[18:47:25] [Server thread/INFO]: [Chunky] Task running for Gabito. Processed: 221883 chunks (0.57%), ETA: 810:09:34, Rate: 13.3 cps, Current: -8, 246
[18:47:26] [Server thread/INFO]: [Chunky] Task running for Gabito. Processed: 221900 chunks (0.57%), ETA: 803:57:37, Rate: 13.4 cps, Current: -1, 252
[18:47:27] [Server thread/INFO]: [Chunky] Task running for Gabito. Processed: 221914 chunks (0.57%), ETA: 827:20:28, Rate: 13.0 cps, Current: -1, 249
[18:47:28] [Server thread/INFO]: [Chunky] Task running for Gabito. Processed: 221923 chunks (0.57%), ETA: 838:36:48, Rate: 12.9 cps, Current: -1, 246
[18:47:30] [Server thread/INFO]: [Chunky] Task running for Gabito. Processed: 221939 chunks (0.57%), ETA: 848:00:45, Rate: 12.7 cps, Current: -6, 240
[18:47:31] [Server thread/INFO]: [Chunky] Task running for Gabito. Processed: 221946 chunks (0.57%), ETA: 881:58:00, Rate: 12.2 cps, Current: -1, 243
[18:47:32] [Server thread/INFO]: [Chunky] Task running for Gabito. Processed: 221954 chunks (0.57%), ETA: 890:31:59, Rate: 12.1 cps, Current: -4, 239
[18:47:33] [Server thread/INFO]: [Chunky] Task running for Gabito. Processed: 221964 chunks (0.57%), ETA: 893:39:00, Rate: 12.1 cps, Current: -3, 234
[18:47:35] [Server thread/INFO]: [Chunky] Task running for Gabito. Processed: 221987 chunks (0.57%), ETA: 887:07:54, Rate: 12.2 cps, Current: -4, 233
[18:47:36] [Server thread/INFO]: [Chunky] Task running for Gabito. Processed: 222011 chunks (0.57%), ETA: 896:12:06, Rate: 12.0 cps, Current: -8, 238
[18:47:37] [Server thread/INFO]: [Chunky] Task running for Gabito. Processed: 222036 chunks (0.57%), ETA: 911:13:31, Rate: 11.8 cps, Current: -11, 237
[18:47:38] [Server thread/INFO]: [Chunky] Task running for Gabito. Processed: 222067 chunks (0.57%), ETA: 839:48:03, Rate: 12.9 cps, Current: -9, 233
[18:47:39] [Server thread/INFO]: [Chunky] Task running for Gabito. Processed: 222084 chunks (0.57%), ETA: 834:20:21, Rate: 12.9 cps, Current: -11, 231
[18:47:40] [Server thread/INFO]: [Chunky] Task running for Gabito. Processed: 222145 chunks (0.57%), ETA: 686:54:09, Rate: 15.7 cps, Current: -8, 224
[18:47:41] [Server thread/INFO]: [Chunky] Task running for Gabito. Processed: 222156 chunks (0.57%), ETA: 694:20:46, Rate: 15.5 cps, Current: -7, 225
[18:47:44] [Server thread/INFO]: [Chunky] Task running for Gabito. Processed: 222209 chunks (0.57%), ETA: 657:29:23, Rate: 16.4 cps, Current: 0, 224
[18:47:45] [Server thread/INFO]: [Chunky] Task running for Gabito. Processed: 222228 chunks (0.57%), ETA: 666:07:50, Rate: 16.2 cps, Current: 1, 229
[18:47:46] [Server thread/INFO]: [Chunky] Task running for Gabito. Processed: 222250 chunks (0.57%), ETA: 681:46:21, Rate: 15.8 cps, Current: 2, 230
[18:47:47] [Server thread/INFO]: [Chunky] Task running for Gabito. Processed: 222269 chunks (0.57%), ETA: 678:03:57, Rate: 15.9 cps, Current: 2, 231
[18:47:49] [Server thread/INFO]: [Chunky] Task running for Gabito. Processed: 222280 chunks (0.57%), ETA: 679:53:57, Rate: 15.9 cps, Current: 5, 231
[18:47:50] [Server thread/INFO]: [Chunky] Task running for Gabito. Processed: 222285 chunks (0.57%), ETA: 702:20:41, Rate: 15.4 cps, Current: 11, 226
[18:47:51] [Server thread/INFO]: [Chunky] Task running for Gabito. Processed: 222314 chunks (0.57%), ETA: 671:21:08, Rate: 16.1 cps, Current: 14, 227
[18:47:52] [Server thread/INFO]: [Chunky] Task running for Gabito. Processed: 222328 chunks (0.57%), ETA: 680:14:43, Rate: 15.9 cps, Current: 9, 231
[18:47:53] [Server thread/INFO]: [Chunky] Task running for Gabito. Processed: 222339 chunks (0.57%), ETA: 687:36:49, Rate: 15.7 cps, Current: 10, 233
[18:47:55] [Server thread/INFO]: [Chunky] Task running for Gabito. Processed: 222355 chunks (0.57%), ETA: 673:05:56, Rate: 16.0 cps, Current: 8, 234
[18:47:56] [Server thread/INFO]: [Chunky] Task running for Gabito. Processed: 222372 chunks (0.57%), ETA: 674:29:26, Rate: 16.0 cps, Current: 15, 233
[18:47:57] [Server thread/INFO]: [Chunky] Task running for Gabito. Processed: 222383 chunks (0.57%), ETA: 680:20:02, Rate: 15.9 cps, Current: 8, 237
[18:47:58] [Server thread/INFO]: [Chunky] Task running for Gabito. Processed: 222396 chunks (0.57%), ETA: 673:14:57, Rate: 16.0 cps, Current: 10, 238
[18:47:59] [Server thread/INFO]: [Chunky] Task running for Gabito. Processed: 222427 chunks (0.57%), ETA: 652:09:20, Rate: 16.5 cps, Current: 12, 239
[18:48:00] [Server thread/INFO]: [Chunky] Task running for Gabito. Processed: 222446 chunks (0.57%), ETA: 632:54:56, Rate: 17.1 cps, Current: 9, 239
[18:48:02] [Server thread/INFO]: [Chunky] Task running for Gabito. Processed: 222458 chunks (0.57%), ETA: 627:41:19, Rate: 17.2 cps, Current: 6, 239
[18:48:03] [Server thread/INFO]: [Chunky] Task running for Gabito. Processed: 222467 chunks (0.57%), ETA: 633:48:58, Rate: 17.0 cps, Current: 0, 242
[18:48:04] [Server thread/INFO]: [Chunky] Task running for Gabito. Processed: 222481 chunks (0.57%), ETA: 634:21:04, Rate: 17.0 cps, Current: 4, 241
[18:48:05] [Server thread/INFO]: [Chunky] Task running for Gabito. Processed: 222498 chunks (0.57%), ETA: 645:31:45, Rate: 16.7 cps, Current: 6, 241
[18:48:06] [Server thread/INFO]: [Chunky] Task running for Gabito. Processed: 222513 chunks (0.57%), ETA: 655:41:31, Rate: 16.5 cps, Current: 1, 247
[18:48:07] [Server thread/INFO]: [Chunky] Task running for Gabito. Processed: 222532 chunks (0.57%), ETA: 667:31:40, Rate: 16.2 cps, Current: 2, 247
[18:48:08] [Server thread/INFO]: [Chunky] Task running for Gabito. Processed: 222540 chunks (0.57%), ETA: 679:25:01, Rate: 15.9 cps, Current: 7, 246
[18:48:09] [Server thread/INFO]: [Chunky] Task running for Gabito. Processed: 222566 chunks (0.57%), ETA: 665:28:59, Rate: 16.2 cps, Current: 5, 250
[18:48:10] [Server thread/INFO]: [Chunky] Task running for Gabito. Processed: 222576 chunks (0.57%), ETA: 745:20:45, Rate: 14.5 cps, Current: 6, 249
[18:48:11] [Server thread/INFO]: [Chunky] Task running for Gabito. Processed: 222595 chunks (0.57%), ETA: 731:32:55, Rate: 14.8 cps, Current: 9, 248
[18:48:13] [Server thread/INFO]: [Chunky] Task running for Gabito. Processed: 222611 chunks (0.57%), ETA: 780:14:04, Rate: 13.8 cps, Current: 9, 254
[18:48:14] [Server thread/INFO]: [Chunky] Task running for Gabito. Processed: 222631 chunks (0.57%), ETA: 774:40:11, Rate: 13.9 cps, Current: 13, 251
[18:48:15] [Server thread/INFO]: [Chunky] Task running for Gabito. Processed: 222650 chunks (0.57%), ETA: 777:51:15, Rate: 13.9 cps, Current: 8, 246
[18:48:16] [Server thread/INFO]: [Chunky] Task running for Gabito. Processed: 222685 chunks (0.57%), ETA: 748:11:21, Rate: 14.4 cps, Current: 14, 245
[18:48:18] [Server thread/INFO]: [Chunky] Task running for Gabito. Processed: 222714 chunks (0.57%), ETA: 719:38:08, Rate: 15.0 cps, Current: 15, 246
[18:48:19] [Server thread/INFO]: [Chunky] Task running for Gabito. Processed: 222722 chunks (0.57%), ETA: 710:51:45, Rate: 15.2 cps, Current: 16, 241
[18:48:20] [Server thread/INFO]: [Chunky] Task running for Gabito. Processed: 222725 chunks (0.57%), ETA: 732:56:46, Rate: 14.7 cps, Current: 16, 243
[18:48:21] [Server thread/INFO]: [Chunky] Task running for Gabito. Processed: 222749 chunks (0.57%), ETA: 742:35:20, Rate: 14.5 cps, Current: 18, 241
[18:48:22] [Server thread/INFO]: [Chunky] Task running for Gabito. Processed: 222766 chunks (0.57%), ETA: 734:13:11, Rate: 14.7 cps, Current: 16, 247
[18:48:23] [Server thread/INFO]: [Chunky] Task running for Gabito. Processed: 222774 chunks (0.57%), ETA: 743:58:28, Rate: 14.5 cps, Current: 18, 247
[18:48:25] [Server thread/INFO]: [Chunky] Task running for Gabito. Processed: 222802 chunks (0.57%), ETA: 723:54:05, Rate: 14.9 cps, Current: 18, 251
[18:48:26] [Server thread/INFO]: [Chunky] Task running for Gabito. Processed: 222811 chunks (0.57%), ETA: 732:03:34, Rate: 14.7 cps, Current: 20, 248
[18:48:27] [Server thread/INFO]: [Chunky] Task running for Gabito. Processed: 222830 chunks (0.57%), ETA: 716:17:03, Rate: 15.1 cps, Current: 22, 249
[18:48:28] [Server thread/INFO]: [Chunky] Task running for Gabito. Processed: 222847 chunks (0.57%), ETA: 716:25:12, Rate: 15.1 cps, Current: 24, 251
[18:48:29] [Server thread/INFO]: [Chunky] Task running for Gabito. Processed: 222861 chunks (0.57%), ETA: 748:02:24, Rate: 14.4 cps, Current: 22, 255
[18:48:31] [Server thread/INFO]: [Chunky] Task running for Gabito. Processed: 222868 chunks (0.57%), ETA: 765:52:03, Rate: 14.1 cps, Current: 27, 253
[18:48:32] [Server thread/INFO]: [Chunky] Task running for Gabito. Processed: 222884 chunks (0.57%), ETA: 765:31:01, Rate: 14.1 cps, Current: 28, 249
[18:48:33] [Server thread/INFO]: [Chunky] Task running for Gabito. Processed: 222899 chunks (0.57%), ETA: 749:00:07, Rate: 14.4 cps, Current: 29, 247
[18:48:34] [Server thread/INFO]: [Chunky] Task running for Gabito. Processed: 222913 chunks (0.57%), ETA: 757:40:31, Rate: 14.2 cps, Current: 30, 249
[18:48:35] [Server thread/INFO]: [Chunky] Task running for Gabito. Processed: 222937 chunks (0.57%), ETA: 744:25:09, Rate: 14.5 cps, Current: 24, 240
[18:48:36] [Server thread/INFO]: [Chunky] Task running for Gabito. Processed: 222953 chunks (0.57%), ETA: 742:48:15, Rate: 14.5 cps, Current: 29, 244
[18:48:38] [Server thread/INFO]: [Chunky] Task running for Gabito. Processed: 222969 chunks (0.57%), ETA: 750:54:48, Rate: 14.4 cps, Current: 30, 243
[18:48:39] [Server thread/INFO]: [Chunky] Task running for Gabito. Processed: 222974 chunks (0.57%), ETA: 780:38:16, Rate: 13.8 cps, Current: 30, 241
[18:48:40] [Server thread/INFO]: [Chunky] Task running for Gabito. Processed: 222985 chunks (0.57%), ETA: 788:43:39, Rate: 13.7 cps, Current: 31, 242
[18:48:41] [Server thread/INFO]: [Chunky] Task running for Gabito. Processed: 223001 chunks (0.57%), ETA: 794:43:35, Rate: 13.6 cps, Current: 29, 233
[18:48:42] [Server thread/INFO]: [Chunky] Task running for Gabito. Processed: 223012 chunks (0.57%), ETA: 795:41:52, Rate: 13.6 cps, Current: 27, 233
[18:48:44] [Server thread/INFO]: [Chunky] Task running for Gabito. Processed: 223021 chunks (0.57%), ETA: 821:10:28, Rate: 13.1 cps, Current: 23, 239
[18:48:45] [Server thread/INFO]: [Chunky] Task running for Gabito. Processed: 223048 chunks (0.57%), ETA: 795:58:21, Rate: 13.6 cps, Current: 27, 232
[18:48:46] [Server thread/INFO]: [Chunky] Task running for Gabito. Processed: 223062 chunks (0.57%), ETA: 843:20:01, Rate: 12.8 cps, Current: 24, 235
[18:48:47] [Server thread/INFO]: [Chunky] Task running for Gabito. Processed: 223093 chunks (0.57%), ETA: 834:51:41, Rate: 12.9 cps, Current: 22, 233
[18:48:48] [Server thread/INFO]: [Chunky] Task running for Gabito. Processed: 223113 chunks (0.57%), ETA: 813:21:04, Rate: 13.3 cps, Current: 16, 230
[18:48:50] [Server thread/INFO]: [Chunky] Task running for Gabito. Processed: 223170 chunks (0.57%), ETA: 719:51:26, Rate: 15.0 cps, Current: 24, 231
[18:48:51] [Server thread/INFO]: [Chunky] Task running for Gabito. Processed: 223186 chunks (0.57%), ETA: 742:58:04, Rate: 14.5 cps, Current: 26, 231
[18:48:52] [Server thread/INFO]: [Chunky] Task running for Gabito. Processed: 223235 chunks (0.57%), ETA: 680:34:54, Rate: 15.9 cps, Current: 34, 224
[18:48:53] [Server thread/INFO]: [Chunky] Task running for Gabito. Processed: 223239 chunks (0.57%), ETA: 709:35:03, Rate: 15.2 cps, Current: 34, 225
[18:48:55] [Server thread/INFO]: [Chunky] Task running for Gabito. Processed: 223266 chunks (0.57%), ETA: 688:31:12, Rate: 15.7 cps, Current: 33, 230
[18:48:56] [Server thread/INFO]: [Chunky] Task running for Gabito. Processed: 223282 chunks (0.57%), ETA: 689:40:22, Rate: 15.6 cps, Current: 39, 225
[18:48:57] [Server thread/INFO]: [Chunky] Task running for Gabito. Processed: 223302 chunks (0.57%), ETA: 689:16:58, Rate: 15.7 cps, Current: 35, 231
[18:48:58] [Server thread/INFO]: [Chunky] Task running for Gabito. Processed: 223318 chunks (0.57%), ETA: 684:37:12, Rate: 15.8 cps, Current: 39, 231
[18:48:59] [Server thread/INFO]: [Chunky] Task running for Gabito. Processed: 223339 chunks (0.57%), ETA: 663:05:18, Rate: 16.3 cps, Current: 47, 226
[18:49:00] [Server thread/INFO]: [Chunky] Task running for Gabito. Processed: 223354 chunks (0.57%), ETA: 662:14:08, Rate: 16.3 cps, Current: 42, 231
[18:49:01] [Server thread/INFO]: [Chunky] Task running for Gabito. Processed: 223376 chunks (0.57%), ETA: 643:07:19, Rate: 16.8 cps, Current: 47, 231
[18:49:02] [Server thread/INFO]: [Chunky] Task running for Gabito. Processed: 223384 chunks (0.57%), ETA: 657:54:48, Rate: 16.4 cps, Current: 44, 235
[18:49:04] [Server thread/INFO]: [Chunky] Task running for Gabito. Processed: 223400 chunks (0.57%), ETA: 649:32:50, Rate: 16.6 cps, Current: 46, 237
[18:49:05] [Server thread/INFO]: [Chunky] Task running for Gabito. Processed: 223415 chunks (0.57%), ETA: 659:33:46, Rate: 16.4 cps, Current: 39, 233
[18:49:06] [Server thread/INFO]: [Chunky] Task running for Gabito. Processed: 223435 chunks (0.57%), ETA: 655:10:37, Rate: 16.5 cps, Current: 37, 233
[18:49:07] [Server thread/INFO]: [Chunky] Task running for Gabito. Processed: 223480 chunks (0.57%), ETA: 611:16:14, Rate: 17.7 cps, Current: 40, 239
[18:49:08] [Server thread/INFO]: [Chunky] Task running for Gabito. Processed: 223493 chunks (0.57%), ETA: 617:17:12, Rate: 17.5 cps, Current: 33, 240
[18:49:09] [Server thread/INFO]: [Chunky] Task running for Gabito. Processed: 223512 chunks (0.57%), ETA: 601:47:37, Rate: 17.9 cps, Current: 36, 243
[18:49:10] [Server thread/INFO]: [Chunky] Task running for Gabito. Processed: 223531 chunks (0.57%), ETA: 594:51:58, Rate: 18.1 cps, Current: 32, 247
[18:49:11] [Server thread/INFO]: [Chunky] Task running for Gabito. Processed: 223545 chunks (0.57%), ETA: 589:54:21, Rate: 18.3 cps, Current: 37, 246
[18:49:13] [Server thread/INFO]: [Chunky] Task running for Gabito. Processed: 223559 chunks (0.57%), ETA: 588:40:41, Rate: 18.3 cps, Current: 39, 244
[18:49:14] [Server thread/INFO]: [Chunky] Task running for Gabito. Processed: 223585 chunks (0.57%), ETA: 595:43:47, Rate: 18.1 cps, Current: 34, 254
[18:49:16] [Server thread/INFO]: [Chunky] Task running for Gabito. Processed: 223598 chunks (0.57%), ETA: 594:43:43, Rate: 18.1 cps, Current: 40, 248
[18:49:17] [Server thread/INFO]: [Chunky] Task running for Gabito. Processed: 223618 chunks (0.57%), ETA: 608:18:52, Rate: 17.7 cps, Current: 41, 249
[18:49:18] [Server thread/INFO]: [Chunky] Task running for Gabito. Processed: 223633 chunks (0.57%), ETA: 610:55:15, Rate: 17.7 cps, Current: 42, 253
[18:49:19] [Server thread/INFO]: [Chunky] Task running for Gabito. Processed: 223643 chunks (0.57%), ETA: 664:55:02, Rate: 16.2 cps, Current: 43, 249
[18:49:20] [Server thread/INFO]: [Chunky] Task running for Gabito. Processed: 223658 chunks (0.57%), ETA: 658:35:17, Rate: 16.4 cps, Current: 45, 250
[18:49:21] [Server thread/INFO]: [Chunky] Task running for Gabito. Processed: 223673 chunks (0.57%), ETA: 661:33:54, Rate: 16.3 cps, Current: 44, 255
[18:49:22] [Server thread/INFO]: [Chunky] Task running for Gabito. Processed: 223709 chunks (0.57%), ETA: 677:04:49, Rate: 15.9 cps, Current: 47, 250
[18:49:23] [Server thread/INFO]: [Chunky] Task running for Gabito. Processed: 223742 chunks (0.57%), ETA: 636:41:10, Rate: 17.0 cps, Current: 47, 243
[18:49:25] [Server thread/INFO]: [Chunky] Task running for Gabito. Processed: 223747 chunks (0.57%), ETA: 670:29:40, Rate: 16.1 cps, Current: 48, 242
[18:49:26] [Server thread/INFO]: [Chunky] Task running for Gabito. Processed: 223774 chunks (0.57%), ETA: 663:54:08, Rate: 16.3 cps, Current: 51, 241
[18:49:27] [Server thread/INFO]: [Chunky] Task running for Gabito. Processed: 223794 chunks (0.57%), ETA: 658:47:14, Rate: 16.4 cps, Current: 49, 247
[18:49:28] [Server thread/INFO]: [Chunky] Task running for Gabito. Processed: 223809 chunks (0.57%), ETA: 667:39:37, Rate: 16.2 cps, Current: 55, 244
[18:49:29] [Server thread/INFO]: [Chunky] Task running for Gabito. Processed: 223828 chunks (0.57%), ETA: 660:17:17, Rate: 16.3 cps, Current: 50, 253
[18:49:30] [Server thread/INFO]: [Chunky] Task running for Gabito. Processed: 223852 chunks (0.57%), ETA: 655:12:41, Rate: 16.5 cps, Current: 56, 248
[18:49:31] [Server thread/INFO]: [Chunky] Task running for Gabito. Processed: 223860 chunks (0.57%), ETA: 656:06:59, Rate: 16.4 cps, Current: 54, 251
[18:49:33] [Server thread/INFO]: [Chunky] Task running for Gabito. Processed: 223879 chunks (0.57%), ETA: 654:56:17, Rate: 16.5 cps, Current: 56, 253
[18:49:34] [Server thread/INFO]: [Chunky] Task running for Gabito. Processed: 223891 chunks (0.57%), ETA: 663:59:21, Rate: 16.3 cps, Current: 56, 254
[18:49:35] [Server thread/INFO]: [Chunky] Task running for Gabito. Processed: 223907 chunks (0.57%), ETA: 668:12:51, Rate: 16.2 cps, Current: 60, 250
[18:49:36] [Server thread/INFO]: [Chunky] Task running for Gabito. Processed: 223929 chunks (0.57%), ETA: 699:15:10, Rate: 15.4 cps, Current: 60, 255
[18:49:37] [Server thread/INFO]: [Chunky] Task running for Gabito. Processed: 223944 chunks (0.57%), ETA: 699:27:08, Rate: 15.4 cps, Current: 63, 254
[18:49:38] [Server thread/INFO]: [Chunky] Task running for Gabito. Processed: 223967 chunks (0.57%), ETA: 689:06:59, Rate: 15.7 cps, Current: 63, 248
[18:49:39] [Server thread/INFO]: [Chunky] Task running for Gabito. Processed: 223986 chunks (0.57%), ETA: 690:29:46, Rate: 15.6 cps, Current: 58, 240
[18:49:41] [Server thread/INFO]: [Chunky] Task running for Gabito. Processed: 223994 chunks (0.57%), ETA: 700:06:35, Rate: 15.4 cps, Current: 63, 243
[18:49:42] [Server thread/INFO]: [Chunky] Task running for Gabito. Processed: 224008 chunks (0.57%), ETA: 697:54:10, Rate: 15.5 cps, Current: 63, 242
[18:49:43] [Server thread/INFO]: [Chunky] Task running for Gabito. Processed: 224034 chunks (0.57%), ETA: 696:43:38, Rate: 15.5 cps, Current: 63, 238
[18:49:45] [Server thread/INFO]: [Chunky] Task running for Gabito. Processed: 224037 chunks (0.57%), ETA: 711:08:21, Rate: 15.2 cps, Current: 57, 239
[18:49:46] [Server thread/INFO]: [Chunky] Task running for Gabito. Processed: 224069 chunks (0.57%), ETA: 685:51:31, Rate: 15.7 cps, Current: 52, 238
[18:49:47] [Server thread/INFO]: [Chunky] Task running for Gabito. Processed: 224103 chunks (0.57%), ETA: 663:38:44, Rate: 16.3 cps, Current: 50, 235
[18:49:48] [Server thread/INFO]: [Chunky] Task running for Gabito. Processed: 224130 chunks (0.57%), ETA: 648:13:19, Rate: 16.6 cps, Current: 48, 231
[18:49:49] [Server thread/INFO]: [Chunky] Task running for Gabito. Processed: 224182 chunks (0.57%), ETA: 601:16:59, Rate: 17.9 cps, Current: 54, 228
[18:49:50] [Server thread/INFO]: [Chunky] Task running for Gabito. Processed: 224211 chunks (0.57%), ETA: 585:51:54, Rate: 18.4 cps, Current: 58, 225
[18:49:51] [Server thread/INFO]: [Chunky] Task running for Gabito. Processed: 224254 chunks (0.57%), ETA: 577:07:41, Rate: 18.7 cps, Current: 63, 228
[18:49:52] [Server thread/INFO]: [Chunky] Task running for Gabito. Processed: 224272 chunks (0.57%), ETA: 596:17:47, Rate: 18.1 cps, Current: 65, 227
[18:49:54] [Server thread/INFO]: [Chunky] Task running for Gabito. Processed: 224298 chunks (0.57%), ETA: 562:18:38, Rate: 19.2 cps, Current: 66, 230
[18:49:55] [Server thread/INFO]: [Chunky] Task running for Gabito. Processed: 224320 chunks (0.57%), ETA: 560:15:18, Rate: 19.3 cps, Current: 79, 224
[18:49:56] [Server thread/INFO]: [Chunky] Task running for Gabito. Processed: 224329 chunks (0.57%), ETA: 570:00:28, Rate: 18.9 cps, Current: 74, 226
[18:49:57] [Server thread/INFO]: [Chunky] Task running for Gabito. Processed: 224362 chunks (0.57%), ETA: 564:17:10, Rate: 19.1 cps, Current: 78, 227
[18:49:58] [Server thread/INFO]: [Chunky] Task running for Gabito. Processed: 224380 chunks (0.57%), ETA: 563:52:24, Rate: 19.1 cps, Current: 76, 231
[18:49:59] [Server thread/INFO]: [Chunky] Task running for Gabito. Processed: 224392 chunks (0.57%), ETA: 570:11:27, Rate: 18.9 cps, Current: 72, 233
[18:50:01] [Server thread/INFO]: [Chunky] Task running for Gabito. Processed: 224402 chunks (0.57%), ETA: 581:19:40, Rate: 18.6 cps, Current: 78, 232
[18:50:02] [Server thread/INFO]: [Chunky] Task running for Gabito. Processed: 224407 chunks (0.57%), ETA: 596:10:51, Rate: 18.1 cps, Current: 77, 236
[18:50:04] [Server thread/INFO]: [Chunky] Task running for Gabito. Processed: 224413 chunks (0.57%), ETA: 615:55:06, Rate: 17.5 cps, Current: 73, 235
[18:50:05] [Server thread/INFO]: [Chunky] Task running for Gabito. Processed: 224420 chunks (0.57%), ETA: 638:17:49, Rate: 16.9 cps, Current: 73, 236
[18:50:07] [Server thread/INFO]: [Chunky] Task running for Gabito. Processed: 224431 chunks (0.57%), ETA: 650:34:37, Rate: 16.6 cps, Current: 72, 237
[18:50:08] [Server thread/INFO]: [Chunky] Task running for Gabito. Processed: 224442 chunks (0.57%), ETA: 667:20:50, Rate: 16.2 cps, Current: 70, 237
[18:50:09] [Server thread/INFO]: [Chunky] Task running for Gabito. Processed: 224476 chunks (0.57%), ETA: 647:19:58, Rate: 16.7 cps, Current: 64, 234
[18:50:10] [Server thread/INFO]: [Chunky] Task running for Gabito. Processed: 224513 chunks (0.57%), ETA: 601:03:42, Rate: 18.0 cps, Current: 64, 240
[18:50:11] [Server thread/INFO]: [Chunky] Task running for Gabito. Processed: 224531 chunks (0.57%), ETA: 595:35:15, Rate: 18.1 cps, Current: 71, 240
[18:50:12] [Server thread/INFO]: [Chunky] Task running for Gabito. Processed: 224553 chunks (0.57%), ETA: 592:53:46, Rate: 18.2 cps, Current: 64, 246
[18:50:13] [Server thread/INFO]: [Chunky] Task running for Gabito. Processed: 224575 chunks (0.57%), ETA: 592:30:46, Rate: 18.2 cps, Current: 71, 242
[18:50:14] [Server thread/INFO]: [Chunky] Task running for Gabito. Processed: 224587 chunks (0.57%), ETA: 586:36:52, Rate: 18.4 cps, Current: 71, 245
[18:50:16] [Server thread/INFO]: [Chunky] Task running for Gabito. Processed: 224618 chunks (0.57%), ETA: 601:28:26, Rate: 17.9 cps, Current: 67, 254
[18:50:17] [Server thread/INFO]: [Chunky] Task running for Gabito. Processed: 224631 chunks (0.57%), ETA: 608:25:08, Rate: 17.7 cps, Current: 67, 255
[18:50:18] [Server thread/INFO]: [Chunky] Task running for Gabito. Processed: 224649 chunks (0.57%), ETA: 613:00:49, Rate: 17.6 cps, Current: 71, 254
[18:50:19] [Server thread/INFO]: [Chunky] Task running for Gabito. Processed: 224662 chunks (0.57%), ETA: 663:58:25, Rate: 16.3 cps, Current: 75, 253
[18:50:20] [Server thread/INFO]: [Chunky] Task running for Gabito. Processed: 224676 chunks (0.57%), ETA: 685:13:48, Rate: 15.7 cps, Current: 76, 254
[18:50:21] [Server thread/INFO]: [Chunky] Task running for Gabito. Processed: 224690 chunks (0.58%), ETA: 734:17:01, Rate: 14.7 cps, Current: 78, 251
[18:50:22] [Server thread/INFO]: [Chunky] Task running for Gabito. Processed: 224715 chunks (0.58%), ETA: 718:24:16, Rate: 15.0 cps, Current: 79, 255
[18:50:23] [Server thread/INFO]: [Chunky] Task running for Gabito. Processed: 224730 chunks (0.58%), ETA: 736:09:22, Rate: 14.7 cps, Current: 79, 253
[18:50:24] [Server thread/INFO]: [Chunky] Task running for Gabito. Processed: 224762 chunks (0.58%), ETA: 720:46:50, Rate: 15.0 cps, Current: 79, 246
[18:50:25] [Server thread/INFO]: [Chunky] Task running for Gabito. Processed: 224770 chunks (0.58%), ETA: 722:58:21, Rate: 14.9 cps, Current: 80, 241
[18:50:26] [Server thread/INFO]: [Chunky] Task running for Gabito. Processed: 224771 chunks (0.58%), ETA: 768:31:44, Rate: 14.0 cps, Current: 80, 242
[18:50:27] [Server thread/INFO]: [Chunky] Task running for Gabito. Processed: 224791 chunks (0.58%), ETA: 763:43:26, Rate: 14.1 cps, Current: 82, 241
[18:50:29] [Server thread/INFO]: [Chunky] Task running for Gabito. Processed: 224795 chunks (0.58%), ETA: 782:41:37, Rate: 13.8 cps, Current: 80, 245
[18:50:30] [Server thread/INFO]: [Chunky] Task running for Gabito. Processed: 224808 chunks (0.58%), ETA: 764:27:43, Rate: 14.1 cps, Current: 86, 245
[18:50:31] [Server thread/INFO]: [Chunky] Task running for Gabito. Processed: 224819 chunks (0.58%), ETA: 741:48:23, Rate: 14.5 cps, Current: 80, 250
[18:50:32] [Server thread/INFO]: [Chunky] Task running for Gabito. Processed: 224839 chunks (0.58%), ETA: 732:29:25, Rate: 14.7 cps, Current: 82, 248
[18:50:33] [Server thread/INFO]: [Chunky] Task running for Gabito. Processed: 224857 chunks (0.58%), ETA: 706:56:29, Rate: 15.3 cps, Current: 82, 253
[18:50:34] [Server thread/INFO]: [Chunky] Task running for Gabito. Processed: 224866 chunks (0.58%), ETA: 693:38:18, Rate: 15.6 cps, Current: 83, 253
[18:50:35] [Server thread/INFO]: [Chunky] Task running for Gabito. Processed: 224878 chunks (0.58%), ETA: 701:47:22, Rate: 15.4 cps, Current: 82, 255
[18:50:36] [Server thread/INFO]: [Chunky] Task running for Gabito. Processed: 224891 chunks (0.58%), ETA: 694:33:16, Rate: 15.5 cps, Current: 87, 250
[18:50:38] [Server thread/INFO]: [Chunky] Task running for Gabito. Processed: 224907 chunks (0.58%), ETA: 688:37:49, Rate: 15.7 cps, Current: 85, 255
[18:50:39] [Server thread/INFO]: [Chunky] Task running for Gabito. Processed: 224915 chunks (0.58%), ETA: 773:58:32, Rate: 13.9 cps, Current: 88, 254
[18:50:40] [Server thread/INFO]: [Chunky] Task running for Gabito. Processed: 224931 chunks (0.58%), ETA: 771:23:11, Rate: 14.0 cps, Current: 92, 250
[18:50:41] [Server thread/INFO]: [Chunky] Task running for Gabito. Processed: 224942 chunks (0.58%), ETA: 780:38:31, Rate: 13.8 cps, Current: 94, 253
[18:50:42] [Server thread/INFO]: [Chunky] Task running for Gabito. Processed: 224955 chunks (0.58%), ETA: 796:40:58, Rate: 13.5 cps, Current: 88, 246
[18:50:43] [Server thread/INFO]: [Chunky] Task running for Gabito. Processed: 224976 chunks (0.58%), ETA: 803:29:47, Rate: 13.4 cps, Current: 88, 243
[18:50:44] [Server thread/INFO]: [Chunky] Task running for Gabito. Processed: 224995 chunks (0.58%), ETA: 785:02:51, Rate: 13.7 cps, Current: 91, 244
[18:50:45] [Server thread/INFO]: [Chunky] Task running for Gabito. Processed: 225013 chunks (0.58%), ETA: 811:07:07, Rate: 13.3 cps, Current: 93, 241
[18:50:46] [Server thread/INFO]: [Chunky] Task running for Gabito. Processed: 225018 chunks (0.58%), ETA: 826:47:09, Rate: 13.1 cps, Current: 95, 243
[18:50:47] [Server thread/INFO]: [Chunky] Task running for Gabito. Processed: 225032 chunks (0.58%), ETA: 835:57:36, Rate: 12.9 cps, Current: 95, 242
[18:50:48] [Server thread/INFO]: [Chunky] Task running for Gabito. Processed: 225040 chunks (0.58%), ETA: 846:04:37, Rate: 12.8 cps, Current: 94, 234
[18:50:50] [Server thread/INFO]: [Chunky] Task running for Gabito. Processed: 225060 chunks (0.58%), ETA: 833:55:41, Rate: 12.9 cps, Current: 91, 233
[18:50:51] [Server thread/INFO]: [Chunky] Task running for Gabito. Processed: 225079 chunks (0.58%), ETA: 818:23:38, Rate: 13.2 cps, Current: 88, 238
[18:50:52] [Server thread/INFO]: [Chunky] Task running for Gabito. Processed: 225100 chunks (0.58%), ETA: 832:43:03, Rate: 13.0 cps, Current: 80, 237
[18:50:53] [Server thread/INFO]: [Chunky] Task running for Gabito. Processed: 225139 chunks (0.58%), ETA: 787:01:32, Rate: 13.7 cps, Current: 87, 233
[18:50:54] [Server thread/INFO]: [Chunky] Task running for Gabito. Processed: 225154 chunks (0.58%), ETA: 821:22:17, Rate: 13.1 cps, Current: 86, 231
[18:50:55] [Server thread/INFO]: [Chunky] Task running for Gabito. Processed: 225218 chunks (0.58%), ETA: 720:20:44, Rate: 15.0 cps, Current: 89, 224
[18:50:56] [Server thread/INFO]: [Chunky] Task running for Gabito. Processed: 225253 chunks (0.58%), ETA: 669:12:46, Rate: 16.1 cps, Current: 92, 224
[18:50:57] [Server thread/INFO]: [Chunky] Task running for Gabito. Processed: 225283 chunks (0.58%), ETA: 637:44:27, Rate: 16.9 cps, Current: 98, 224
[18:50:58] [Server thread/INFO]: [Chunky] Task running for Gabito. Processed: 225299 chunks (0.58%), ETA: 638:55:33, Rate: 16.9 cps, Current: 98, 227
[18:51:00] [Server thread/INFO]: [Chunky] Task running for Gabito. Processed: 225324 chunks (0.58%), ETA: 613:22:15, Rate: 17.6 cps, Current: 102, 225
[18:51:01] [Server thread/INFO]: [Chunky] Task running for Gabito. Processed: 225345 chunks (0.58%), ETA: 609:55:05, Rate: 17.7 cps, Current: 103, 226
[18:51:02] [Server thread/INFO]: [Chunky] Task running for Gabito. Processed: 225353 chunks (0.58%), ETA: 625:20:42, Rate: 17.3 cps, Current: 100, 231
[18:51:03] [Server thread/INFO]: [Chunky] Task running for Gabito. Processed: 225386 chunks (0.58%), ETA: 608:47:11, Rate: 17.7 cps, Current: 110, 227
[18:51:04] [Server thread/INFO]: [Chunky] Task running for Gabito. Processed: 225399 chunks (0.58%), ETA: 602:36:33, Rate: 17.9 cps, Current: 105, 231
[18:51:05] [Server thread/INFO]: [Chunky] Task running for Gabito. Processed: 225418 chunks (0.58%), ETA: 596:43:36, Rate: 18.1 cps, Current: 105, 234
[18:51:06] [Server thread/INFO]: [Chunky] Task running for Gabito. Processed: 225427 chunks (0.58%), ETA: 598:29:55, Rate: 18.0 cps, Current: 104, 234
[18:51:07] [Server thread/INFO]: [Chunky] Task running for Gabito. Processed: 225441 chunks (0.58%), ETA: 599:54:32, Rate: 18.0 cps, Current: 104, 235
[18:51:08] [Server thread/INFO]: [Chunky] Task running for Gabito. Processed: 225454 chunks (0.58%), ETA: 590:28:37, Rate: 18.3 cps, Current: 110, 238
[18:51:10] [Server thread/INFO]: [Chunky] Task running for Gabito. Processed: 225466 chunks (0.58%), ETA: 598:41:38, Rate: 18.0 cps, Current: 102, 232
[18:51:11] [Server thread/INFO]: [Chunky] Task running for Gabito. Processed: 225502 chunks (0.58%), ETA: 573:04:24, Rate: 18.8 cps, Current: 96, 234
[18:51:12] [Server thread/INFO]: [Chunky] Task running for Gabito. Processed: 225539 chunks (0.58%), ETA: 556:00:42, Rate: 19.4 cps, Current: 96, 242
[18:51:13] [Server thread/INFO]: [Chunky] Task running for Gabito. Processed: 225559 chunks (0.58%), ETA: 556:42:29, Rate: 19.4 cps, Current: 100, 243
[18:51:15] [Server thread/INFO]: [Chunky] Task running for Gabito. Processed: 225581 chunks (0.58%), ETA: 554:18:41, Rate: 19.5 cps, Current: 96, 249
[18:51:16] [Server thread/INFO]: [Chunky] Task running for Gabito. Processed: 225605 chunks (0.58%), ETA: 535:55:21, Rate: 20.1 cps, Current: 97, 252
[18:51:17] [Server thread/INFO]: [Chunky] Task running for Gabito. Processed: 225613 chunks (0.58%), ETA: 544:52:40, Rate: 19.8 cps, Current: 103, 246
[18:51:18] [Server thread/INFO]: [Chunky] Task running for Gabito. Processed: 225643 chunks (0.58%), ETA: 529:40:34, Rate: 20.4 cps, Current: 98, 255
[18:51:19] [Server thread/INFO]: [Chunky] Task running for Gabito. Processed: 225661 chunks (0.58%), ETA: 532:43:35, Rate: 20.3 cps, Current: 100, 255
[18:51:20] [Server thread/INFO]: [Chunky] Task running for Gabito. Processed: 225680 chunks (0.58%), ETA: 534:54:47, Rate: 20.2 cps, Current: 103, 255
[18:51:21] [Server thread/INFO]: [Chunky] Task running for Gabito. Processed: 225690 chunks (0.58%), ETA: 540:41:15, Rate: 20.0 cps, Current: 104, 255
[18:51:22] [Server thread/INFO]: [Chunky] Task running for Gabito. Processed: 225701 chunks (0.58%), ETA: 565:25:51, Rate: 19.1 cps, Current: 108, 249
[18:51:24] [Server thread/INFO]: [Chunky] Task running for Gabito. Processed: 225710 chunks (0.58%), ETA: 574:26:49, Rate: 18.8 cps, Current: 110, 254
[18:51:25] [Server thread/INFO]: [Chunky] Task running for Gabito. Processed: 225723 chunks (0.58%), ETA: 668:53:15, Rate: 16.1 cps, Current: 110, 250
[18:51:27] [Server thread/INFO]: [Chunky] Task running for Gabito. Processed: 225740 chunks (0.58%), ETA: 701:40:50, Rate: 15.4 cps, Current: 105, 245
[18:51:28] [Server thread/INFO]: [Chunky] Task running for Gabito. Processed: 225781 chunks (0.58%), ETA: 679:34:42, Rate: 15.9 cps, Current: 110, 241
[18:51:30] [Server thread/INFO]: [Chunky] Task running for Gabito. Processed: 225790 chunks (0.58%), ETA: 691:51:15, Rate: 15.6 cps, Current: 111, 243
[18:51:31] [Server thread/INFO]: [Chunky] Task running for Gabito. Processed: 225794 chunks (0.58%), ETA: 717:24:55, Rate: 15.0 cps, Current: 112, 241
[18:51:32] [Server thread/INFO]: [Chunky] Task running for Gabito. Processed: 225796 chunks (0.58%), ETA: 726:52:01, Rate: 14.8 cps, Current: 112, 243
[18:51:33] [Server thread/INFO]: [Chunky] Task running for Gabito. Processed: 225816 chunks (0.58%), ETA: 749:53:32, Rate: 14.4 cps, Current: 114, 244
[18:51:34] [Server thread/INFO]: [Chunky] Task running for Gabito. Processed: 225842 chunks (0.58%), ETA: 732:13:03, Rate: 14.7 cps, Current: 115, 240
[18:51:35] [Server thread/INFO]: [Chunky] Task running for Gabito. Processed: 225870 chunks (0.58%), ETA: 714:18:23, Rate: 15.1 cps, Current: 113, 252
[18:51:36] [Server thread/INFO]: [Chunky] Task running for Gabito. Processed: 225882 chunks (0.58%), ETA: 709:32:09, Rate: 15.2 cps, Current: 116, 248
[18:51:37] [Server thread/INFO]: [Chunky] Task running for Gabito. Processed: 225901 chunks (0.58%), ETA: 701:57:25, Rate: 15.4 cps, Current: 115, 254
[18:51:38] [Server thread/INFO]: [Chunky] Task running for Gabito. Processed: 225917 chunks (0.58%), ETA: 678:57:06, Rate: 15.9 cps, Current: 121, 248
[18:51:40] [Server thread/INFO]: [Chunky] Task running for Gabito. Processed: 225931 chunks (0.58%), ETA: 683:08:49, Rate: 15.8 cps, Current: 119, 254
[18:51:41] [Server thread/INFO]: [Chunky] Task running for Gabito. Processed: 225940 chunks (0.58%), ETA: 726:22:02, Rate: 14.9 cps, Current: 121, 254
[18:51:42] [Server thread/INFO]: [Chunky] Task running for Gabito. Processed: 225958 chunks (0.58%), ETA: 759:16:40, Rate: 14.2 cps, Current: 125, 251
[18:51:43] [Server thread/INFO]: [Chunky] Task running for Gabito. Processed: 225978 chunks (0.58%), ETA: 763:06:20, Rate: 14.1 cps, Current: 126, 250
[18:51:44] [Server thread/INFO]: [Chunky] Task running for Gabito. Processed: 226000 chunks (0.58%), ETA: 763:49:49, Rate: 14.1 cps, Current: 120, 243
[18:51:45] [Server thread/INFO]: [Chunky] Task running for Gabito. Processed: 226015 chunks (0.58%), ETA: 772:25:44, Rate: 14.0 cps, Current: 127, 248
[18:51:46] [Server thread/INFO]: [Chunky] Task running for Gabito. Processed: 226036 chunks (0.58%), ETA: 755:16:10, Rate: 14.3 cps, Current: 123, 240
[18:51:48] [Server thread/INFO]: [Chunky] Task running for Gabito. Processed: 226042 chunks (0.58%), ETA: 800:46:07, Rate: 13.5 cps, Current: 127, 243
[18:51:49] [Server thread/INFO]: [Chunky] Task running for Gabito. Processed: 226057 chunks (0.58%), ETA: 796:01:26, Rate: 13.6 cps, Current: 127, 242
[18:51:50] [Server thread/INFO]: [Chunky] Task running for Gabito. Processed: 226068 chunks (0.58%), ETA: 809:50:31, Rate: 13.3 cps, Current: 123, 237
[18:51:51] [Server thread/INFO]: [Chunky] Task running for Gabito. Processed: 226086 chunks (0.58%), ETA: 788:59:54, Rate: 13.7 cps, Current: 127, 237
[18:51:52] [Server thread/INFO]: [Chunky] Task running for Gabito. Processed: 226111 chunks (0.58%), ETA: 768:53:03, Rate: 14.0 cps, Current: 124, 232
[18:51:53] [Server thread/INFO]: [Chunky] Task running for Gabito. Processed: 226130 chunks (0.58%), ETA: 743:20:50, Rate: 14.5 cps, Current: 119, 237
[18:51:54] [Server thread/INFO]: [Chunky] Task running for Gabito. Processed: 226163 chunks (0.58%), ETA: 697:29:51, Rate: 15.5 cps, Current: 113, 233
[18:51:55] [Server thread/INFO]: [Chunky] Task running for Gabito. Processed: 226179 chunks (0.58%), ETA: 697:52:17, Rate: 15.5 cps, Current: 117, 231
[18:51:56] [Server thread/INFO]: [Chunky] Task running for Gabito. Processed: 226241 chunks (0.58%), ETA: 621:34:33, Rate: 17.4 cps, Current: 120, 224
[18:51:57] [Server thread/INFO]: [Chunky] Task running for Gabito. Processed: 226291 chunks (0.58%), ETA: 607:45:19, Rate: 17.8 cps, Current: 126, 230
[18:51:58] [Server thread/INFO]: [Chunky] Task running for Gabito. Processed: 226316 chunks (0.58%), ETA: 603:55:49, Rate: 17.9 cps, Current: 129, 225
[18:52:00] [Server thread/INFO]: [Chunky] Task running for Gabito. Processed: 226345 chunks (0.58%), ETA: 567:55:51, Rate: 19.0 cps, Current: 130, 230
[18:52:01] [Server thread/INFO]: [Chunky] Task running for Gabito. Processed: 226366 chunks (0.58%), ETA: 549:00:49, Rate: 19.7 cps, Current: 141, 224
[18:52:02] [Server thread/INFO]: [Chunky] Task running for Gabito. Processed: 226375 chunks (0.58%), ETA: 556:59:04, Rate: 19.4 cps, Current: 136, 226
[18:52:03] [Server thread/INFO]: [Chunky] Task running for Gabito. Processed: 226402 chunks (0.58%), ETA: 549:54:50, Rate: 19.6 cps, Current: 136, 229
[18:52:04] [Server thread/INFO]: [Chunky] Task running for Gabito. Processed: 226415 chunks (0.58%), ETA: 563:56:50, Rate: 19.1 cps, Current: 137, 230
[18:52:05] [Server thread/INFO]: [Chunky] Task running for Gabito. Processed: 226436 chunks (0.58%), ETA: 569:51:03, Rate: 18.9 cps, Current: 136, 233
[18:52:06] [Server thread/INFO]: [Chunky] Task running for Gabito. Processed: 226450 chunks (0.58%), ETA: 564:53:57, Rate: 19.1 cps, Current: 142, 232
[18:52:07] [Server thread/INFO]: [Chunky] Task running for Gabito. Processed: 226463 chunks (0.58%), ETA: 571:27:27, Rate: 18.9 cps, Current: 137, 235
[18:52:08] [Server thread/INFO]: [Chunky] Task running for Gabito. Processed: 226471 chunks (0.58%), ETA: 578:43:21, Rate: 18.6 cps, Current: 136, 236
[18:52:10] [Server thread/INFO]: [Chunky] Task running for Gabito. Processed: 226490 chunks (0.58%), ETA: 568:45:49, Rate: 19.0 cps, Current: 138, 238
[18:52:11] [Server thread/INFO]: [Chunky] Task running for Gabito. Processed: 226526 chunks (0.58%), ETA: 548:06:55, Rate: 19.7 cps, Current: 128, 234
[18:52:12] [Server thread/INFO]: [Chunky] Task running for Gabito. Processed: 226564 chunks (0.58%), ETA: 531:19:32, Rate: 20.3 cps, Current: 128, 243
[18:52:13] [Server thread/INFO]: [Chunky] Task running for Gabito. Processed: 226585 chunks (0.58%), ETA: 532:26:38, Rate: 20.3 cps, Current: 128, 244
[18:52:14] [Server thread/INFO]: [Chunky] Task running for Gabito. Processed: 226607 chunks (0.58%), ETA: 530:43:19, Rate: 20.3 cps, Current: 134, 243
[18:52:15] [Server thread/INFO]: [Chunky] Task running for Gabito. Processed: 226630 chunks (0.58%), ETA: 526:43:11, Rate: 20.5 cps, Current: 135, 243
[18:52:16] [Server thread/INFO]: [Chunky] Task running for Gabito. Processed: 226638 chunks (0.58%), ETA: 537:35:31, Rate: 20.1 cps, Current: 135, 246
[18:52:17] [Server thread/INFO]: [Chunky] Task running for Gabito. Processed: 226667 chunks (0.58%), ETA: 515:18:21, Rate: 20.9 cps, Current: 134, 248
[18:52:19] [Server thread/INFO]: [Chunky] Task running for Gabito. Processed: 226682 chunks (0.58%), ETA: 516:57:37, Rate: 20.9 cps, Current: 135, 250
[18:52:20] [Server thread/INFO]: [Chunky] Task running for Gabito. Processed: 226698 chunks (0.58%), ETA: 513:02:05, Rate: 21.0 cps, Current: 133, 255
[18:52:21] [Server thread/INFO]: [Chunky] Task running for Gabito. Processed: 226709 chunks (0.58%), ETA: 519:51:44, Rate: 20.8 cps, Current: 138, 248
[18:52:22] [Server thread/INFO]: [Chunky] Task running for Gabito. Processed: 226724 chunks (0.58%), ETA: 535:04:39, Rate: 20.2 cps, Current: 140, 249
[18:52:23] [Server thread/INFO]: [Chunky] Task running for Gabito. Processed: 226739 chunks (0.58%), ETA: 551:42:56, Rate: 19.6 cps, Current: 140, 255
[18:52:24] [Server thread/INFO]: [Chunky] Task running for Gabito. Processed: 226761 chunks (0.58%), ETA: 545:08:55, Rate: 19.8 cps, Current: 136, 241
[18:52:26] [Server thread/INFO]: [Chunky] Task running for Gabito. Processed: 226782 chunks (0.58%), ETA: 586:19:37, Rate: 18.4 cps, Current: 138, 240
[18:52:28] [Server thread/INFO]: [Chunky] Task running for Gabito. Processed: 226818 chunks (0.58%), ETA: 631:49:48, Rate: 17.1 cps, Current: 144, 241
[18:52:31] [Server thread/INFO]: [Chunky] Task running for Gabito. Processed: 226819 chunks (0.58%), ETA: 711:55:53, Rate: 15.2 cps, Current: 144, 242
[18:52:32] [Server thread/INFO]: [Chunky] Task running for Gabito. Processed: 226823 chunks (0.58%), ETA: 750:49:46, Rate: 14.4 cps, Current: 146, 242
[18:52:33] [Server thread/INFO]: [Chunky] Task running for Gabito. Processed: 226846 chunks (0.58%), ETA: 734:17:53, Rate: 14.7 cps, Current: 147, 241
[18:52:34] [Server thread/INFO]: [Chunky] Task running for Gabito. Processed: 226867 chunks (0.58%), ETA: 736:09:56, Rate: 14.7 cps, Current: 144, 250
[18:52:35] [Server thread/INFO]: [Chunky] Task running for Gabito. Processed: 226883 chunks (0.58%), ETA: 732:37:54, Rate: 14.7 cps, Current: 145, 250
[18:52:37] [Server thread/INFO]: [Chunky] Task running for Gabito. Processed: 226903 chunks (0.58%), ETA: 717:06:48, Rate: 15.0 cps, Current: 147, 249
[18:52:38] [Server thread/INFO]: [Chunky] Task running for Gabito. Processed: 226923 chunks (0.58%), ETA: 699:42:30, Rate: 15.4 cps, Current: 149, 252
[18:52:39] [Server thread/INFO]: [Chunky] Task running for Gabito. Processed: 226932 chunks (0.58%), ETA: 706:20:38, Rate: 15.3 cps, Current: 147, 255
[18:52:40] [Server thread/INFO]: [Chunky] Task running for Gabito. Processed: 226951 chunks (0.58%), ETA: 739:38:52, Rate: 14.6 cps, Current: 152, 253
[18:52:41] [Server thread/INFO]: [Chunky] Task running for Gabito. Processed: 226963 chunks (0.58%), ETA: 785:01:37, Rate: 13.7 cps, Current: 152, 254
[18:52:42] [Server thread/INFO]: [Chunky] Task running for Gabito. Processed: 226980 chunks (0.58%), ETA: 792:37:45, Rate: 13.6 cps, Current: 156, 249
[18:52:43] [Server thread/INFO]: [Chunky] Task running for Gabito. Processed: 227001 chunks (0.58%), ETA: 799:49:22, Rate: 13.5 cps, Current: 156, 255
[18:52:45] [Server thread/INFO]: [Chunky] Task running for Gabito. Processed: 227020 chunks (0.58%), ETA: 805:17:22, Rate: 13.4 cps, Current: 153, 245
[18:52:46] [Server thread/INFO]: [Chunky] Task running for Gabito. Processed: 227042 chunks (0.58%), ETA: 786:00:01, Rate: 13.7 cps, Current: 159, 245
[18:52:47] [Server thread/INFO]: [Chunky] Task running for Gabito. Processed: 227060 chunks (0.58%), ETA: 810:00:54, Rate: 13.3 cps, Current: 157, 242
[18:52:48] [Server thread/INFO]: [Chunky] Task running for Gabito. Processed: 227066 chunks (0.58%), ETA: 825:57:49, Rate: 13.1 cps, Current: 159, 243
[18:52:49] [Server thread/INFO]: [Chunky] Task running for Gabito. Processed: 227077 chunks (0.58%), ETA: 837:46:05, Rate: 12.9 cps, Current: 156, 238
[18:52:50] [Server thread/INFO]: [Chunky] Task running for Gabito. Processed: 227087 chunks (0.58%), ETA: 836:29:36, Rate: 12.9 cps, Current: 159, 241
[18:52:51] [Server thread/INFO]: [Chunky] Task running for Gabito. Processed: 227109 chunks (0.58%), ETA: 821:10:54, Rate: 13.1 cps, Current: 154, 233
[18:52:53] [Server thread/INFO]: [Chunky] Task running for Gabito. Processed: 227137 chunks (0.58%), ETA: 794:38:22, Rate: 13.6 cps, Current: 150, 238
[18:52:54] [Server thread/INFO]: [Chunky] Task running for Gabito. Processed: 227173 chunks (0.58%), ETA: 748:16:54, Rate: 14.4 cps, Current: 151, 235
[18:52:55] [Server thread/INFO]: [Chunky] Task running for Gabito. Processed: 227201 chunks (0.58%), ETA: 751:36:57, Rate: 14.4 cps, Current: 151, 231
[18:52:56] [Server thread/INFO]: [Chunky] Task running for Gabito. Processed: 227254 chunks (0.58%), ETA: 723:15:59, Rate: 14.9 cps, Current: 150, 228
[18:52:57] [Server thread/INFO]: [Chunky] Task running for Gabito. Processed: 227294 chunks (0.58%), ETA: 662:49:21, Rate: 16.3 cps, Current: 155, 225
[18:52:58] [Server thread/INFO]: [Chunky] Task running for Gabito. Processed: 227332 chunks (0.58%), ETA: 585:15:19, Rate: 18.4 cps, Current: 163, 224
[18:53:00] [Server thread/INFO]: [Chunky] Task running for Gabito. Processed: 227358 chunks (0.58%), ETA: 577:51:31, Rate: 18.7 cps, Current: 165, 224
[18:53:01] [Server thread/INFO]: [Chunky] Task running for Gabito. Processed: 227375 chunks (0.58%), ETA: 557:45:23, Rate: 19.3 cps, Current: 170, 224
[18:53:02] [Server thread/INFO]: [Chunky] Task running for Gabito. Processed: 227399 chunks (0.58%), ETA: 559:14:35, Rate: 19.3 cps, Current: 168, 226
[18:53:03] [Server thread/INFO]: [Chunky] Task running for Gabito. Processed: 227425 chunks (0.58%), ETA: 554:14:51, Rate: 19.5 cps, Current: 174, 226
[18:53:04] [Server thread/INFO]: [Chunky] Task running for Gabito. Processed: 227438 chunks (0.58%), ETA: 560:15:49, Rate: 19.3 cps, Current: 168, 232
[18:53:05] [Server thread/INFO]: [Chunky] Task running for Gabito. Processed: 227458 chunks (0.58%), ETA: 555:47:30, Rate: 19.4 cps, Current: 169, 233
[18:53:07] [Server thread/INFO]: [Chunky] Task running for Gabito. Processed: 227474 chunks (0.58%), ETA: 564:59:54, Rate: 19.1 cps, Current: 174, 232
[18:53:08] [Server thread/INFO]: [Chunky] Task running for Gabito. Processed: 227489 chunks (0.58%), ETA: 564:33:13, Rate: 19.1 cps, Current: 168, 235
[18:53:09] [Server thread/INFO]: [Chunky] Task running for Gabito. Processed: 227504 chunks (0.58%), ETA: 567:32:19, Rate: 19.0 cps, Current: 173, 238
[18:53:10] [Server thread/INFO]: [Chunky] Task running for Gabito. Processed: 227528 chunks (0.58%), ETA: 553:50:49, Rate: 19.5 cps, Current: 175, 238
[18:53:11] [Server thread/INFO]: [Chunky] Task running for Gabito. Processed: 227578 chunks (0.58%), ETA: 524:46:31, Rate: 20.6 cps, Current: 166, 239
[18:53:12] [Server thread/INFO]: [Chunky] Task running for Gabito. Processed: 227596 chunks (0.58%), ETA: 526:40:27, Rate: 20.5 cps, Current: 162, 241
[18:53:14] [Server thread/INFO]: [Chunky] Task running for Gabito. Processed: 227625 chunks (0.58%), ETA: 521:47:36, Rate: 20.7 cps, Current: 166, 242
[18:53:15] [Server thread/INFO]: [Chunky] Task running for Gabito. Processed: 227649 chunks (0.58%), ETA: 519:14:33, Rate: 20.8 cps, Current: 162, 247
[18:53:16] [Server thread/INFO]: [Chunky] Task running for Gabito. Processed: 227667 chunks (0.58%), ETA: 523:39:41, Rate: 20.6 cps, Current: 162, 252
[18:53:18] [Server thread/INFO]: [Chunky] Task running for Gabito. Processed: 227693 chunks (0.58%), ETA: 510:20:05, Rate: 21.1 cps, Current: 168, 248
[18:53:19] [Server thread/INFO]: [Chunky] Task running for Gabito. Processed: 227715 chunks (0.58%), ETA: 508:31:25, Rate: 21.2 cps, Current: 169, 248
[18:53:20] [Server thread/INFO]: [Chunky] Task running for Gabito. Processed: 227731 chunks (0.58%), ETA: 504:38:47, Rate: 21.4 cps, Current: 170, 248
[18:53:21] [Server thread/INFO]: [Chunky] Task running for Gabito. Processed: 227748 chunks (0.58%), ETA: 512:35:05, Rate: 21.1 cps, Current: 169, 255
[18:53:23] [Server thread/INFO]: [Chunky] Task running for Gabito. Processed: 227770 chunks (0.58%), ETA: 514:50:54, Rate: 21.0 cps, Current: 168, 246
[18:53:24] [Server thread/INFO]: [Chunky] Task running for Gabito. Processed: 227804 chunks (0.58%), ETA: 516:18:23, Rate: 20.9 cps, Current: 175, 251
[18:53:25] [Server thread/INFO]: [Chunky] Task running for Gabito. Processed: 227841 chunks (0.58%), ETA: 507:33:30, Rate: 21.3 cps, Current: 176, 240
[18:53:27] [Server thread/INFO]: [Chunky] Task running for Gabito. Processed: 227843 chunks (0.58%), ETA: 582:43:37, Rate: 18.5 cps, Current: 176, 242
[18:53:28] [Server thread/INFO]: [Chunky] Task running for Gabito. Processed: 227863 chunks (0.58%), ETA: 602:19:16, Rate: 17.9 cps, Current: 181, 244
[18:53:30] [Server thread/INFO]: [Chunky] Task running for Gabito. Processed: 227870 chunks (0.58%), ETA: 632:59:04, Rate: 17.0 cps, Current: 179, 241
[18:53:31] [Server thread/INFO]: [Chunky] Task running for Gabito. Processed: 227890 chunks (0.58%), ETA: 638:38:05, Rate: 16.9 cps, Current: 179, 240
[18:53:33] [Server thread/INFO]: [Chunky] Task running for Gabito. Processed: 227894 chunks (0.58%), ETA: 677:38:35, Rate: 15.9 cps, Current: 178, 247
[18:53:34] [Server thread/INFO]: [Chunky] Task running for Gabito. Processed: 227914 chunks (0.58%), ETA: 666:40:49, Rate: 16.2 cps, Current: 177, 253
[18:53:35] [Server thread/INFO]: [Chunky] Task running for Gabito. Processed: 227937 chunks (0.58%), ETA: 664:20:03, Rate: 16.2 cps, Current: 177, 255
[18:53:36] [Server thread/INFO]: [Chunky] Task running for Gabito. Processed: 227952 chunks (0.58%), ETA: 661:06:09, Rate: 16.3 cps, Current: 182, 249
[18:53:37] [Server thread/INFO]: [Chunky] Task running for Gabito. Processed: 227964 chunks (0.58%), ETA: 659:14:20, Rate: 16.4 cps, Current: 183, 251
[18:53:38] [Server thread/INFO]: [Chunky] Task running for Gabito. Processed: 227980 chunks (0.58%), ETA: 659:46:46, Rate: 16.4 cps, Current: 183, 254
[18:53:39] [Server thread/INFO]: [Chunky] Task running for Gabito. Processed: 227987 chunks (0.58%), ETA: 682:38:15, Rate: 15.8 cps, Current: 184, 254
[18:53:40] [Server thread/INFO]: [Chunky] Task running for Gabito. Processed: 228004 chunks (0.58%), ETA: 738:01:19, Rate: 14.6 cps, Current: 188, 249
[18:53:42] [Server thread/INFO]: [Chunky] Task running for Gabito. Processed: 228018 chunks (0.58%), ETA: 742:37:42, Rate: 14.5 cps, Current: 190, 251
[18:53:43] [Server thread/INFO]: [Chunky] Task running for Gabito. Processed: 228026 chunks (0.58%), ETA: 781:41:26, Rate: 13.8 cps, Current: 190, 250
[18:53:44] [Server thread/INFO]: [Chunky] Task running for Gabito. Processed: 228036 chunks (0.58%), ETA: 809:18:42, Rate: 13.3 cps, Current: 190, 247
[18:53:45] [Server thread/INFO]: [Chunky] Task running for Gabito. Processed: 228052 chunks (0.58%), ETA: 807:46:25, Rate: 13.4 cps, Current: 184, 242
[18:53:46] [Server thread/INFO]: [Chunky] Task running for Gabito. Processed: 228068 chunks (0.58%), ETA: 826:36:59, Rate: 13.1 cps, Current: 186, 242
[18:53:47] [Server thread/INFO]: [Chunky] Task running for Gabito. Processed: 228084 chunks (0.58%), ETA: 821:20:25, Rate: 13.1 cps, Current: 187, 240
[18:53:49] [Server thread/INFO]: [Chunky] Task running for Gabito. Processed: 228090 chunks (0.58%), ETA: 869:24:19, Rate: 12.4 cps, Current: 191, 243
[18:53:50] [Server thread/INFO]: [Chunky] Task running for Gabito. Processed: 228101 chunks (0.58%), ETA: 876:15:39, Rate: 12.3 cps, Current: 188, 238
[18:53:51] [Server thread/INFO]: [Chunky] Task running for Gabito. Processed: 228107 chunks (0.58%), ETA: 899:58:38, Rate: 12.0 cps, Current: 190, 237
[18:53:53] [Server thread/INFO]: [Chunky] Task running for Gabito. Processed: 228131 chunks (0.58%), ETA: 889:16:09, Rate: 12.1 cps, Current: 191, 237
[18:53:54] [Server thread/INFO]: [Chunky] Task running for Gabito. Processed: 228158 chunks (0.58%), ETA: 962:29:11, Rate: 11.2 cps, Current: 188, 232
[18:53:55] [Server thread/INFO]: [Chunky] Task running for Gabito. Processed: 228172 chunks (0.58%), ETA: 947:14:30, Rate: 11.4 cps, Current: 185, 232
[18:53:56] [Server thread/INFO]: [Chunky] Task running for Gabito. Processed: 228211 chunks (0.58%), ETA: 853:52:29, Rate: 12.6 cps, Current: 177, 233
[18:53:57] [Server thread/INFO]: [Chunky] Task running for Gabito. Processed: 228226 chunks (0.58%), ETA: 857:55:32, Rate: 12.6 cps, Current: 176, 231
[18:53:58] [Server thread/INFO]: [Chunky] Task running for Gabito. Processed: 228284 chunks (0.58%), ETA: 742:17:59, Rate: 14.5 cps, Current: 183, 229
[18:53:59] [Server thread/INFO]: [Chunky] Task running for Gabito. Processed: 228323 chunks (0.58%), ETA: 704:32:08, Rate: 15.3 cps, Current: 191, 231
[18:54:01] [Server thread/INFO]: [Chunky] Task running for Gabito. Processed: 228357 chunks (0.58%), ETA: 679:10:14, Rate: 15.9 cps, Current: 192, 225
[18:54:02] [Server thread/INFO]: [Chunky] Task running for Gabito. Processed: 228371 chunks (0.58%), ETA: 656:55:30, Rate: 16.4 cps, Current: 195, 225
[18:54:03] [Server thread/INFO]: [Chunky] Task running for Gabito. Processed: 228395 chunks (0.58%), ETA: 654:41:49, Rate: 16.5 cps, Current: 199, 224
[18:54:04] [Server thread/INFO]: [Chunky] Task running for Gabito. Processed: 228412 chunks (0.58%), ETA: 662:16:08, Rate: 16.3 cps, Current: 194, 231
[18:54:05] [Server thread/INFO]: [Chunky] Task running for Gabito. Processed: 228427 chunks (0.58%), ETA: 665:11:35, Rate: 16.2 cps, Current: 197, 231
[18:54:06] [Server thread/INFO]: [Chunky] Task running for Gabito. Processed: 228457 chunks (0.58%), ETA: 640:50:44, Rate: 16.8 cps, Current: 205, 229
[18:54:07] [Server thread/INFO]: [Chunky] Task running for Gabito. Processed: 228463 chunks (0.58%), ETA: 648:44:07, Rate: 16.6 cps, Current: 206, 228
[18:54:08] [Server thread/INFO]: [Chunky] Task running for Gabito. Processed: 228480 chunks (0.58%), ETA: 635:17:49, Rate: 17.0 cps, Current: 204, 232
[18:54:09] [Server thread/INFO]: [Chunky] Task running for Gabito. Processed: 228491 chunks (0.58%), ETA: 638:35:49, Rate: 16.9 cps, Current: 202, 234
[18:54:10] [Server thread/INFO]: [Chunky] Task running for Gabito. Processed: 228502 chunks (0.58%), ETA: 646:09:56, Rate: 16.7 cps, Current: 205, 235
[18:54:11] [Server thread/INFO]: [Chunky] Task running for Gabito. Processed: 228513 chunks (0.58%), ETA: 649:25:16, Rate: 16.6 cps, Current: 200, 235
[18:54:13] [Server thread/INFO]: [Chunky] Task running for Gabito. Processed: 228527 chunks (0.58%), ETA: 640:33:45, Rate: 16.8 cps, Current: 200, 237
[18:54:14] [Server thread/INFO]: [Chunky] Task running for Gabito. Processed: 228539 chunks (0.58%), ETA: 639:28:35, Rate: 16.9 cps, Current: 198, 237
[18:54:15] [Server thread/INFO]: [Chunky] Task running for Gabito. Processed: 228566 chunks (0.58%), ETA: 623:52:11, Rate: 17.3 cps, Current: 204, 239
[18:54:16] [Server thread/INFO]: [Chunky] Task running for Gabito. Processed: 228609 chunks (0.59%), ETA: 597:13:45, Rate: 18.1 cps, Current: 192, 240
[18:54:18] [Server thread/INFO]: [Chunky] Task running for Gabito. Processed: 228614 chunks (0.59%), ETA: 588:39:22, Rate: 18.3 cps, Current: 193, 241
[18:54:19] [Server thread/INFO]: [Chunky] Task running for Gabito. Processed: 228632 chunks (0.59%), ETA: 592:18:49, Rate: 18.2 cps, Current: 197, 241
[18:54:20] [Server thread/INFO]: [Chunky] Task running for Gabito. Processed: 228650 chunks (0.59%), ETA: 581:47:33, Rate: 18.5 cps, Current: 192, 247
[18:54:21] [Server thread/INFO]: [Chunky] Task running for Gabito. Processed: 228660 chunks (0.59%), ETA: 574:48:23, Rate: 18.8 cps, Current: 192, 250
[18:54:22] [Server thread/INFO]: [Chunky] Task running for Gabito. Processed: 228674 chunks (0.59%), ETA: 576:13:42, Rate: 18.7 cps, Current: 193, 251
[18:54:23] [Server thread/INFO]: [Chunky] Task running for Gabito. Processed: 228683 chunks (0.59%), ETA: 595:58:03, Rate: 18.1 cps, Current: 194, 249
[18:54:24] [Server thread/INFO]: [Chunky] Task running for Gabito. Processed: 228690 chunks (0.59%), ETA: 605:38:53, Rate: 17.8 cps, Current: 198, 247
[18:54:25] [Server thread/INFO]: [Chunky] Task running for Gabito. Processed: 228715 chunks (0.59%), ETA: 624:48:35, Rate: 17.3 cps, Current: 194, 255
[18:54:26] [Server thread/INFO]: [Chunky] Task running for Gabito. Processed: 228730 chunks (0.59%), ETA: 627:44:41, Rate: 17.2 cps, Current: 199, 250
[18:54:27] [Server thread/INFO]: [Chunky] Task running for Gabito. Processed: 228743 chunks (0.59%), ETA: 683:49:14, Rate: 15.8 cps, Current: 197, 255
[18:54:28] [Server thread/INFO]: [Chunky] Task running for Gabito. Processed: 228755 chunks (0.59%), ETA: 725:11:23, Rate: 14.9 cps, Current: 202, 248
[18:54:29] [Server thread/INFO]: [Chunky] Task running for Gabito. Processed: 228768 chunks (0.59%), ETA: 758:13:27, Rate: 14.2 cps, Current: 203, 248
[18:54:31] [Server thread/INFO]: [Chunky] Task running for Gabito. Processed: 228778 chunks (0.59%), ETA: 766:58:48, Rate: 14.1 cps, Current: 205, 250
[18:54:32] [Server thread/INFO]: [Chunky] Task running for Gabito. Processed: 228793 chunks (0.59%), ETA: 789:41:20, Rate: 13.7 cps, Current: 206, 250
[18:54:33] [Server thread/INFO]: [Chunky] Task running for Gabito. Processed: 228822 chunks (0.59%), ETA: 765:01:49, Rate: 14.1 cps, Current: 205, 245
[18:54:34] [Server thread/INFO]: [Chunky] Task running for Gabito. Processed: 228858 chunks (0.59%), ETA: 726:41:29, Rate: 14.8 cps, Current: 207, 246
[18:54:36] [Server thread/INFO]: [Chunky] Task running for Gabito. Processed: 228866 chunks (0.59%), ETA: 772:30:04, Rate: 14.0 cps, Current: 208, 241
[18:54:37] [Server thread/INFO]: [Chunky] Task running for Gabito. Processed: 228868 chunks (0.59%), ETA: 783:43:35, Rate: 13.8 cps, Current: 208, 243
[18:54:38] [Server thread/INFO]: [Chunky] Task running for Gabito. Processed: 228891 chunks (0.59%), ETA: 774:22:54, Rate: 13.9 cps, Current: 208, 245
[18:54:39] [Server thread/INFO]: [Chunky] Task running for Gabito. Processed: 228910 chunks (0.59%), ETA: 766:55:39, Rate: 14.1 cps, Current: 208, 247
[18:54:40] [Server thread/INFO]: [Chunky] Task running for Gabito. Processed: 228932 chunks (0.59%), ETA: 748:34:49, Rate: 14.4 cps, Current: 215, 245
[18:54:41] [Server thread/INFO]: [Chunky] Task running for Gabito. Processed: 228951 chunks (0.59%), ETA: 736:30:42, Rate: 14.7 cps, Current: 209, 255
[18:54:42] [Server thread/INFO]: [Chunky] Task running for Gabito. Processed: 228973 chunks (0.59%), ETA: 716:57:24, Rate: 15.1 cps, Current: 211, 254
[18:54:44] [Server thread/INFO]: [Chunky] Task running for Gabito. Processed: 228981 chunks (0.59%), ETA: 718:10:08, Rate: 15.0 cps, Current: 215, 250
[18:54:45] [Server thread/INFO]: [Chunky] Task running for Gabito. Processed: 228999 chunks (0.59%), ETA: 729:42:18, Rate: 14.8 cps, Current: 216, 253
[18:54:46] [Server thread/INFO]: [Chunky] Task running for Gabito. Processed: 229008 chunks (0.59%), ETA: 790:27:43, Rate: 13.7 cps, Current: 218, 248
[18:54:47] [Server thread/INFO]: [Chunky] Task running for Gabito. Processed: 229027 chunks (0.59%), ETA: 765:42:42, Rate: 14.1 cps, Current: 219, 254
[18:54:48] [Server thread/INFO]: [Chunky] Task running for Gabito. Processed: 229037 chunks (0.59%), ETA: 777:12:41, Rate: 13.9 cps, Current: 218, 255
[18:54:49] [Server thread/INFO]: [Chunky] Task running for Gabito. Processed: 229056 chunks (0.59%), ETA: 775:10:08, Rate: 13.9 cps, Current: 222, 250
[18:54:50] [Server thread/INFO]: [Chunky] Task running for Gabito. Processed: 229075 chunks (0.59%), ETA: 758:25:00, Rate: 14.2 cps, Current: 218, 245
[18:54:51] [Server thread/INFO]: [Chunky] Task running for Gabito. Processed: 229091 chunks (0.59%), ETA: 754:49:19, Rate: 14.3 cps, Current: 223, 246
[18:54:52] [Server thread/INFO]: [Chunky] Task running for Gabito. Processed: 229108 chunks (0.59%), ETA: 739:54:26, Rate: 14.6 cps, Current: 221, 242
[18:54:53] [Server thread/INFO]: [Chunky] Task running for Gabito. Processed: 229114 chunks (0.59%), ETA: 743:48:54, Rate: 14.5 cps, Current: 223, 243
[18:54:54] [Server thread/INFO]: [Chunky] Task running for Gabito. Processed: 229125 chunks (0.59%), ETA: 772:40:28, Rate: 14.0 cps, Current: 222, 238
[18:54:55] [Server thread/INFO]: [Chunky] Task running for Gabito. Processed: 229136 chunks (0.59%), ETA: 765:34:55, Rate: 14.1 cps, Current: 219, 234
[18:54:57] [Server thread/INFO]: [Chunky] Task running for Gabito. Processed: 229157 chunks (0.59%), ETA: 756:34:19, Rate: 14.3 cps, Current: 223, 237
[18:54:58] [Server thread/INFO]: [Chunky] Task running for Gabito. Processed: 229176 chunks (0.59%), ETA: 747:27:11, Rate: 14.4 cps, Current: 210, 239
[18:54:59] [Server thread/INFO]: [Chunky] Task running for Gabito. Processed: 229199 chunks (0.59%), ETA: 728:08:02, Rate: 14.8 cps, Current: 213, 237
[18:55:00] [Server thread/INFO]: [Chunky] Task running for Gabito. Processed: 229235 chunks (0.59%), ETA: 688:32:30, Rate: 15.7 cps, Current: 215, 233
[18:55:01] [Server thread/INFO]: [Chunky] Task running for Gabito. Processed: 229257 chunks (0.59%), ETA: 674:52:51, Rate: 16.0 cps, Current: 213, 230
[18:55:02] [Server thread/INFO]: [Chunky] Task running for Gabito. Processed: 229313 chunks (0.59%), ETA: 640:23:16, Rate: 16.8 cps, Current: 216, 224
[18:55:03] [Server thread/INFO]: [Chunky] Task running for Gabito. Processed: 229363 chunks (0.59%), ETA: 617:45:51, Rate: 17.5 cps, Current: 222, 230
[18:55:05] [Server thread/INFO]: [Chunky] Task running for Gabito. Processed: 229380 chunks (0.59%), ETA: 607:37:03, Rate: 17.8 cps, Current: 227, 224
[18:55:06] [Server thread/INFO]: [Chunky] Task running for Gabito. Processed: 229407 chunks (0.59%), ETA: 597:16:36, Rate: 18.1 cps, Current: 228, 227
[18:55:07] [Server thread/INFO]: [Chunky] Task running for Gabito. Processed: 229424 chunks (0.59%), ETA: 579:24:34, Rate: 18.6 cps, Current: 230, 225
[18:55:08] [Server thread/INFO]: [Chunky] Task running for Gabito. Processed: 229446 chunks (0.59%), ETA: 579:18:23, Rate: 18.6 cps, Current: 232, 226
[18:55:09] [Server thread/INFO]: [Chunky] Task running for Gabito. Processed: 229456 chunks (0.59%), ETA: 583:10:34, Rate: 18.5 cps, Current: 238, 225
[18:55:10] [Server thread/INFO]: [Chunky] Task running for Gabito. Processed: 229482 chunks (0.59%), ETA: 589:32:18, Rate: 18.3 cps, Current: 238, 227
[18:55:12] [Server thread/INFO]: [Chunky] Task running for Gabito. Processed: 229488 chunks (0.59%), ETA: 607:29:02, Rate: 17.8 cps, Current: 239, 227
[18:55:13] [Server thread/INFO]: [Chunky] Task running for Gabito. Processed: 229507 chunks (0.59%), ETA: 595:48:25, Rate: 18.1 cps, Current: 239, 229
[18:55:14] [Server thread/INFO]: [Chunky] Task running for Gabito. Processed: 229522 chunks (0.59%), ETA: 598:11:17, Rate: 18.0 cps, Current: 238, 232
[18:55:15] [Server thread/INFO]: [Chunky] Task running for Gabito. Processed: 229538 chunks (0.59%), ETA: 591:16:39, Rate: 18.2 cps, Current: 235, 236
[18:55:16] [Server thread/INFO]: [Chunky] Task running for Gabito. Processed: 229551 chunks (0.59%), ETA: 592:45:10, Rate: 18.2 cps, Current: 237, 238
[18:55:17] [Server thread/INFO]: [Chunky] Task running for Gabito. Processed: 229571 chunks (0.59%), ETA: 585:53:17, Rate: 18.4 cps, Current: 227, 232
[18:55:18] [Server thread/INFO]: [Chunky] Task running for Gabito. Processed: 229618 chunks (0.59%), ETA: 556:02:24, Rate: 19.4 cps, Current: 224, 238
[18:55:19] [Server thread/INFO]: [Chunky] Task running for Gabito. Processed: 229637 chunks (0.59%), ETA: 561:22:04, Rate: 19.2 cps, Current: 225, 240
[18:55:21] [Server thread/INFO]: [Chunky] Task running for Gabito. Processed: 229663 chunks (0.59%), ETA: 552:30:44, Rate: 19.5 cps, Current: 229, 242
[18:55:22] [Server thread/INFO]: [Chunky] Task running for Gabito. Processed: 229688 chunks (0.59%), ETA: 546:25:37, Rate: 19.7 cps, Current: 224, 250
[18:55:23] [Server thread/INFO]: [Chunky] Task running for Gabito. Processed: 229696 chunks (0.59%), ETA: 543:14:17, Rate: 19.9 cps, Current: 225, 250
[18:55:24] [Server thread/INFO]: [Chunky] Task running for Gabito. Processed: 229716 chunks (0.59%), ETA: 536:44:50, Rate: 20.1 cps, Current: 226, 253
[18:55:25] [Server thread/INFO]: [Chunky] Task running for Gabito. Processed: 229739 chunks (0.59%), ETA: 528:18:58, Rate: 20.4 cps, Current: 230, 248
[18:55:26] [Server thread/INFO]: [Chunky] Task running for Gabito. Processed: 229754 chunks (0.59%), ETA: 534:06:14, Rate: 20.2 cps, Current: 231, 250
[18:55:27] [Server thread/INFO]: [Chunky] Task running for Gabito. Processed: 229772 chunks (0.59%), ETA: 538:36:48, Rate: 20.0 cps, Current: 234, 251
[18:55:28] [Server thread/INFO]: [Chunky] Task running for Gabito. Processed: 229786 chunks (0.59%), ETA: 546:51:26, Rate: 19.7 cps, Current: 235, 252
[18:55:29] [Server thread/INFO]: [Chunky] Task running for Gabito. Processed: 229800 chunks (0.59%), ETA: 562:17:54, Rate: 19.2 cps, Current: 236, 254
[18:55:31] [Server thread/INFO]: [Chunky] Task running for Gabito. Processed: 229817 chunks (0.59%), ETA: 564:49:42, Rate: 19.1 cps, Current: 236, 255
[18:55:32] [Server thread/INFO]: [Chunky] Task running for Gabito. Processed: 229833 chunks (0.59%), ETA: 606:54:32, Rate: 17.8 cps, Current: 238, 249
[18:55:33] [Server thread/INFO]: [Chunky] Task running for Gabito. Processed: 229861 chunks (0.59%), ETA: 636:50:41, Rate: 16.9 cps, Current: 239, 249
[18:55:34] [Server thread/INFO]: [Chunky] Task running for Gabito. Processed: 229889 chunks (0.59%), ETA: 621:44:00, Rate: 17.4 cps, Current: 240, 240
[18:55:35] [Server thread/INFO]: [Chunky] Task running for Gabito. Processed: 229890 chunks (0.59%), ETA: 653:34:41, Rate: 16.5 cps, Current: 240, 241
[18:55:36] [Server thread/INFO]: [Chunky] Task running for Gabito. Processed: 229891 chunks (0.59%), ETA: 681:24:12, Rate: 15.8 cps, Current: 240, 242
[18:55:38] [Server thread/INFO]: [Chunky] Task running for Gabito. Processed: 229918 chunks (0.59%), ETA: 677:55:28, Rate: 15.9 cps, Current: 243, 241
[18:55:39] [Server thread/INFO]: [Chunky] Task running for Gabito. Processed: 229940 chunks (0.59%), ETA: 678:41:01, Rate: 15.9 cps, Current: 242, 247
[18:55:40] [Server thread/INFO]: [Chunky] Task running for Gabito. Processed: 229958 chunks (0.59%), ETA: 676:35:55, Rate: 15.9 cps, Current: 247, 246
[18:55:41] [Server thread/INFO]: [Chunky] Task running for Gabito. Processed: 229978 chunks (0.59%), ETA: 658:12:26, Rate: 16.4 cps, Current: 244, 248
[18:55:43] [Server thread/INFO]: [Chunky] Task running for Gabito. Processed: 229997 chunks (0.59%), ETA: 657:23:27, Rate: 16.4 cps, Current: 243, 254
[18:55:44] [Server thread/INFO]: [Chunky] Task running for Gabito. Processed: 230012 chunks (0.59%), ETA: 663:04:05, Rate: 16.3 cps, Current: 249, 248
[18:55:45] [Server thread/INFO]: [Chunky] Task running for Gabito. Processed: 230027 chunks (0.59%), ETA: 662:34:20, Rate: 16.3 cps, Current: 247, 254
[18:55:46] [Server thread/INFO]: [Chunky] Task running for Gabito. Processed: 230035 chunks (0.59%), ETA: 674:07:29, Rate: 16.0 cps, Current: 248, 254
[18:55:47] [Server thread/INFO]: [Chunky] Task running for Gabito. Processed: 230052 chunks (0.59%), ETA: 722:37:30, Rate: 14.9 cps, Current: 252, 249
[18:55:48] [Server thread/INFO]: [Chunky] Task running for Gabito. Processed: 230061 chunks (0.59%), ETA: 730:50:36, Rate: 14.8 cps, Current: 253, 248
[18:55:49] [Server thread/INFO]: [Chunky] Task running for Gabito. Processed: 230067 chunks (0.59%), ETA: 748:07:58, Rate: 14.4 cps, Current: 253, 247
[18:55:51] [Server thread/INFO]: [Chunky] Task running for Gabito. Processed: 230081 chunks (0.59%), ETA: 791:28:04, Rate: 13.6 cps, Current: 253, 255
[18:55:52] [Server thread/INFO]: [Chunky] Task running for Gabito. Processed: 230087 chunks (0.59%), ETA: 804:02:20, Rate: 13.4 cps, Current: 248, 244
[18:55:53] [Server thread/INFO]: [Chunky] Task running for Gabito. Processed: 230105 chunks (0.59%), ETA: 811:47:11, Rate: 13.3 cps, Current: 255, 249
[18:55:55] [Server thread/INFO]: [Chunky] Task running for Gabito. Processed: 230108 chunks (0.59%), ETA: 865:15:20, Rate: 12.5 cps, Current: 249, 242
[18:55:56] [Server thread/INFO]: [Chunky] Task running for Gabito. Processed: 230121 chunks (0.59%), ETA: 871:33:12, Rate: 12.4 cps, Current: 253, 244
[18:55:57] [Server thread/INFO]: [Chunky] Task running for Gabito. Processed: 230134 chunks (0.59%), ETA: 887:30:17, Rate: 12.2 cps, Current: 253, 241
[18:55:58] [Server thread/INFO]: [Chunky] Task running for Gabito. Processed: 230138 chunks (0.59%), ETA: 915:26:24, Rate: 11.8 cps, Current: 255, 243
[18:55:59] [Server thread/INFO]: [Chunky] Task running for Gabito. Processed: 230149 chunks (0.59%), ETA: 934:55:37, Rate: 11.5 cps, Current: 252, 238
[18:56:00] [Server thread/INFO]: [Chunky] Task running for Gabito. Processed: 230167 chunks (0.59%), ETA: 920:44:08, Rate: 11.7 cps, Current: 255, 241
[18:56:01] [Server thread/INFO]: [Chunky] Task running for Gabito. Processed: 230180 chunks (0.59%), ETA: 926:56:11, Rate: 11.6 cps, Current: 251, 233
[18:56:03] [Server thread/INFO]: [Chunky] Task running for Gabito. Processed: 230206 chunks (0.59%), ETA: 934:30:28, Rate: 11.5 cps, Current: 247, 238
[18:56:04] [Server thread/INFO]: [Chunky] Task running for Gabito. Processed: 230228 chunks (0.59%), ETA: 945:55:15, Rate: 11.4 cps, Current: 240, 236
[18:56:05] [Server thread/INFO]: [Chunky] Task running for Gabito. Processed: 230267 chunks (0.59%), ETA: 851:59:52, Rate: 12.7 cps, Current: 241, 232
[18:56:06] [Server thread/INFO]: [Chunky] Task running for Gabito. Processed: 230281 chunks (0.59%), ETA: 822:53:51, Rate: 13.1 cps, Current: 240, 227
[18:56:07] [Server thread/INFO]: [Chunky] Task running for Gabito. Processed: 230340 chunks (0.59%), ETA: 748:08:41, Rate: 14.4 cps, Current: 248, 225
[18:56:08] [Server thread/INFO]: [Chunky] Task running for Gabito. Processed: 230381 chunks (0.59%), ETA: 704:48:11, Rate: 15.3 cps, Current: 253, 224
[18:56:09] [Server thread/INFO]: [Chunky] Task running for Gabito. Processed: 230401 chunks (0.59%), ETA: 705:00:22, Rate: 15.3 cps, Current: 256, 224
[18:56:10] [Server thread/INFO]: [Chunky] Task running for Gabito. Processed: 230413 chunks (0.59%), ETA: 717:40:10, Rate: 15.0 cps, Current: 257, 225
[18:56:12] [Server thread/INFO]: [Chunky] Task running for Gabito. Processed: 230428 chunks (0.59%), ETA: 720:35:34, Rate: 15.0 cps, Current: 258, 230
[18:56:13] [Server thread/INFO]: [Chunky] Task running for Gabito. Processed: 230442 chunks (0.59%), ETA: 723:22:33, Rate: 14.9 cps, Current: 262, 228
[18:56:14] [Server thread/INFO]: [Chunky] Task running for Gabito. Processed: 230449 chunks (0.59%), ETA: 738:30:01, Rate: 14.6 cps, Current: 260, 231
[18:56:15] [Server thread/INFO]: [Chunky] Task running for Gabito. Processed: 230464 chunks (0.59%), ETA: 728:38:10, Rate: 14.8 cps, Current: 261, 224
[18:56:16] [Server thread/INFO]: [Chunky] Task running for Gabito. Processed: 230473 chunks (0.59%), ETA: 741:56:15, Rate: 14.5 cps, Current: 266, 227
[18:56:17] [Server thread/INFO]: [Chunky] Task running for Gabito. Processed: 230499 chunks (0.59%), ETA: 715:35:24, Rate: 15.1 cps, Current: 270, 227
[18:56:18] [Server thread/INFO]: [Chunky] Task running for Gabito. Processed: 230507 chunks (0.59%), ETA: 713:12:04, Rate: 15.1 cps, Current: 270, 224
[18:56:20] [Server thread/INFO]: [Chunky] Task running for Gabito. Processed: 230528 chunks (0.59%), ETA: 697:17:17, Rate: 15.5 cps, Current: 264, 233
[18:56:21] [Server thread/INFO]: [Chunky] Task running for Gabito. Processed: 230545 chunks (0.59%), ETA: 696:06:50, Rate: 15.5 cps, Current: 270, 232
[18:56:22] [Server thread/INFO]: [Chunky] Task running for Gabito. Processed: 230561 chunks (0.59%), ETA: 675:29:03, Rate: 16.0 cps, Current: 268, 237
[18:56:23] [Server thread/INFO]: [Chunky] Task running for Gabito. Processed: 230575 chunks (0.59%), ETA: 679:26:01, Rate: 15.9 cps, Current: 263, 237
[18:56:24] [Server thread/INFO]: [Chunky] Task running for Gabito. Processed: 230585 chunks (0.59%), ETA: 661:22:47, Rate: 16.3 cps, Current: 271, 236
[18:56:25] [Server thread/INFO]: [Chunky] Task running for Gabito. Processed: 230632 chunks (0.59%), ETA: 617:17:26, Rate: 17.5 cps, Current: 265, 239
[18:56:26] [Server thread/INFO]: [Chunky] Task running for Gabito. Processed: 230660 chunks (0.59%), ETA: 592:44:18, Rate: 18.2 cps, Current: 256, 243
[18:56:27] [Server thread/INFO]: [Chunky] Task running for Gabito. Processed: 230673 chunks (0.59%), ETA: 599:19:46, Rate: 18.0 cps, Current: 257, 243
[18:56:28] [Server thread/INFO]: [Chunky] Task running for Gabito. Processed: 230699 chunks (0.59%), ETA: 569:49:05, Rate: 18.9 cps, Current: 257, 246
[18:56:29] [Server thread/INFO]: [Chunky] Task running for Gabito. Processed: 230721 chunks (0.59%), ETA: 563:51:51, Rate: 19.1 cps, Current: 258, 247
[18:56:31] [Server thread/INFO]: [Chunky] Task running for Gabito. Processed: 230731 chunks (0.59%), ETA: 567:52:00, Rate: 19.0 cps, Current: 258, 249
[18:56:32] [Server thread/INFO]: [Chunky] Task running for Gabito. Processed: 230762 chunks (0.59%), ETA: 561:28:15, Rate: 19.2 cps, Current: 259, 254
[18:56:33] [Server thread/INFO]: [Chunky] Task running for Gabito. Processed: 230776 chunks (0.59%), ETA: 566:39:28, Rate: 19.0 cps, Current: 263, 249
[18:56:34] [Server thread/INFO]: [Chunky] Task running for Gabito. Processed: 230793 chunks (0.59%), ETA: 571:05:29, Rate: 18.9 cps, Current: 263, 254
[18:56:35] [Server thread/INFO]: [Chunky] Task running for Gabito. Processed: 230803 chunks (0.59%), ETA: 599:43:19, Rate: 18.0 cps, Current: 266, 248
[18:56:36] [Server thread/INFO]: [Chunky] Task running for Gabito. Processed: 230820 chunks (0.59%), ETA: 598:01:42, Rate: 18.0 cps, Current: 268, 249
[18:56:38] [Server thread/INFO]: [Chunky] Task running for Gabito. Processed: 230842 chunks (0.59%), ETA: 683:47:23, Rate: 15.8 cps, Current: 264, 246
[18:56:39] [Server thread/INFO]: [Chunky] Task running for Gabito. Processed: 230878 chunks (0.59%), ETA: 657:01:05, Rate: 16.4 cps, Current: 266, 240
[18:56:40] [Server thread/INFO]: [Chunky] Task running for Gabito. Processed: 230906 chunks (0.59%), ETA: 636:56:21, Rate: 16.9 cps, Current: 271, 240
[18:56:41] [Server thread/INFO]: [Chunky] Task running for Gabito. Processed: 230914 chunks (0.59%), ETA: 649:09:06, Rate: 16.6 cps, Current: 272, 241
[18:56:42] [Server thread/INFO]: [Chunky] Task running for Gabito. Processed: 230918 chunks (0.59%), ETA: 662:00:51, Rate: 16.3 cps, Current: 273, 241
[18:56:43] [Server thread/INFO]: [Chunky] Task running for Gabito. Processed: 230936 chunks (0.59%), ETA: 636:48:36, Rate: 16.9 cps, Current: 273, 244
[18:56:44] [Server thread/INFO]: [Chunky] Task running for Gabito. Processed: 230963 chunks (0.59%), ETA: 632:29:19, Rate: 17.1 cps, Current: 273, 248
[18:56:45] [Server thread/INFO]: [Chunky] Task running for Gabito. Processed: 230993 chunks (0.59%), ETA: 605:43:52, Rate: 17.8 cps, Current: 274, 250
[18:56:47] [Server thread/INFO]: [Chunky] Task running for Gabito. Processed: 231008 chunks (0.59%), ETA: 616:43:20, Rate: 17.5 cps, Current: 277, 248
[18:56:48] [Server thread/INFO]: [Chunky] Task running for Gabito. Processed: 231023 chunks (0.59%), ETA: 606:39:38, Rate: 17.8 cps, Current: 278, 249
[18:56:49] [Server thread/INFO]: [Chunky] Task running for Gabito. Processed: 231042 chunks (0.59%), ETA: 612:47:15, Rate: 17.6 cps, Current: 279, 253
[18:56:50] [Server thread/INFO]: [Chunky] Task running for Gabito. Processed: 231053 chunks (0.59%), ETA: 622:10:22, Rate: 17.3 cps, Current: 282, 251
[18:56:51] [Server thread/INFO]: [Chunky] Task running for Gabito. Processed: 231060 chunks (0.59%), ETA: 631:16:43, Rate: 17.1 cps, Current: 281, 254
[18:56:52] [Server thread/INFO]: [Chunky] Task running for Gabito. Processed: 231076 chunks (0.59%), ETA: 629:49:00, Rate: 17.1 cps, Current: 285, 251
[18:56:53] [Server thread/INFO]: [Chunky] Task running for Gabito. Processed: 231097 chunks (0.59%), ETA: 618:22:21, Rate: 17.4 cps, Current: 286, 250
[18:56:54] [Server thread/INFO]: [Chunky] Task running for Gabito. Processed: 231116 chunks (0.59%), ETA: 652:01:31, Rate: 16.5 cps, Current: 287, 253
[18:56:55] [Server thread/INFO]: [Chunky] Task running for Gabito. Processed: 231134 chunks (0.59%), ETA: 662:15:13, Rate: 16.3 cps, Current: 282, 243
[18:56:56] [Server thread/INFO]: [Chunky] Task running for Gabito. Processed: 231155 chunks (0.59%), ETA: 651:22:25, Rate: 16.6 cps, Current: 285, 243
[18:56:58] [Server thread/INFO]: [Chunky] Task running for Gabito. Processed: 231162 chunks (0.59%), ETA: 682:30:40, Rate: 15.8 cps, Current: 287, 243
[18:56:59] [Server thread/INFO]: [Chunky] Task running for Gabito. Processed: 231178 chunks (0.59%), ETA: 694:54:54, Rate: 15.5 cps, Current: 287, 242
[18:57:00] [Server thread/INFO]: [Chunky] Task running for Gabito. Processed: 231199 chunks (0.59%), ETA: 677:30:42, Rate: 15.9 cps, Current: 282, 237
[18:57:01] [Server thread/INFO]: [Chunky] Task running for Gabito. Processed: 231208 chunks (0.59%), ETA: 708:30:55, Rate: 15.2 cps, Current: 281, 239
[18:57:03] [Server thread/INFO]: [Chunky] Task running for Gabito. Processed: 231243 chunks (0.59%), ETA: 692:56:53, Rate: 15.6 cps, Current: 280, 237
[18:57:04] [Server thread/INFO]: [Chunky] Task running for Gabito. Processed: 231283 chunks (0.59%), ETA: 649:36:57, Rate: 16.6 cps, Current: 276, 233
[18:57:05] [Server thread/INFO]: [Chunky] Task running for Gabito. Processed: 231312 chunks (0.59%), ETA: 631:30:19, Rate: 17.1 cps, Current: 272, 228
[18:57:06] [Server thread/INFO]: [Chunky] Task running for Gabito. Processed: 231330 chunks (0.59%), ETA: 632:21:37, Rate: 17.1 cps, Current: 274, 226
[18:57:07] [Server thread/INFO]: [Chunky] Task running for Gabito. Processed: 231348 chunks (0.59%), ETA: 627:48:53, Rate: 17.2 cps, Current: 274, 225
[18:57:08] [Server thread/INFO]: [Chunky] Task running for Gabito. Processed: 231372 chunks (0.59%), ETA: 645:21:59, Rate: 16.7 cps, Current: 275, 224
[18:57:09] [Server thread/INFO]: [Chunky] Task running for Gabito. Processed: 231396 chunks (0.59%), ETA: 651:18:18, Rate: 16.6 cps, Current: 284, 228
[18:57:10] [Server thread/INFO]: [Chunky] Task running for Gabito. Processed: 231408 chunks (0.59%), ETA: 646:27:21, Rate: 16.7 cps, Current: 256, 193
[18:57:12] [Server thread/INFO]: [Chunky] Task running for Gabito. Processed: 231428 chunks (0.59%), ETA: 627:51:40, Rate: 17.2 cps, Current: 257, 197
[18:57:13] [Server thread/INFO]: [Chunky] Task running for Gabito. Processed: 231441 chunks (0.59%), ETA: 634:21:49, Rate: 17.0 cps, Current: 285, 224
[18:57:14] [Server thread/INFO]: [Chunky] Task running for Gabito. Processed: 231452 chunks (0.59%), ETA: 644:11:58, Rate: 16.7 cps, Current: 261, 197
[18:57:15] [Server thread/INFO]: [Chunky] Task running for Gabito. Processed: 231463 chunks (0.59%), ETA: 672:46:29, Rate: 16.0 cps, Current: 260, 194
[18:57:16] [Server thread/INFO]: [Chunky] Task running for Gabito. Processed: 231475 chunks (0.59%), ETA: 688:11:59, Rate: 15.7 cps, Current: 261, 193
[18:57:18] [Server thread/INFO]: [Chunky] Task running for Gabito. Processed: 231492 chunks (0.59%), ETA: 697:17:52, Rate: 15.5 cps, Current: 264, 195
[18:57:19] [Server thread/INFO]: [Chunky] Task running for Gabito. Processed: 231519 chunks (0.59%), ETA: 671:14:07, Rate: 16.1 cps, Current: 265, 197
[18:57:20] [Server thread/INFO]: [Chunky] Task running for Gabito. Processed: 231536 chunks (0.59%), ETA: 659:22:47, Rate: 16.4 cps, Current: 270, 197
[18:57:21] [Server thread/INFO]: [Chunky] Task running for Gabito. Processed: 231556 chunks (0.59%), ETA: 650:23:47, Rate: 16.6 cps, Current: 271, 197
[18:57:22] [Server thread/INFO]: [Chunky] Task running for Gabito. Processed: 231572 chunks (0.59%), ETA: 659:41:56, Rate: 16.4 cps, Current: 269, 203
[18:57:24] [Server thread/INFO]: [Chunky] Task running for Gabito. Processed: 231593 chunks (0.59%), ETA: 659:03:37, Rate: 16.4 cps, Current: 267, 205
[18:57:25] [Server thread/INFO]: [Chunky] Task running for Gabito. Processed: 231609 chunks (0.59%), ETA: 668:35:03, Rate: 16.1 cps, Current: 262, 200
[18:57:26] [Server thread/INFO]: [Chunky] Task running for Gabito. Processed: 231646 chunks (0.59%), ETA: 645:48:36, Rate: 16.7 cps, Current: 260, 202
[18:57:27] [Server thread/INFO]: [Chunky] Task running for Gabito. Processed: 231685 chunks (0.59%), ETA: 602:33:41, Rate: 17.9 cps, Current: 257, 208
[18:57:28] [Server thread/INFO]: [Chunky] Task running for Gabito. Processed: 231705 chunks (0.59%), ETA: 595:35:05, Rate: 18.1 cps, Current: 256, 212
[18:57:29] [Server thread/INFO]: [Chunky] Task running for Gabito. Processed: 231724 chunks (0.59%), ETA: 600:14:57, Rate: 18.0 cps, Current: 256, 215
[18:57:31] [Server thread/INFO]: [Chunky] Task running for Gabito. Processed: 231762 chunks (0.59%), ETA: 573:27:10, Rate: 18.8 cps, Current: 259, 222
[18:57:32] [Server thread/INFO]: [Chunky] Task running for Gabito. Processed: 231809 chunks (0.59%), ETA: 553:29:40, Rate: 19.5 cps, Current: 264, 217
[18:57:33] [Server thread/INFO]: [Chunky] Task running for Gabito. Processed: 231836 chunks (0.59%), ETA: 567:42:33, Rate: 19.0 cps, Current: 269, 222
[18:57:34] [Server thread/INFO]: [Chunky] Task running for Gabito. Processed: 231854 chunks (0.59%), ETA: 579:08:59, Rate: 18.6 cps, Current: 267, 217
[18:57:35] [Server thread/INFO]: [Chunky] Task running for Gabito. Processed: 231890 chunks (0.59%), ETA: 563:17:53, Rate: 19.2 cps, Current: 269, 213
[18:57:36] [Server thread/INFO]: [Chunky] Task running for Gabito. Processed: 231929 chunks (0.59%), ETA: 542:36:06, Rate: 19.9 cps, Current: 271, 216
[18:57:38] [Server thread/INFO]: [Chunky] Task running for Gabito. Processed: 231939 chunks (0.59%), ETA: 563:53:48, Rate: 19.1 cps, Current: 272, 210
[18:57:39] [Server thread/INFO]: [Chunky] Task running for Gabito. Processed: 231961 chunks (0.59%), ETA: 564:20:41, Rate: 19.1 cps, Current: 275, 209
[18:57:40] [Server thread/INFO]: [Chunky] Task running for Gabito. Processed: 231976 chunks (0.59%), ETA: 558:18:58, Rate: 19.3 cps, Current: 272, 215
[18:57:41] [Server thread/INFO]: [Chunky] Task running for Gabito. Processed: 231998 chunks (0.59%), ETA: 554:36:11, Rate: 19.5 cps, Current: 273, 219
[18:57:42] [Server thread/INFO]: [Chunky] Task running for Gabito. Processed: 232011 chunks (0.59%), ETA: 554:18:02, Rate: 19.5 cps, Current: 274, 216
[18:57:43] [Server thread/INFO]: [Chunky] Task running for Gabito. Processed: 232051 chunks (0.59%), ETA: 526:52:45, Rate: 20.5 cps, Current: 278, 219
[18:57:44] [Server thread/INFO]: [Chunky] Task running for Gabito. Processed: 232079 chunks (0.59%), ETA: 510:22:06, Rate: 21.1 cps, Current: 282, 223
[18:57:45] [Server thread/INFO]: [Chunky] Task running for Gabito. Processed: 232098 chunks (0.59%), ETA: 497:55:00, Rate: 21.7 cps, Current: 285, 221
[18:57:46] [Server thread/INFO]: [Chunky] Task running for Gabito. Processed: 232115 chunks (0.59%), ETA: 501:42:43, Rate: 21.5 cps, Current: 285, 217
[18:57:47] [Server thread/INFO]: [Chunky] Task running for Gabito. Processed: 232137 chunks (0.59%), ETA: 492:00:58, Rate: 21.9 cps, Current: 286, 216
[18:57:49] [Server thread/INFO]: [Chunky] Task running for Gabito. Processed: 232155 chunks (0.59%), ETA: 503:43:38, Rate: 21.4 cps, Current: 282, 212
[18:57:50] [Server thread/INFO]: [Chunky] Task running for Gabito. Processed: 232159 chunks (0.59%), ETA: 518:19:10, Rate: 20.8 cps, Current: 287, 216
[18:57:52] [Server thread/INFO]: [Chunky] Task running for Gabito. Processed: 232171 chunks (0.59%), ETA: 523:16:52, Rate: 20.6 cps, Current: 284, 211
[18:57:53] [Server thread/INFO]: [Chunky] Task running for Gabito. Processed: 232180 chunks (0.59%), ETA: 538:36:10, Rate: 20.0 cps, Current: 283, 208
[18:57:55] [Server thread/INFO]: [Chunky] Task running for Gabito. Processed: 232186 chunks (0.59%), ETA: 556:19:17, Rate: 19.4 cps, Current: 286, 210
[18:57:56] [Server thread/INFO]: [Chunky] Task running for Gabito. Processed: 232194 chunks (0.59%), ETA: 588:05:09, Rate: 18.3 cps, Current: 284, 207
[18:57:57] [Server thread/INFO]: [Chunky] Task running for Gabito. Processed: 232205 chunks (0.59%), ETA: 616:30:07, Rate: 17.5 cps, Current: 284, 202
[18:57:58] [Server thread/INFO]: [Chunky] Task running for Gabito. Processed: 232228 chunks (0.59%), ETA: 617:31:21, Rate: 17.5 cps, Current: 281, 207
[18:57:59] [Server thread/INFO]: [Chunky] Task running for Gabito. Processed: 232256 chunks (0.59%), ETA: 606:04:58, Rate: 17.8 cps, Current: 272, 206
[18:58:00] [Server thread/INFO]: [Chunky] Task running for Gabito. Processed: 232283 chunks (0.59%), ETA: 613:06:29, Rate: 17.6 cps, Current: 272, 203
[18:58:01] [Server thread/INFO]: [Chunky] Task running for Gabito. Processed: 232321 chunks (0.59%), ETA: 623:36:40, Rate: 17.3 cps, Current: 279, 199
[18:58:03] [Server thread/INFO]: [Chunky] Task running for Gabito. Processed: 232347 chunks (0.59%), ETA: 626:34:29, Rate: 17.2 cps, Current: 274, 196
[18:58:04] [Server thread/INFO]: [Chunky] Task running for Gabito. Processed: 232365 chunks (0.59%), ETA: 625:06:19, Rate: 17.3 cps, Current: 273, 192
[18:58:05] [Server thread/INFO]: [Chunky] Task running for Gabito. Processed: 232394 chunks (0.59%), ETA: 634:51:23, Rate: 17.0 cps, Current: 282, 198
[18:58:06] [Server thread/INFO]: [Chunky] Task running for Gabito. Processed: 232414 chunks (0.59%), ETA: 658:57:55, Rate: 16.4 cps, Current: 278, 192
[18:58:07] [Server thread/INFO]: [Chunky] Task running for Gabito. Processed: 232431 chunks (0.59%), ETA: 640:06:36, Rate: 16.9 cps, Current: 285, 195
[18:58:08] [Server thread/INFO]: [Chunky] Task running for Gabito. Processed: 232451 chunks (0.59%), ETA: 645:58:10, Rate: 16.7 cps, Current: 257, 164
[18:58:09] [Server thread/INFO]: [Chunky] Task running for Gabito. Processed: 232463 chunks (0.59%), ETA: 649:00:42, Rate: 16.6 cps, Current: 258, 163
[18:58:10] [Server thread/INFO]: [Chunky] Task running for Gabito. Processed: 232476 chunks (0.59%), ETA: 666:20:30, Rate: 16.2 cps, Current: 261, 165
[18:58:12] [Server thread/INFO]: [Chunky] Task running for Gabito. Processed: 232487 chunks (0.59%), ETA: 670:13:15, Rate: 16.1 cps, Current: 260, 162
[18:58:13] [Server thread/INFO]: [Chunky] Task running for Gabito. Processed: 232499 chunks (0.60%), ETA: 743:08:54, Rate: 14.5 cps, Current: 261, 161
[18:58:14] [Server thread/INFO]: [Chunky] Task running for Gabito. Processed: 232516 chunks (0.60%), ETA: 754:37:36, Rate: 14.3 cps, Current: 264, 163
[18:58:15] [Server thread/INFO]: Tsuyoi has made the advancement [Diamonds!]
[18:58:16] [Server thread/INFO]: [Chunky] Task running for Gabito. Processed: 232541 chunks (0.60%), ETA: 741:55:42, Rate: 14.5 cps, Current: 266, 160
[18:58:17] [Server thread/INFO]: [Chunky] Task running for Gabito. Processed: 232552 chunks (0.60%), ETA: 757:14:27, Rate: 14.2 cps, Current: 269, 160
[18:58:18] [Server thread/INFO]: [Chunky] Task running for Gabito. Processed: 232574 chunks (0.60%), ETA: 746:32:06, Rate: 14.5 cps, Current: 268, 167
[18:58:19] [Server thread/INFO]: [Chunky] Task running for Gabito. Processed: 232593 chunks (0.60%), ETA: 713:44:52, Rate: 15.1 cps, Current: 270, 168
[18:58:20] [Server thread/INFO]: [Chunky] Task running for Gabito. Processed: 232610 chunks (0.60%), ETA: 714:01:12, Rate: 15.1 cps, Current: 266, 172
[18:58:21] [Server thread/INFO]: [Chunky] Task running for Gabito. Processed: 232623 chunks (0.60%), ETA: 705:52:11, Rate: 15.3 cps, Current: 271, 171
[18:58:22] [Server thread/INFO]: [Chunky] Task running for Gabito. Processed: 232652 chunks (0.60%), ETA: 670:12:22, Rate: 16.1 cps, Current: 270, 175
[18:58:24] [Server thread/INFO]: [Chunky] Task running for Gabito. Processed: 232705 chunks (0.60%), ETA: 600:34:56, Rate: 18.0 cps, Current: 256, 176
[18:58:25] [Server thread/INFO]: [Chunky] Task running for Gabito. Processed: 232723 chunks (0.60%), ETA: 601:38:46, Rate: 17.9 cps, Current: 257, 179
[18:58:26] [Server thread/INFO]: [Chunky] Task running for Gabito. Processed: 232746 chunks (0.60%), ETA: 583:52:57, Rate: 18.5 cps, Current: 256, 183
[18:58:27] [Server thread/INFO]: [Chunky] Task running for Gabito. Processed: 232775 chunks (0.60%), ETA: 566:58:07, Rate: 19.0 cps, Current: 258, 183
[18:58:28] [Server thread/INFO]: [Chunky] Task running for Gabito. Processed: 232797 chunks (0.60%), ETA: 563:37:42, Rate: 19.1 cps, Current: 263, 182
[18:58:29] [Server thread/INFO]: [Chunky] Task running for Gabito. Processed: 232834 chunks (0.60%), ETA: 554:50:53, Rate: 19.4 cps, Current: 264, 191
[18:58:30] [Server thread/INFO]: [Chunky] Task running for Gabito. Processed: 232862 chunks (0.60%), ETA: 554:59:19, Rate: 19.4 cps, Current: 266, 188
[18:58:31] [Server thread/INFO]: [Chunky] Task running for Gabito. Processed: 232883 chunks (0.60%), ETA: 569:09:33, Rate: 19.0 cps, Current: 270, 188
[18:58:32] [Server thread/INFO]: [Chunky] Task running for Gabito. Processed: 232914 chunks (0.60%), ETA: 566:35:21, Rate: 19.0 cps, Current: 271, 188
[18:58:33] [Server thread/INFO]: [Chunky] Task running for Gabito. Processed: 232954 chunks (0.60%), ETA: 541:23:11, Rate: 19.9 cps, Current: 271, 184
[18:58:35] [Server thread/INFO]: [Chunky] Task running for Gabito. Processed: 232963 chunks (0.60%), ETA: 565:58:23, Rate: 19.1 cps, Current: 272, 178
[18:58:36] [Server thread/INFO]: [Chunky] Task running for Gabito. Processed: 232990 chunks (0.60%), ETA: 557:51:10, Rate: 19.3 cps, Current: 275, 177
[18:58:37] [Server thread/INFO]: [Chunky] Task running for Gabito. Processed: 233000 chunks (0.60%), ETA: 564:59:39, Rate: 19.1 cps, Current: 278, 181
[18:58:38] [Server thread/INFO]: [Chunky] Task running for Gabito. Processed: 233021 chunks (0.60%), ETA: 560:06:18, Rate: 19.3 cps, Current: 273, 186
[18:58:39] [Server thread/INFO]: [Chunky] Task running for Gabito. Processed: 233031 chunks (0.60%), ETA: 559:05:26, Rate: 19.3 cps, Current: 279, 178
[18:58:41] [Server thread/INFO]: [Chunky] Task running for Gabito. Processed: 233036 chunks (0.60%), ETA: 567:37:20, Rate: 19.0 cps, Current: 274, 184
[18:58:42] [Server thread/INFO]: [Chunky] Task running for Gabito. Processed: 233052 chunks (0.60%), ETA: 558:29:56, Rate: 19.3 cps, Current: 278, 191
[18:58:43] [Server thread/INFO]: [Chunky] Task running for Gabito. Processed: 233075 chunks (0.60%), ETA: 556:04:33, Rate: 19.4 cps, Current: 278, 190
[18:58:44] [Server thread/INFO]: [Chunky] Task running for Gabito. Processed: 233094 chunks (0.60%), ETA: 547:14:29, Rate: 19.7 cps, Current: 281, 191
[18:58:45] [Server thread/INFO]: [Chunky] Task running for Gabito. Processed: 233116 chunks (0.60%), ETA: 550:00:59, Rate: 19.6 cps, Current: 287, 191
[18:58:46] [Server thread/INFO]: [Chunky] Task running for Gabito. Processed: 233135 chunks (0.60%), ETA: 541:19:04, Rate: 19.9 cps, Current: 285, 186
[18:58:47] [Server thread/INFO]: [Chunky] Task running for Gabito. Processed: 233160 chunks (0.60%), ETA: 536:41:40, Rate: 20.1 cps, Current: 280, 180
[18:58:48] [Server thread/INFO]: [Chunky] Task running for Gabito. Processed: 233179 chunks (0.60%), ETA: 535:00:11, Rate: 20.2 cps, Current: 281, 178
[18:58:49] [Server thread/INFO]: [Chunky] Task running for Gabito. Processed: 233202 chunks (0.60%), ETA: 528:34:16, Rate: 20.4 cps, Current: 282, 176
[18:58:50] [Server thread/INFO]: [Chunky] Task running for Gabito. Processed: 233210 chunks (0.60%), ETA: 534:51:11, Rate: 20.2 cps, Current: 286, 178
[18:58:51] [Server thread/INFO]: [Chunky] Task running for Gabito. Processed: 233218 chunks (0.60%), ETA: 537:36:34, Rate: 20.1 cps, Current: 284, 175
[18:58:52] [Server thread/INFO]: [Chunky] Task running for Gabito. Processed: 233237 chunks (0.60%), ETA: 577:42:34, Rate: 18.7 cps, Current: 283, 173
[18:58:53] [Server thread/INFO]: [Chunky] Task running for Gabito. Processed: 233252 chunks (0.60%), ETA: 582:55:00, Rate: 18.5 cps, Current: 283, 169
[18:58:54] [Server thread/INFO]: [Chunky] Task running for Gabito. Processed: 233282 chunks (0.60%), ETA: 571:51:22, Rate: 18.9 cps, Current: 277, 174
[18:58:55] [Server thread/INFO]: [Chunky] Task running for Gabito. Processed: 233318 chunks (0.60%), ETA: 555:04:37, Rate: 19.4 cps, Current: 274, 171
[18:58:57] [Server thread/INFO]: [Chunky] Task running for Gabito. Processed: 233346 chunks (0.60%), ETA: 562:33:05, Rate: 19.2 cps, Current: 278, 167
[18:58:58] [Server thread/INFO]: [Chunky] Task running for Gabito. Processed: 233373 chunks (0.60%), ETA: 577:52:08, Rate: 18.7 cps, Current: 275, 165
[18:58:59] [Server thread/INFO]: [Chunky] Task running for Gabito. Processed: 233396 chunks (0.60%), ETA: 584:45:42, Rate: 18.5 cps, Current: 274, 161
[18:59:00] [Server thread/INFO]: [Chunky] Task running for Gabito. Processed: 233420 chunks (0.60%), ETA: 581:27:37, Rate: 18.6 cps, Current: 275, 160
[18:59:01] [Server thread/INFO]: [Chunky] Task running for Gabito. Processed: 233444 chunks (0.60%), ETA: 587:31:12, Rate: 18.4 cps, Current: 284, 164
[18:59:02] [Server thread/INFO]: [Chunky] Task running for Gabito. Processed: 233459 chunks (0.60%), ETA: 618:35:40, Rate: 17.4 cps, Current: 256, 128
[18:59:03] [Server thread/INFO]: [Chunky] Task running for Gabito. Processed: 233478 chunks (0.60%), ETA: 598:00:44, Rate: 18.0 cps, Current: 287, 164
[18:59:04] [Server thread/INFO]: [Chunky] Task running for Gabito. Processed: 233492 chunks (0.60%), ETA: 603:35:25, Rate: 17.9 cps, Current: 258, 134
[18:59:06] [Server thread/INFO]: [Chunky] Task running for Gabito. Processed: 233504 chunks (0.60%), ETA: 620:07:23, Rate: 17.4 cps, Current: 259, 130
[18:59:07] [Server thread/INFO]: [Chunky] Task running for Gabito. Processed: 233513 chunks (0.60%), ETA: 622:18:57, Rate: 17.3 cps, Current: 261, 134
[18:59:08] [Server thread/INFO]: [Chunky] Task running for Gabito. Processed: 233523 chunks (0.60%), ETA: 635:31:03, Rate: 17.0 cps, Current: 261, 129
[18:59:09] [Server thread/INFO]: [Chunky] Task running for Gabito. Processed: 233538 chunks (0.60%), ETA: 632:00:07, Rate: 17.1 cps, Current: 261, 128
[18:59:10] [Server thread/INFO]: [Chunky] Task running for Gabito. Processed: 233553 chunks (0.60%), ETA: 616:28:06, Rate: 17.5 cps, Current: 268, 131
[18:59:11] [Server thread/INFO]: [Chunky] Task running for Gabito. Processed: 233572 chunks (0.60%), ETA: 610:24:45, Rate: 17.7 cps, Current: 270, 131
[18:59:12] [Server thread/INFO]: [Chunky] Task running for Gabito. Processed: 233589 chunks (0.60%), ETA: 618:12:55, Rate: 17.5 cps, Current: 265, 136
[18:59:13] [Server thread/INFO]: [Chunky] Task running for Gabito. Processed: 233604 chunks (0.60%), ETA: 622:31:35, Rate: 17.3 cps, Current: 271, 133
[18:59:14] [Server thread/INFO]: [Chunky] Task running for Gabito. Processed: 233620 chunks (0.60%), ETA: 630:53:02, Rate: 17.1 cps, Current: 269, 139
[18:59:16] [Server thread/INFO]: [Chunky] Task running for Gabito. Processed: 233635 chunks (0.60%), ETA: 638:38:03, Rate: 16.9 cps, Current: 265, 140
[18:59:17] [Server thread/INFO]: [Chunky] Task running for Gabito. Processed: 233657 chunks (0.60%), ETA: 659:47:21, Rate: 16.4 cps, Current: 266, 142
[18:59:18] [Server thread/INFO]: [Chunky] Task running for Gabito. Processed: 233707 chunks (0.60%), ETA: 625:36:20, Rate: 17.2 cps, Current: 264, 143
[18:59:20] [Server thread/INFO]: [Chunky] Task running for Gabito. Processed: 233734 chunks (0.60%), ETA: 604:46:22, Rate: 17.8 cps, Current: 257, 145
[18:59:21] [Server thread/INFO]: [Chunky] Task running for Gabito. Processed: 233759 chunks (0.60%), ETA: 586:02:33, Rate: 18.4 cps, Current: 261, 146
[18:59:22] [Server thread/INFO]: [Chunky] Task running for Gabito. Processed: 233777 chunks (0.60%), ETA: 585:01:21, Rate: 18.4 cps, Current: 256, 156
[18:59:23] [Server thread/INFO]: [Chunky] Task running for Gabito. Processed: 233805 chunks (0.60%), ETA: 572:30:32, Rate: 18.8 cps, Current: 258, 154
[18:59:24] [Server thread/INFO]: [Chunky] Task running for Gabito. Processed: 233843 chunks (0.60%), ETA: 560:58:52, Rate: 19.2 cps, Current: 262, 152
[18:59:25] [Server thread/INFO]: [Chunky] Task running for Gabito. Processed: 233873 chunks (0.60%), ETA: 569:15:58, Rate: 19.0 cps, Current: 265, 153
[18:59:26] [Server thread/INFO]: [Chunky] Task running for Gabito. Processed: 233898 chunks (0.60%), ETA: 566:44:06, Rate: 19.0 cps, Current: 270, 158
[18:59:27] [Server thread/INFO]: [Chunky] Task running for Gabito. Processed: 233916 chunks (0.60%), ETA: 577:03:46, Rate: 18.7 cps, Current: 270, 156
[18:59:28] [Server thread/INFO]: [Chunky] Task running for Gabito. Processed: 233968 chunks (0.60%), ETA: 549:40:59, Rate: 19.6 cps, Current: 271, 155
[18:59:29] [Server thread/INFO]: [Chunky] Task running for Gabito. Processed: 233986 chunks (0.60%), ETA: 555:44:49, Rate: 19.4 cps, Current: 272, 145
[18:59:30] [Server thread/INFO]: [Chunky] Task running for Gabito. Processed: 233993 chunks (0.60%), ETA: 570:56:35, Rate: 18.9 cps, Current: 272, 147
[18:59:31] [Server thread/INFO]: [Chunky] Task running for Gabito. Processed: 234017 chunks (0.60%), ETA: 561:45:02, Rate: 19.2 cps, Current: 278, 145
[18:59:33] [Server thread/INFO]: [Chunky] Task running for Gabito. Processed: 234036 chunks (0.60%), ETA: 562:45:14, Rate: 19.2 cps, Current: 272, 155
[18:59:34] [Server thread/INFO]: [Chunky] Task running for Gabito. Processed: 234060 chunks (0.60%), ETA: 556:10:53, Rate: 19.4 cps, Current: 274, 154
[18:59:35] [Server thread/INFO]: [Chunky] Task running for Gabito. Processed: 234108 chunks (0.60%), ETA: 521:38:29, Rate: 20.7 cps, Current: 279, 158
[18:59:36] [Server thread/INFO]: [Chunky] Task running for Gabito. Processed: 234131 chunks (0.60%), ETA: 510:44:57, Rate: 21.1 cps, Current: 284, 159
[18:59:37] [Server thread/INFO]: [Chunky] Task running for Gabito. Processed: 234154 chunks (0.60%), ETA: 498:07:34, Rate: 21.7 cps, Current: 286, 158
[18:59:38] [Server thread/INFO]: [Chunky] Task running for Gabito. Processed: 234180 chunks (0.60%), ETA: 487:24:22, Rate: 22.1 cps, Current: 280, 149
[18:59:39] [Server thread/INFO]: [Chunky] Task running for Gabito. Processed: 234202 chunks (0.60%), ETA: 483:02:12, Rate: 22.3 cps, Current: 281, 147
[18:59:40] [Server thread/INFO]: [Chunky] Task running for Gabito. Processed: 234218 chunks (0.60%), ETA: 485:15:34, Rate: 22.2 cps, Current: 284, 147
[18:59:42] [Server thread/INFO]: [Chunky] Task running for Gabito. Processed: 234234 chunks (0.60%), ETA: 491:56:22, Rate: 21.9 cps, Current: 286, 146
[18:59:43] [Server thread/INFO]: [Chunky] Task running for Gabito. Processed: 234243 chunks (0.60%), ETA: 501:43:36, Rate: 21.5 cps, Current: 285, 140
[18:59:45] [Server thread/INFO]: [Chunky] Task running for Gabito. Processed: 234250 chunks (0.60%), ETA: 510:15:27, Rate: 21.1 cps, Current: 286, 142
[18:59:46] [Server thread/INFO]: [Chunky] Task running for Gabito. Processed: 234270 chunks (0.60%), ETA: 511:57:16, Rate: 21.1 cps, Current: 286, 137
[18:59:48] [Server thread/INFO]: [Chunky] Task running for Gabito. Processed: 234275 chunks (0.60%), ETA: 559:26:23, Rate: 19.3 cps, Current: 284, 137
[18:59:49] [Server thread/INFO]: [Chunky] Task running for Gabito. Processed: 234285 chunks (0.60%), ETA: 578:01:03, Rate: 18.7 cps, Current: 278, 143
[18:59:50] [Server thread/INFO]: [Chunky] Task running for Gabito. Processed: 234304 chunks (0.60%), ETA: 584:28:04, Rate: 18.5 cps, Current: 278, 142
[18:59:51] [Server thread/INFO]: [Chunky] Task running for Gabito. Processed: 234317 chunks (0.60%), ETA: 592:21:44, Rate: 18.2 cps, Current: 279, 141
[18:59:52] [Server thread/INFO]: [Chunky] Task running for Gabito. Processed: 234355 chunks (0.60%), ETA: 583:31:47, Rate: 18.5 cps, Current: 273, 137
[18:59:54] [Server thread/INFO]: [Chunky] Task running for Gabito. Processed: 234385 chunks (0.60%), ETA: 607:59:38, Rate: 17.7 cps, Current: 273, 133
[18:59:55] [Server thread/INFO]: [Chunky] Task running for Gabito. Processed: 234402 chunks (0.60%), ETA: 608:54:35, Rate: 17.7 cps, Current: 274, 130
[18:59:57] [Server thread/INFO]: [Chunky] Task running for Gabito. Processed: 234410 chunks (0.60%), ETA: 647:07:30, Rate: 16.7 cps, Current: 273, 129
[18:59:58] [Server thread/INFO]: [Chunky] Task running for Gabito. Processed: 234420 chunks (0.60%), ETA: 700:51:34, Rate: 15.4 cps, Current: 274, 129
[18:59:59] [Server thread/INFO]: [Chunky] Task running for Gabito. Processed: 234444 chunks (0.60%), ETA: 690:38:23, Rate: 15.6 cps, Current: 280, 129
[19:00:00] [Server thread/INFO]: [Chunky] Task running for Gabito. Processed: 234462 chunks (0.60%), ETA: 675:25:00, Rate: 16.0 cps, Current: 285, 134
[19:00:01] [Server thread/INFO]: [Chunky] Task running for Gabito. Processed: 234479 chunks (0.60%), ETA: 688:28:15, Rate: 15.7 cps, Current: 285, 131
[19:00:02] [Server thread/INFO]: [Chunky] Task running for Gabito. Processed: 234500 chunks (0.60%), ETA: 689:48:06, Rate: 15.6 cps, Current: 257, 97
[19:00:03] [Server thread/INFO]: [Chunky] Task running for Gabito. Processed: 234514 chunks (0.60%), ETA: 702:18:22, Rate: 15.4 cps, Current: 286, 128
[19:00:05] [Server thread/INFO]: [Chunky] Task running for Gabito. Processed: 234526 chunks (0.60%), ETA: 767:18:28, Rate: 14.1 cps, Current: 259, 98
[19:00:06] [Server thread/INFO]: [Chunky] Task running for Gabito. Processed: 234538 chunks (0.60%), ETA: 786:40:21, Rate: 13.7 cps, Current: 262, 99
[19:00:07] [Server thread/INFO]: [Chunky] Task running for Gabito. Processed: 234546 chunks (0.60%), ETA: 818:40:29, Rate: 13.2 cps, Current: 260, 96
[19:00:08] [Server thread/INFO]: [Chunky] Task running for Gabito. Processed: 234561 chunks (0.60%), ETA: 841:42:44, Rate: 12.8 cps, Current: 266, 98
[19:00:09] [Server thread/INFO]: [Chunky] Task running for Gabito. Processed: 234571 chunks (0.60%), ETA: 868:04:40, Rate: 12.4 cps, Current: 269, 98
[19:00:10] [Server thread/INFO]: [Chunky] Task running for Gabito. Processed: 234596 chunks (0.60%), ETA: 853:58:55, Rate: 12.6 cps, Current: 270, 99
[19:00:11] [Server thread/INFO]: [Chunky] Task running for Gabito. Processed: 234612 chunks (0.60%), ETA: 841:15:25, Rate: 12.8 cps, Current: 267, 102
[19:00:13] [Server thread/INFO]: [Chunky] Task running for Gabito. Processed: 234624 chunks (0.60%), ETA: 831:22:25, Rate: 13.0 cps, Current: 264, 105
[19:00:14] [Server thread/INFO]: [Chunky] Task running for Gabito. Processed: 234635 chunks (0.60%), ETA: 820:16:14, Rate: 13.2 cps, Current: 271, 103
[19:00:15] [Server thread/INFO]: [Chunky] Task running for Gabito. Processed: 234643 chunks (0.60%), ETA: 826:56:39, Rate: 13.0 cps, Current: 269, 106
[19:00:16] [Server thread/INFO]: Tsuyoi lost connection: Disconnected
[19:00:16] [Server thread/INFO]: Tsuyoi left the game
[19:00:17] [Server thread/INFO]: [Chunky] Task running for Gabito. Processed: 234647 chunks (0.60%), ETA: 837:26:01, Rate: 12.9 cps, Current: 271, 104
[19:00:18] [Server thread/INFO]: [Chunky] Task running for Gabito. Processed: 234658 chunks (0.60%), ETA: 832:13:22, Rate: 13.0 cps, Current: 268, 109
[19:00:20] [Server thread/INFO]: [Chunky] Task running for Gabito. Processed: 234673 chunks (0.60%), ETA: 854:37:14, Rate: 12.6 cps, Current: 263, 109
[19:00:21] [Server thread/INFO]: [Chunky] Task running for Gabito. Processed: 234699 chunks (0.60%), ETA: 833:54:21, Rate: 12.9 cps, Current: 256, 104
[19:00:22] [Server thread/INFO]: [Chunky] Task running for Gabito. Processed: 234746 chunks (0.60%), ETA: 815:30:08, Rate: 13.2 cps, Current: 262, 111
[19:00:23] [Server thread/INFO]: [Chunky] Task running for Gabito. Processed: 234764 chunks (0.60%), ETA: 836:29:04, Rate: 12.9 cps, Current: 263, 112
[19:00:25] [Server thread/INFO]: [Chunky] Task running for Gabito. Processed: 234793 chunks (0.60%), ETA: 821:31:43, Rate: 13.1 cps, Current: 256, 118
[19:00:26] [Server thread/INFO]: [Chunky] Task running for Gabito. Processed: 234825 chunks (0.60%), ETA: 751:09:13, Rate: 14.4 cps, Current: 263, 115
[19:00:27] [Server thread/INFO]: [Chunky] Task running for Gabito. Processed: 234867 chunks (0.60%), ETA: 698:03:11, Rate: 15.5 cps, Current: 262, 120
[19:00:28] [Server thread/INFO]: [Chunky] Task running for Gabito. Processed: 234882 chunks (0.60%), ETA: 712:08:33, Rate: 15.1 cps, Current: 264, 120
[19:00:29] [Server thread/INFO]: [Chunky] Task running for Gabito. Processed: 234900 chunks (0.60%), ETA: 715:51:11, Rate: 15.1 cps, Current: 271, 127
[19:00:30] [Server thread/INFO]: [Chunky] Task running for Gabito. Processed: 234918 chunks (0.60%), ETA: 709:38:26, Rate: 15.2 cps, Current: 270, 126
[19:00:31] [Server thread/INFO]: [Chunky] Task running for Gabito. Processed: 234938 chunks (0.60%), ETA: 702:22:52, Rate: 15.4 cps, Current: 269, 120
[19:00:32] [Server thread/INFO]: [Chunky] Task running for Gabito. Processed: 234977 chunks (0.60%), ETA: 670:36:15, Rate: 16.1 cps, Current: 267, 116
[19:00:34] [Server thread/INFO]: [Chunky] Task running for Gabito. Processed: 235010 chunks (0.60%), ETA: 643:10:24, Rate: 16.8 cps, Current: 272, 113
[19:00:35] [Server thread/INFO]: [Chunky] Task running for Gabito. Processed: 235015 chunks (0.60%), ETA: 660:27:21, Rate: 16.3 cps, Current: 275, 114
[19:00:36] [Server thread/INFO]: [Chunky] Task running for Gabito. Processed: 235039 chunks (0.60%), ETA: 631:06:20, Rate: 17.1 cps, Current: 276, 113
[19:00:37] [Server thread/INFO]: [Chunky] Task running for Gabito. Processed: 235060 chunks (0.60%), ETA: 624:51:00, Rate: 17.3 cps, Current: 272, 123
[19:00:38] [Server thread/INFO]: [Chunky] Task running for Gabito. Processed: 235081 chunks (0.60%), ETA: 615:35:55, Rate: 17.5 cps, Current: 274, 120
[19:00:39] [Server thread/INFO]: [Chunky] Task running for Gabito. Processed: 235123 chunks (0.60%), ETA: 591:30:25, Rate: 18.2 cps, Current: 278, 126
[19:00:40] [Server thread/INFO]: [Chunky] Task running for Gabito. Processed: 235151 chunks (0.60%), ETA: 579:17:14, Rate: 18.6 cps, Current: 282, 127
[19:00:41] [Server thread/INFO]: [Chunky] Task running for Gabito. Processed: 235170 chunks (0.60%), ETA: 569:58:27, Rate: 18.9 cps, Current: 285, 125
[19:00:43] [Server thread/INFO]: [Chunky] Task running for Gabito. Processed: 235187 chunks (0.60%), ETA: 574:48:41, Rate: 18.8 cps, Current: 285, 121
[19:00:44] [Server thread/INFO]: [Chunky] Task running for Gabito. Processed: 235211 chunks (0.60%), ETA: 557:50:25, Rate: 19.3 cps, Current: 287, 124
[19:00:45] [Server thread/INFO]: [Chunky] Task running for Gabito. Processed: 235235 chunks (0.60%), ETA: 542:04:45, Rate: 19.9 cps, Current: 287, 119
[19:00:46] [Server thread/INFO]: [Chunky] Task running for Gabito. Processed: 235255 chunks (0.60%), ETA: 515:32:33, Rate: 20.9 cps, Current: 284, 112
[19:00:47] [Server thread/INFO]: [Chunky] Task running for Gabito. Processed: 235261 chunks (0.60%), ETA: 523:20:48, Rate: 20.6 cps, Current: 285, 110
[19:00:49] [Server thread/INFO]: [Chunky] Task running for Gabito. Processed: 235274 chunks (0.60%), ETA: 522:02:19, Rate: 20.7 cps, Current: 286, 110
[19:00:50] [Server thread/INFO]: [Chunky] Task running for Gabito. Processed: 235299 chunks (0.60%), ETA: 525:02:35, Rate: 20.5 cps, Current: 284, 105
[19:00:51] [Server thread/INFO]: [Chunky] Task running for Gabito. Processed: 235328 chunks (0.60%), ETA: 539:44:09, Rate: 20.0 cps, Current: 284, 104
[19:00:52] [Server thread/INFO]: [Chunky] Task running for Gabito. Processed: 235342 chunks (0.60%), ETA: 541:05:53, Rate: 19.9 cps, Current: 272, 109
[19:00:53] [Server thread/INFO]: [Chunky] Task running for Gabito. Processed: 235379 chunks (0.60%), ETA: 527:13:00, Rate: 20.5 cps, Current: 273, 105
[19:00:55] [Server thread/INFO]: [Chunky] Task running for Gabito. Processed: 235409 chunks (0.60%), ETA: 534:47:28, Rate: 20.2 cps, Current: 278, 102
[19:00:56] [Server thread/INFO]: [Chunky] Task running for Gabito. Processed: 235430 chunks (0.60%), ETA: 554:36:28, Rate: 19.5 cps, Current: 276, 100
[19:00:57] [Server thread/INFO]: [Chunky] Task running for Gabito. Processed: 235453 chunks (0.60%), ETA: 547:43:06, Rate: 19.7 cps, Current: 280, 98
[19:00:58] [Server thread/INFO]: [Chunky] Task running for Gabito. Processed: 235467 chunks (0.60%), ETA: 548:31:02, Rate: 19.7 cps, Current: 275, 96
[19:00:59] [Server thread/INFO]: [Chunky] Task running for Gabito. Processed: 235489 chunks (0.60%), ETA: 546:41:49, Rate: 19.7 cps, Current: 279, 96
[19:01:00] [Server thread/INFO]: [Chunky] Task running for Gabito. Processed: 235504 chunks (0.60%), ETA: 553:20:48, Rate: 19.5 cps, Current: 285, 99
[19:01:01] [Server thread/INFO]: [Chunky] Task running for Gabito. Processed: 235523 chunks (0.60%), ETA: 573:38:15, Rate: 18.8 cps, Current: 256, 71
[19:01:02] [Server thread/INFO]: [Chunky] Task running for Gabito. Processed: 235530 chunks (0.60%), ETA: 590:40:05, Rate: 18.3 cps, Current: 285, 96
[19:01:03] [Server thread/INFO]: [Chunky] Task running for Gabito. Processed: 235544 chunks (0.60%), ETA: 595:33:30, Rate: 18.1 cps, Current: 287, 97
[19:01:04] [Server thread/INFO]: [Chunky] Task running for Gabito. Processed: 235554 chunks (0.60%), ETA: 590:23:00, Rate: 18.3 cps, Current: 258, 71
[19:01:05] [Server thread/INFO]: [Chunky] Task running for Gabito. Processed: 235568 chunks (0.60%), ETA: 602:40:58, Rate: 17.9 cps, Current: 260, 71
[19:01:07] [Server thread/INFO]: [Chunky] Task running for Gabito. Processed: 235573 chunks (0.60%), ETA: 622:08:09, Rate: 17.3 cps, Current: 263, 66
[19:01:08] [Server thread/INFO]: [Chunky] Task running for Gabito. Processed: 235588 chunks (0.60%), ETA: 633:47:42, Rate: 17.0 cps, Current: 262, 64
[19:01:09] [Server thread/INFO]: [Chunky] Task running for Gabito. Processed: 235620 chunks (0.60%), ETA: 649:55:21, Rate: 16.6 cps, Current: 267, 64
[19:01:10] [Server thread/INFO]: [Chunky] Task running for Gabito. Processed: 235628 chunks (0.60%), ETA: 675:40:17, Rate: 16.0 cps, Current: 265, 70
[19:01:11] [Server thread/INFO]: [Chunky] Task running for Gabito. Processed: 235648 chunks (0.60%), ETA: 675:20:29, Rate: 16.0 cps, Current: 266, 72
[19:01:13] [Server thread/INFO]: [Chunky] Task running for Gabito. Processed: 235666 chunks (0.60%), ETA: 682:17:50, Rate: 15.8 cps, Current: 264, 74
[19:01:14] [Server thread/INFO]: [Chunky] Task running for Gabito. Processed: 235681 chunks (0.60%), ETA: 693:43:48, Rate: 15.6 cps, Current: 267, 76
[19:01:15] [Server thread/INFO]: [Chunky] Task running for Gabito. Processed: 235697 chunks (0.60%), ETA: 698:11:35, Rate: 15.5 cps, Current: 267, 78
[19:01:16] [Server thread/INFO]: [Chunky] Task running for Gabito. Processed: 235713 chunks (0.60%), ETA: 697:55:32, Rate: 15.5 cps, Current: 260, 72
[19:01:17] [Server thread/INFO]: [Chunky] Task running for Gabito. Processed: 235770 chunks (0.60%), ETA: 621:53:46, Rate: 17.3 cps, Current: 262, 79
[19:01:18] [Server thread/INFO]: [Chunky] Task running for Gabito. Processed: 235789 chunks (0.60%), ETA: 621:31:16, Rate: 17.4 cps, Current: 257, 82
[19:01:19] [Server thread/INFO]: [Chunky] Task running for Gabito. Processed: 235817 chunks (0.60%), ETA: 608:01:53, Rate: 17.7 cps, Current: 262, 82
[19:01:21] [Server thread/INFO]: [Chunky] Task running for Gabito. Processed: 235850 chunks (0.60%), ETA: 608:44:38, Rate: 17.7 cps, Current: 258, 88
[19:01:22] [Server thread/INFO]: [Chunky] Task running for Gabito. Processed: 235900 chunks (0.60%), ETA: 572:55:02, Rate: 18.8 cps, Current: 263, 89
[19:01:23] [Server thread/INFO]: [Chunky] Task running for Gabito. Processed: 235923 chunks (0.60%), ETA: 587:11:54, Rate: 18.4 cps, Current: 269, 95
[19:01:24] [Server thread/INFO]: [Chunky] Task running for Gabito. Processed: 235941 chunks (0.60%), ETA: 594:04:58, Rate: 18.2 cps, Current: 266, 89
[19:01:25] [Server thread/INFO]: [Chunky] Task running for Gabito. Processed: 235966 chunks (0.60%), ETA: 598:15:22, Rate: 18.0 cps, Current: 271, 93
[19:01:27] [Server thread/INFO]: [Chunky] Task running for Gabito. Processed: 236023 chunks (0.60%), ETA: 563:27:49, Rate: 19.1 cps, Current: 271, 80
[19:01:29] [Server thread/INFO]: [Chunky] Task running for Gabito. Processed: 236035 chunks (0.60%), ETA: 586:44:45, Rate: 18.4 cps, Current: 272, 82
[19:01:30] [Server thread/INFO]: [Chunky] Task running for Gabito. Processed: 236062 chunks (0.60%), ETA: 572:29:25, Rate: 18.8 cps, Current: 275, 81
[19:01:31] [Server thread/INFO]: [Chunky] Task running for Gabito. Processed: 236078 chunks (0.60%), ETA: 578:32:52, Rate: 18.6 cps, Current: 274, 86
[19:01:32] [Server thread/INFO]: [Chunky] Task running for Gabito. Processed: 236107 chunks (0.60%), ETA: 559:11:44, Rate: 19.3 cps, Current: 279, 86
[19:01:33] [Server thread/INFO]: [Chunky] Task running for Gabito. Processed: 236147 chunks (0.60%), ETA: 526:48:19, Rate: 20.5 cps, Current: 278, 94
[19:01:34] [Server thread/INFO]: [Chunky] Task running for Gabito. Processed: 236177 chunks (0.60%), ETA: 514:32:37, Rate: 21.0 cps, Current: 284, 95
[19:01:36] [Server thread/INFO]: [Chunky] Task running for Gabito. Processed: 236199 chunks (0.60%), ETA: 498:57:28, Rate: 21.6 cps, Current: 284, 91
[19:01:37] [Server thread/INFO]: [Chunky] Task running for Gabito. Processed: 236222 chunks (0.60%), ETA: 488:06:04, Rate: 22.1 cps, Current: 280, 86
[19:01:38] [Server thread/INFO]: [Chunky] Task running for Gabito. Processed: 236248 chunks (0.60%), ETA: 486:03:20, Rate: 22.2 cps, Current: 287, 91
[19:01:39] [Server thread/INFO]: [Chunky] Task running for Gabito. Processed: 236257 chunks (0.60%), ETA: 499:33:12, Rate: 21.6 cps, Current: 282, 82
[19:01:40] [Server thread/INFO]: [Chunky] Task running for Gabito. Processed: 236276 chunks (0.60%), ETA: 491:55:02, Rate: 21.9 cps, Current: 285, 82
[19:01:41] [Server thread/INFO]: [Chunky] Task running for Gabito. Processed: 236283 chunks (0.60%), ETA: 500:40:58, Rate: 21.5 cps, Current: 287, 83
[19:01:42] [Server thread/INFO]: [Chunky] Task running for Gabito. Processed: 236291 chunks (0.60%), ETA: 507:28:28, Rate: 21.3 cps, Current: 285, 76
[19:01:43] [Server thread/INFO]: [Chunky] Task running for Gabito. Processed: 236303 chunks (0.60%), ETA: 511:35:52, Rate: 21.1 cps, Current: 284, 74
[19:01:44] [Server thread/INFO]: [Chunky] Task running for Gabito. Processed: 236323 chunks (0.60%), ETA: 506:30:35, Rate: 21.3 cps, Current: 284, 73
[19:01:45] [Server thread/INFO]: [Chunky] Task running for Gabito. Processed: 236336 chunks (0.60%), ETA: 509:31:57, Rate: 21.2 cps, Current: 277, 79
[19:01:46] [Server thread/INFO]: [Chunky] Task running for Gabito. Processed: 236363 chunks (0.60%), ETA: 532:23:47, Rate: 20.3 cps, Current: 280, 77
[19:01:47] [Server thread/INFO]: [Chunky] Task running for Gabito. Processed: 236399 chunks (0.60%), ETA: 514:42:18, Rate: 21.0 cps, Current: 274, 74
[19:01:48] [Server thread/INFO]: [Chunky] Task running for Gabito. Processed: 236418 chunks (0.61%), ETA: 518:12:22, Rate: 20.8 cps, Current: 272, 71
[19:01:49] [Server thread/INFO]: [Chunky] Task running for Gabito. Processed: 236442 chunks (0.61%), ETA: 523:17:13, Rate: 20.6 cps, Current: 272, 64
[19:01:50] [Server thread/INFO]: [Chunky] Task running for Gabito. Processed: 236461 chunks (0.61%), ETA: 525:08:43, Rate: 20.5 cps, Current: 276, 66
[19:01:52] [Server thread/INFO]: [Chunky] Task running for Gabito. Processed: 236481 chunks (0.61%), ETA: 551:16:08, Rate: 19.6 cps, Current: 281, 66
[19:01:53] [Server thread/INFO]: [Chunky] Task running for Gabito. Processed: 236490 chunks (0.61%), ETA: 566:00:54, Rate: 19.1 cps, Current: 282, 70
[19:01:54] [Server thread/INFO]: [Chunky] Task running for Gabito. Processed: 236498 chunks (0.61%), ETA: 578:59:41, Rate: 18.6 cps, Current: 276, 64
[19:01:55] [Server thread/INFO]: [Chunky] Task running for Gabito. Processed: 236509 chunks (0.61%), ETA: 639:43:54, Rate: 16.9 cps, Current: 285, 70
[19:01:57] [Server thread/INFO]: [Chunky] Task running for Gabito. Processed: 236516 chunks (0.61%), ETA: 654:30:53, Rate: 16.5 cps, Current: 284, 68
[19:01:58] [Server thread/INFO]: [Chunky] Task running for Gabito. Processed: 236526 chunks (0.61%), ETA: 640:17:27, Rate: 16.8 cps, Current: 285, 67
[19:01:59] [Server thread/INFO]: [Chunky] Task running for Gabito. Processed: 236542 chunks (0.61%), ETA: 652:49:30, Rate: 16.5 cps, Current: 284, 64
[19:02:00] [Server thread/INFO]: [Chunky] Task running for Gabito. Processed: 236551 chunks (0.61%), ETA: 658:00:17, Rate: 16.4 cps, Current: 257, 32
[19:02:01] [Server thread/INFO]: [Chunky] Task running for Gabito. Processed: 236565 chunks (0.61%), ETA: 680:26:53, Rate: 15.9 cps, Current: 259, 37
[19:02:01] [User Authenticator #1/INFO]: UUID of player Tsuyoi is be812d96-d762-3bbd-aedb-2a8c943d8d21
[19:02:02] [Server thread/INFO]: Tsuyoi joined the game
[19:02:02] [Server thread/INFO]: Tsuyoi[/10.243.0.128:58899] logged in with entity id 18843 at ([Gabito]2171.5684949770584, -13.0, 2163.455374575726)
[19:02:02] [Server thread/INFO]: [Chunky] Task running for Gabito. Processed: 236578 chunks (0.61%), ETA: 730:22:05, Rate: 14.8 cps, Current: 259, 32
[19:02:04] [Server thread/INFO]: [Chunky] Task running for Gabito. Processed: 236592 chunks (0.61%), ETA: 755:59:42, Rate: 14.3 cps, Current: 260, 39
[19:02:05] [Server thread/INFO]: [Chunky] Task running for Gabito. Processed: 236595 chunks (0.61%), ETA: 797:35:02, Rate: 13.5 cps, Current: 261, 33
[19:02:06] [Server thread/INFO]: [Chunky] Task running for Gabito. Processed: 236610 chunks (0.61%), ETA: 812:42:38, Rate: 13.3 cps, Current: 261, 32
[19:02:07] [Server thread/INFO]: [Chunky] Task running for Gabito. Processed: 236621 chunks (0.61%), ETA: 845:01:02, Rate: 12.8 cps, Current: 269, 34
[19:02:08] [Server thread/INFO]: [Chunky] Task running for Gabito. Processed: 236642 chunks (0.61%), ETA: 826:15:55, Rate: 13.1 cps, Current: 268, 37
[19:02:09] [Server thread/INFO]: [Chunky] Task running for Gabito. Processed: 236655 chunks (0.61%), ETA: 837:33:04, Rate: 12.9 cps, Current: 265, 38
[19:02:10] [Server thread/INFO]: [Chunky] Task running for Gabito. Processed: 236672 chunks (0.61%), ETA: 818:47:10, Rate: 13.2 cps, Current: 266, 40
[19:02:12] [Server thread/INFO]: [Chunky] Task running for Gabito. Processed: 236689 chunks (0.61%), ETA: 806:01:19, Rate: 13.4 cps, Current: 270, 40
[19:02:13] [Server thread/INFO]: [Chunky] Task running for Gabito. Processed: 236703 chunks (0.61%), ETA: 802:01:42, Rate: 13.5 cps, Current: 268, 45
[19:02:14] [Server thread/INFO]: [Chunky] Task running for Gabito. Processed: 236716 chunks (0.61%), ETA: 819:19:01, Rate: 13.2 cps, Current: 271, 42
[19:02:15] [Server thread/INFO]: [Chunky] Task running for Gabito. Processed: 236729 chunks (0.61%), ETA: 852:06:28, Rate: 12.7 cps, Current: 266, 46
[19:02:16] [Server thread/INFO]: [Chunky] Task running for Gabito. Processed: 236766 chunks (0.61%), ETA: 848:36:34, Rate: 12.7 cps, Current: 260, 42
[19:02:18] [Server thread/INFO]: [Chunky] Task running for Gabito. Processed: 236804 chunks (0.61%), ETA: 815:04:00, Rate: 13.2 cps, Current: 256, 51
[19:02:19] [Server thread/INFO]: [Chunky] Task running for Gabito. Processed: 236813 chunks (0.61%), ETA: 847:42:01, Rate: 12.7 cps, Current: 257, 50
[19:02:20] [Server thread/INFO]: [Chunky] Task running for Gabito. Processed: 236840 chunks (0.61%), ETA: 829:59:43, Rate: 13.0 cps, Current: 263, 49
[19:02:21] [Server thread/INFO]: [Chunky] Task running for Gabito. Processed: 236860 chunks (0.61%), ETA: 828:22:35, Rate: 13.0 cps, Current: 262, 54
[19:02:22] [Server thread/INFO]: [Chunky] Task running for Gabito. Processed: 236883 chunks (0.61%), ETA: 802:21:51, Rate: 13.4 cps, Current: 259, 62
[19:02:23] [Server thread/INFO]: [Chunky] Task running for Gabito. Processed: 236924 chunks (0.61%), ETA: 739:34:14, Rate: 14.6 cps, Current: 263, 57
[19:02:24] [Server thread/INFO]: [Chunky] Task running for Gabito. Processed: 236945 chunks (0.61%), ETA: 713:44:04, Rate: 15.1 cps, Current: 265, 57
[19:02:26] [Server thread/INFO]: [Chunky] Task running for Gabito. Processed: 236970 chunks (0.61%), ETA: 692:48:04, Rate: 15.6 cps, Current: 270, 62
[19:02:27] [Server thread/INFO]: [Chunky] Task running for Gabito. Processed: 236990 chunks (0.61%), ETA: 673:05:57, Rate: 16.0 cps, Current: 264, 54
[19:02:28] [Server thread/INFO]: [Chunky] Task running for Gabito. Processed: 237030 chunks (0.61%), ETA: 639:35:59, Rate: 16.9 cps, Current: 271, 59
[19:02:29] [Server thread/INFO]: [Chunky] Task running for Gabito. Processed: 237058 chunks (0.61%), ETA: 629:58:11, Rate: 17.1 cps, Current: 272, 49
[19:02:31] [Server thread/INFO]: [Chunky] Task running for Gabito. Processed: 237060 chunks (0.61%), ETA: 643:20:25, Rate: 16.8 cps, Current: 273, 50
[19:02:32] [Server thread/INFO]: [Chunky] Task running for Gabito. Processed: 237086 chunks (0.61%), ETA: 624:18:06, Rate: 17.3 cps, Current: 275, 49
[19:02:33] [Server thread/INFO]: [Chunky] Task running for Gabito. Processed: 237100 chunks (0.61%), ETA: 621:46:46, Rate: 17.4 cps, Current: 275, 48
[19:02:34] [Server thread/INFO]: [Chunky] Task running for Gabito. Processed: 237125 chunks (0.61%), ETA: 593:56:44, Rate: 18.2 cps, Current: 279, 48
[19:02:35] [Server thread/INFO]: [Chunky] Task running for Gabito. Processed: 237150 chunks (0.61%), ETA: 581:56:58, Rate: 18.5 cps, Current: 275, 59
[19:02:36] [Server thread/INFO]: [Chunky] Task running for Gabito. Processed: 237185 chunks (0.61%), ETA: 561:32:39, Rate: 19.2 cps, Current: 280, 56
[19:02:38] [Server thread/INFO]: [Chunky] Task running for Gabito. Processed: 237204 chunks (0.61%), ETA: 559:29:44, Rate: 19.3 cps, Current: 283, 62
[19:02:39] [Server thread/INFO]: [Chunky] Task running for Gabito. Processed: 237226 chunks (0.61%), ETA: 556:02:54, Rate: 19.4 cps, Current: 286, 62
[19:02:40] [Server thread/INFO]: [Chunky] Task running for Gabito. Processed: 237255 chunks (0.61%), ETA: 546:52:34, Rate: 19.7 cps, Current: 286, 57
[19:02:41] [Server thread/INFO]: [Chunky] Task running for Gabito. Processed: 237274 chunks (0.61%), ETA: 541:08:36, Rate: 19.9 cps, Current: 281, 51
[19:02:42] [Server thread/INFO]: [Chunky] Task running for Gabito. Processed: 237289 chunks (0.61%), ETA: 539:23:39, Rate: 20.0 cps, Current: 284, 51
[19:02:43] [Server thread/INFO]: [Chunky] Task running for Gabito. Processed: 237305 chunks (0.61%), ETA: 536:14:56, Rate: 20.1 cps, Current: 286, 51
[19:02:44] [Server thread/INFO]: [Chunky] Task running for Gabito. Processed: 237309 chunks (0.61%), ETA: 543:09:47, Rate: 19.9 cps, Current: 285, 46
[19:02:46] [Server thread/INFO]: [Chunky] Task running for Gabito. Processed: 237322 chunks (0.61%), ETA: 568:27:53, Rate: 19.0 cps, Current: 286, 46
[19:02:47] [Server thread/INFO]: [Chunky] Task running for Gabito. Processed: 237347 chunks (0.61%), ETA: 593:48:33, Rate: 18.2 cps, Current: 287, 45
[19:02:49] [Server thread/INFO]: [Chunky] Task running for Gabito. Processed: 237371 chunks (0.61%), ETA: 588:21:50, Rate: 18.3 cps, Current: 287, 40
[19:02:50] [Server thread/INFO]: [Chunky] Task running for Gabito. Processed: 237384 chunks (0.61%), ETA: 596:44:35, Rate: 18.1 cps, Current: 280, 45
[19:02:51] [Server thread/INFO]: [Chunky] Task running for Gabito. Processed: 237428 chunks (0.61%), ETA: 575:56:40, Rate: 18.7 cps, Current: 276, 41
[19:02:52] [Server thread/INFO]: [Chunky] Task running for Gabito. Processed: 237449 chunks (0.61%), ETA: 595:45:04, Rate: 18.1 cps, Current: 272, 38
[19:02:53] [Server thread/INFO]: [Chunky] Task running for Gabito. Processed: 237463 chunks (0.61%), ETA: 602:37:19, Rate: 17.9 cps, Current: 272, 32
[19:02:54] [Server thread/INFO]: [Chunky] Task running for Gabito. Processed: 237482 chunks (0.61%), ETA: 601:54:36, Rate: 17.9 cps, Current: 273, 33
[19:02:55] [Server thread/INFO]: [Chunky] Task running for Gabito. Processed: 237487 chunks (0.61%), ETA: 617:19:20, Rate: 17.5 cps, Current: 279, 37
[19:02:57] [Server thread/INFO]: [Chunky] Task running for Gabito. Processed: 237493 chunks (0.61%), ETA: 677:17:05, Rate: 15.9 cps, Current: 275, 33
[19:02:59] [Server thread/INFO]: [Chunky] Task running for Gabito. Processed: 237514 chunks (0.61%), ETA: 688:48:55, Rate: 15.7 cps, Current: 275, 32
[19:03:00] [Server thread/INFO]: [Chunky] Task running for Gabito. Processed: 237534 chunks (0.61%), ETA: 663:10:00, Rate: 16.3 cps, Current: 278, 32
[19:03:01] [Server thread/INFO]: [Chunky] Task running for Gabito. Processed: 237549 chunks (0.61%), ETA: 680:01:38, Rate: 15.9 cps, Current: 283, 32
[19:03:02] [Server thread/INFO]: [Chunky] Task running for Gabito. Processed: 237563 chunks (0.61%), ETA: 678:32:20, Rate: 15.9 cps, Current: 256, 5
[19:03:03] [Server thread/INFO]: [Chunky] Task running for Gabito. Processed: 237576 chunks (0.61%), ETA: 695:43:04, Rate: 15.5 cps, Current: 257, 0
[19:03:04] [Server thread/INFO]: [Chunky] Task running for Gabito. Processed: 237589 chunks (0.61%), ETA: 713:47:04, Rate: 15.1 cps, Current: 287, 33
[19:03:06] [Server thread/INFO]: [Chunky] Task running for Gabito. Processed: 237602 chunks (0.61%), ETA: 753:12:36, Rate: 14.3 cps, Current: 259, 0
[19:03:07] [Server thread/INFO]: [Chunky] Task running for Gabito. Processed: 237616 chunks (0.61%), ETA: 759:58:39, Rate: 14.2 cps, Current: 260, 1
[19:03:08] [Server thread/INFO]: [Chunky] Task running for Gabito. Processed: 237621 chunks (0.61%), ETA: 790:23:46, Rate: 13.6 cps, Current: 261, 7
[19:03:09] [Server thread/INFO]: [Chunky] Task running for Gabito. Processed: 237636 chunks (0.61%), ETA: 822:41:44, Rate: 13.1 cps, Current: 262, 0
[19:03:11] [Server thread/INFO]: [Chunky] Task running for Gabito. Processed: 237668 chunks (0.61%), ETA: 807:02:07, Rate: 13.4 cps, Current: 267, 0
[19:03:12] [Server thread/INFO]: [Chunky] Task running for Gabito. Processed: 237688 chunks (0.61%), ETA: 798:20:58, Rate: 13.5 cps, Current: 265, 7
[19:03:13] [Server thread/INFO]: [Chunky] Task running for Gabito. Processed: 237700 chunks (0.61%), ETA: 803:23:22, Rate: 13.4 cps, Current: 266, 9
[19:03:14] [Server thread/INFO]: [Chunky] Task running for Gabito. Processed: 237716 chunks (0.61%), ETA: 783:02:19, Rate: 13.8 cps, Current: 269, 11
[19:03:15] [Server thread/INFO]: [Chunky] Task running for Gabito. Processed: 237734 chunks (0.61%), ETA: 770:27:00, Rate: 14.0 cps, Current: 270, 13
[19:03:17] [Server thread/INFO]: [Chunky] Task running for Gabito. Processed: 237753 chunks (0.61%), ETA: 775:18:49, Rate: 13.9 cps, Current: 266, 14
[19:03:18] [Server thread/INFO]: [Chunky] Task running for Gabito. Processed: 237810 chunks (0.61%), ETA: 716:18:21, Rate: 15.1 cps, Current: 265, 15
[19:03:19] [Server thread/INFO]: [Chunky] Task running for Gabito. Processed: 237829 chunks (0.61%), ETA: 705:26:07, Rate: 15.3 cps, Current: 257, 16
[19:03:20] [Server thread/INFO]: [Chunky] Task running for Gabito. Processed: 237855 chunks (0.61%), ETA: 734:46:30, Rate: 14.7 cps, Current: 262, 17
[19:03:21] [Server thread/INFO]: [Chunky] Task running for Gabito. Processed: 237871 chunks (0.61%), ETA: 738:50:38, Rate: 14.6 cps, Current: 256, 25
[19:03:23] [Server thread/INFO]: [Chunky] Task running for Gabito. Processed: 237906 chunks (0.61%), ETA: 715:45:18, Rate: 15.1 cps, Current: 259, 30
[19:03:24] [Server thread/INFO]: [Chunky] Task running for Gabito. Processed: 237946 chunks (0.61%), ETA: 683:02:08, Rate: 15.8 cps, Current: 263, 24
[19:03:25] [Server thread/INFO]: [Chunky] Task running for Gabito. Processed: 237964 chunks (0.61%), ETA: 666:02:20, Rate: 16.2 cps, Current: 265, 30
[19:03:26] [Server thread/INFO]: [Chunky] Task running for Gabito. Processed: 237988 chunks (0.61%), ETA: 632:30:54, Rate: 17.1 cps, Current: 270, 30
[19:03:27] [Server thread/INFO]: [Chunky] Task running for Gabito. Processed: 238010 chunks (0.61%), ETA: 617:43:08, Rate: 17.5 cps, Current: 269, 26
[19:03:28] [Server thread/INFO]: [Chunky] Task running for Gabito. Processed: 238051 chunks (0.61%), ETA: 592:23:59, Rate: 18.2 cps, Current: 267, 16
[19:03:30] [Server thread/INFO]: [Chunky] Task running for Gabito. Processed: 238082 chunks (0.61%), ETA: 587:56:16, Rate: 18.3 cps, Current: 272, 17
[19:03:31] [Server thread/INFO]: [Chunky] Task running for Gabito. Processed: 238084 chunks (0.61%), ETA: 594:43:49, Rate: 18.1 cps, Current: 273, 18
[19:03:32] [Server thread/INFO]: [Chunky] Task running for Gabito. Processed: 238110 chunks (0.61%), ETA: 588:16:55, Rate: 18.3 cps, Current: 275, 17
[19:03:33] [Server thread/INFO]: [Chunky] Task running for Gabito. Processed: 238132 chunks (0.61%), ETA: 575:18:53, Rate: 18.8 cps, Current: 272, 27
[19:03:34] [Server thread/INFO]: [Chunky] Task running for Gabito. Processed: 238155 chunks (0.61%), ETA: 561:04:26, Rate: 19.2 cps, Current: 274, 24
[19:03:36] [Server thread/INFO]: [Chunky] Task running for Gabito. Processed: 238195 chunks (0.61%), ETA: 543:58:36, Rate: 19.8 cps, Current: 278, 30
[19:03:37] [Server thread/INFO]: [Chunky] Task running for Gabito. Processed: 238225 chunks (0.61%), ETA: 517:36:34, Rate: 20.8 cps, Current: 281, 25
[19:03:38] [Server thread/INFO]: [Chunky] Task running for Gabito. Processed: 238247 chunks (0.61%), ETA: 506:09:14, Rate: 21.3 cps, Current: 284, 27
[19:03:39] [Server thread/INFO]: [Chunky] Task running for Gabito. Processed: 238268 chunks (0.61%), ETA: 507:14:22, Rate: 21.3 cps, Current: 285, 24
[19:03:40] [Server thread/INFO]: [Chunky] Task running for Gabito. Processed: 238284 chunks (0.61%), ETA: 512:12:37, Rate: 21.1 cps, Current: 286, 23
[19:03:41] [Server thread/INFO]: [Chunky] Task running for Gabito. Processed: 238308 chunks (0.61%), ETA: 512:23:06, Rate: 21.1 cps, Current: 286, 20
[19:03:43] [Server thread/INFO]: [Chunky] Task running for Gabito. Processed: 238329 chunks (0.61%), ETA: 510:31:39, Rate: 21.1 cps, Current: 286, 19
[19:03:44] [Server thread/INFO]: [Chunky] Task running for Gabito. Processed: 238335 chunks (0.61%), ETA: 516:13:17, Rate: 20.9 cps, Current: 286, 17
[19:03:45] [Server thread/INFO]: [Chunky] Task running for Gabito. Processed: 238346 chunks (0.61%), ETA: 522:57:39, Rate: 20.6 cps, Current: 286, 14
[19:03:46] [Server thread/INFO]: [Chunky] Task running for Gabito. Processed: 238371 chunks (0.61%), ETA: 516:46:33, Rate: 20.9 cps, Current: 284, 9
[19:03:47] [Server thread/INFO]: [Chunky] Task running for Gabito. Processed: 238398 chunks (0.61%), ETA: 540:03:23, Rate: 20.0 cps, Current: 285, 8
[19:03:49] [Server thread/INFO]: [Chunky] Task running for Gabito. Processed: 238420 chunks (0.61%), ETA: 539:09:36, Rate: 20.0 cps, Current: 272, 12
[19:03:50] [Server thread/INFO]: [Chunky] Task running for Gabito. Processed: 238459 chunks (0.61%), ETA: 522:27:24, Rate: 20.6 cps, Current: 273, 8
[19:03:51] [Server thread/INFO]: [Chunky] Task running for Gabito. Processed: 238481 chunks (0.61%), ETA: 517:54:30, Rate: 20.8 cps, Current: 278, 6
[19:03:52] [Server thread/INFO]: [Chunky] Task running for Gabito. Processed: 238498 chunks (0.61%), ETA: 524:43:58, Rate: 20.6 cps, Current: 274, 2
[19:03:53] [Server thread/INFO]: [Chunky] Task running for Gabito. Processed: 238516 chunks (0.61%), ETA: 550:20:04, Rate: 19.6 cps, Current: 274, 1
[19:03:54] [Server thread/INFO]: [Chunky] Task running for Gabito. Processed: 238540 chunks (0.61%), ETA: 549:48:33, Rate: 19.6 cps, Current: 275, 0
[19:03:56] [Server thread/INFO]: [Chunky] Task running for Gabito. Processed: 238557 chunks (0.61%), ETA: 564:56:43, Rate: 19.1 cps, Current: 285, 6
[19:03:57] [Server thread/INFO]: [Chunky] Task running for Gabito. Processed: 238564 chunks (0.61%), ETA: 580:14:00, Rate: 18.6 cps, Current: 284, 4
[19:04:00] [Server thread/INFO]: [Chunky] Task running for Gabito. Processed: 238576 chunks (0.61%), ETA: 646:26:32, Rate: 16.7 cps, Current: 256, -31
[19:04:02] [Server thread/INFO]: [Chunky] Task running for Gabito. Processed: 238597 chunks (0.61%), ETA: 667:45:40, Rate: 16.2 cps, Current: 257, -31
[19:04:04] [Server thread/INFO]: [Chunky] Task running for Gabito. Processed: 238600 chunks (0.61%), ETA: 702:54:21, Rate: 15.3 cps, Current: 287, 4
[19:04:05] [Server thread/INFO]: [Chunky] Task running for Gabito. Processed: 238614 chunks (0.61%), ETA: 745:58:56, Rate: 14.5 cps, Current: 259, -27
[19:04:06] [Server thread/INFO]: [Chunky] Task running for Gabito. Processed: 238624 chunks (0.61%), ETA: 787:17:58, Rate: 13.7 cps, Current: 258, -25
[19:04:07] [Server thread/INFO]: [Chunky] Task running for Gabito. Processed: 238639 chunks (0.61%), ETA: 799:27:10, Rate: 13.5 cps, Current: 262, -30
[19:04:08] [Server thread/INFO]: [Chunky] Task running for Gabito. Processed: 238643 chunks (0.61%), ETA: 832:36:07, Rate: 13.0 cps, Current: 261, -31
[19:04:10] [Server thread/INFO]: [Chunky] Task running for Gabito. Processed: 238658 chunks (0.61%), ETA: 851:38:16, Rate: 12.7 cps, Current: 261, -32
[19:04:11] [Server thread/INFO]: [Chunky] Task running for Gabito. Processed: 238668 chunks (0.61%), ETA: 890:25:57, Rate: 12.1 cps, Current: 268, -30
[19:04:12] [Server thread/INFO]: [Chunky] Task running for Gabito. Processed: 238689 chunks (0.61%), ETA: 880:01:57, Rate: 12.3 cps, Current: 269, -28
[19:04:14] [Server thread/INFO]: [Chunky] Task running for Gabito. Processed: 238692 chunks (0.61%), ETA: 902:10:21, Rate: 12.0 cps, Current: 270, -29
[19:04:15] [Server thread/INFO]: [Chunky] Task running for Gabito. Processed: 238696 chunks (0.61%), ETA: 949:53:40, Rate: 11.4 cps, Current: 269, -32
[19:04:16] [Server thread/INFO]: [Chunky] Task running for Gabito. Processed: 238714 chunks (0.61%), ETA: 932:57:41, Rate: 11.6 cps, Current: 266, -25
[19:04:17] [Server thread/INFO]: [Chunky] Task running for Gabito. Processed: 238734 chunks (0.61%), ETA: 955:40:09, Rate: 11.3 cps, Current: 267, -22
[19:04:18] [Server thread/INFO]: [Chunky] Task running for Gabito. Processed: 238744 chunks (0.61%), ETA: 987:46:07, Rate: 10.9 cps, Current: 268, -21
[19:04:20] [Server thread/INFO]: [Chunky] Task running for Gabito. Processed: 238762 chunks (0.61%), ETA: 1061:53:34, Rate: 10.2 cps, Current: 266, -19
[19:04:21] [Server thread/INFO]: [Chunky] Task running for Gabito. Processed: 238777 chunks (0.61%), ETA: 1087:38:48, Rate: 9.9 cps, Current: 271, -20
[19:04:22] [Server thread/INFO]: [Chunky] Task running for Gabito. Processed: 238814 chunks (0.61%), ETA: 1019:30:03, Rate: 10.6 cps, Current: 260, -22
[19:04:23] [Server thread/INFO]: [Chunky] Task running for Gabito. Processed: 238852 chunks (0.61%), ETA: 958:32:50, Rate: 11.3 cps, Current: 256, -13
[19:04:24] [Server thread/INFO]: [Chunky] Task running for Gabito. Processed: 238879 chunks (0.61%), ETA: 948:09:12, Rate: 11.4 cps, Current: 261, -14
[19:04:25] [Server thread/INFO]: [Chunky] Task running for Gabito. Processed: 238893 chunks (0.61%), ETA: 941:07:55, Rate: 11.5 cps, Current: 257, -10
[19:04:27] [Server thread/INFO]: [Chunky] Task running for Gabito. Processed: 238930 chunks (0.61%), ETA: 873:59:16, Rate: 12.3 cps, Current: 259, -2
[19:04:28] [Server thread/INFO]: [Chunky] Task running for Gabito. Processed: 238970 chunks (0.61%), ETA: 749:52:26, Rate: 14.4 cps, Current: 263, -8
[19:04:29] [Server thread/INFO]: [Chunky] Task running for Gabito. Processed: 238993 chunks (0.61%), ETA: 741:35:43, Rate: 14.5 cps, Current: 265, -7
[19:04:30] [Server thread/INFO]: [Chunky] Task running for Gabito. Processed: 239014 chunks (0.61%), ETA: 731:14:02, Rate: 14.8 cps, Current: 267, -5
[19:04:31] [Server thread/INFO]: [Chunky] Task running for Gabito. Processed: 239034 chunks (0.61%), ETA: 713:00:09, Rate: 15.1 cps, Current: 270, -4
[19:04:32] [Server thread/INFO]: [Chunky] Task running for Gabito. Processed: 239084 chunks (0.61%), ETA: 641:31:35, Rate: 16.8 cps, Current: 269, -12
[19:04:34] [Server thread/INFO]: [Chunky] Task running for Gabito. Processed: 239106 chunks (0.61%), ETA: 634:56:43, Rate: 17.0 cps, Current: 272, -15
[19:04:35] [Server thread/INFO]: [Chunky] Task running for Gabito. Processed: 239107 chunks (0.61%), ETA: 640:50:44, Rate: 16.8 cps, Current: 272, -14
[19:04:36] [Server thread/INFO]: [Chunky] Task running for Gabito. Processed: 239128 chunks (0.61%), ETA: 636:45:16, Rate: 16.9 cps, Current: 277, -12
[19:04:37] [Server thread/INFO]: [Chunky] Task running for Gabito. Processed: 239144 chunks (0.61%), ETA: 636:18:21, Rate: 17.0 cps, Current: 278, -11
[19:04:38] [Server thread/INFO]: [Chunky] Task running for Gabito. Processed: 239170 chunks (0.61%), ETA: 609:53:41, Rate: 17.7 cps, Current: 273, -4
[19:04:39] [Server thread/INFO]: [Chunky] Task running for Gabito. Processed: 239194 chunks (0.61%), ETA: 595:05:33, Rate: 18.1 cps, Current: 276, -1
[19:04:40] [Server thread/INFO]: [Chunky] Task running for Gabito. Processed: 239227 chunks (0.61%), ETA: 560:42:38, Rate: 19.2 cps, Current: 279, -2
[19:04:41] [Server thread/INFO]: [Chunky] Task running for Gabito. Processed: 239248 chunks (0.61%), ETA: 563:00:10, Rate: 19.2 cps, Current: 283, -1
[19:04:43] [Server thread/INFO]: [Chunky] Task running for Gabito. Processed: 239261 chunks (0.61%), ETA: 546:49:23, Rate: 19.7 cps, Current: 282, -4
[19:04:44] [Server thread/INFO]: [Chunky] Task running for Gabito. Processed: 239281 chunks (0.61%), ETA: 546:36:26, Rate: 19.7 cps, Current: 285, -7
[19:04:45] [Server thread/INFO]: [Chunky] Task running for Gabito. Processed: 239305 chunks (0.61%), ETA: 522:27:37, Rate: 20.6 cps, Current: 286, -8
[19:04:46] [Server thread/INFO]: [Chunky] Task running for Gabito. Processed: 239323 chunks (0.61%), ETA: 522:33:58, Rate: 20.6 cps, Current: 281, -14
[19:04:47] [Server thread/INFO]: [Chunky] Task running for Gabito. Processed: 239342 chunks (0.61%), ETA: 522:18:29, Rate: 20.7 cps, Current: 287, -12
[19:04:48] [Server thread/INFO]: [Chunky] Task running for Gabito. Processed: 239354 chunks (0.61%), ETA: 527:01:29, Rate: 20.5 cps, Current: 286, -14
[19:04:49] [Server thread/INFO]: [Chunky] Task running for Gabito. Processed: 239365 chunks (0.61%), ETA: 532:20:48, Rate: 20.3 cps, Current: 284, -18
[19:04:50] [Server thread/INFO]: [Chunky] Task running for Gabito. Processed: 239377 chunks (0.61%), ETA: 535:03:28, Rate: 20.2 cps, Current: 286, -22
[19:04:52] [Server thread/INFO]: [Chunky] Task running for Gabito. Processed: 239395 chunks (0.61%), ETA: 554:59:25, Rate: 19.4 cps, Current: 287, -19
[19:04:53] [Server thread/INFO]: [Chunky] Task running for Gabito. Processed: 239424 chunks (0.61%), ETA: 561:08:47, Rate: 19.2 cps, Current: 278, -18
[19:04:54] [Server thread/INFO]: [Chunky] Task running for Gabito. Processed: 239444 chunks (0.61%), ETA: 563:11:16, Rate: 19.2 cps, Current: 272, -20
[19:04:55] [Server thread/INFO]: [Chunky] Task running for Gabito. Processed: 239484 chunks (0.61%), ETA: 543:57:21, Rate: 19.8 cps, Current: 278, -24
[19:04:56] [Server thread/INFO]: [Chunky] Task running for Gabito. Processed: 239489 chunks (0.61%), ETA: 574:08:01, Rate: 18.8 cps, Current: 279, -25
[19:04:58] [Server thread/INFO]: [Chunky] Task running for Gabito. Processed: 239498 chunks (0.61%), ETA: 607:43:02, Rate: 17.8 cps, Current: 277, -26
[19:04:59] [Server thread/INFO]: [Chunky] Task running for Gabito. Processed: 239517 chunks (0.61%), ETA: 612:29:27, Rate: 17.6 cps, Current: 273, -30
[19:05:00] [Server thread/INFO]: [Chunky] Task running for Gabito. Processed: 239535 chunks (0.61%), ETA: 615:51:58, Rate: 17.5 cps, Current: 278, -29
[19:05:01] [Server thread/INFO]: [Chunky] Task running for Gabito. Processed: 239560 chunks (0.61%), ETA: 612:42:15, Rate: 17.6 cps, Current: 278, -31
[19:05:02] [Server thread/INFO]: [Chunky] Task running for Gabito. Processed: 239582 chunks (0.61%), ETA: 644:08:38, Rate: 16.7 cps, Current: 278, -32
[19:05:03] [Server thread/INFO]: [Chunky] Task running for Gabito. Processed: 239599 chunks (0.61%), ETA: 648:37:56, Rate: 16.6 cps, Current: 286, -27
[19:05:04] [Server thread/INFO]: [Chunky] Task running for Gabito. Processed: 239616 chunks (0.61%), ETA: 626:50:40, Rate: 17.2 cps, Current: 286, -30
[19:05:06] [Server thread/INFO]: [Chunky] Task running for Gabito. Processed: 239625 chunks (0.61%), ETA: 641:53:02, Rate: 16.8 cps, Current: 287, -29
[19:05:07] [Server thread/INFO]: [Chunky] Task running for Gabito. Processed: 239637 chunks (0.61%), ETA: 646:33:26, Rate: 16.7 cps, Current: 287, -31
[19:05:08] [Server thread/INFO]: [Chunky] Task running for Gabito. Processed: 239647 chunks (0.61%), ETA: 674:41:55, Rate: 16.0 cps, Current: 260, -60
[19:05:09] [Server thread/INFO]: [Chunky] Task running for Gabito. Processed: 239664 chunks (0.61%), ETA: 683:01:51, Rate: 15.8 cps, Current: 260, -63
[19:05:10] [Server thread/INFO]: [Chunky] Task running for Gabito. Processed: 239668 chunks (0.61%), ETA: 741:02:18, Rate: 14.6 cps, Current: 263, -62
[19:05:12] [Server thread/INFO]: [Chunky] Task running for Gabito. Processed: 239684 chunks (0.61%), ETA: 736:33:29, Rate: 14.6 cps, Current: 262, -64
[19:05:13] [Server thread/INFO]: [Chunky] Task running for Gabito. Processed: 239705 chunks (0.61%), ETA: 736:29:59, Rate: 14.6 cps, Current: 264, -59
[19:05:14] [Server thread/INFO]: [Chunky] Task running for Gabito. Processed: 239718 chunks (0.61%), ETA: 758:24:49, Rate: 14.2 cps, Current: 268, -64
[19:05:15] [Server thread/INFO]: [Chunky] Task running for Gabito. Processed: 239740 chunks (0.61%), ETA: 754:50:46, Rate: 14.3 cps, Current: 271, -60
[19:05:16] [Server thread/INFO]: [Chunky] Task running for Gabito. Processed: 239759 chunks (0.61%), ETA: 753:53:27, Rate: 14.3 cps, Current: 268, -54
[19:05:17] [Server thread/INFO]: [Chunky] Task running for Gabito. Processed: 239767 chunks (0.61%), ETA: 751:33:35, Rate: 14.4 cps, Current: 271, -56
[19:05:18] [Server thread/INFO]: [Chunky] Task running for Gabito. Processed: 239784 chunks (0.61%), ETA: 749:13:20, Rate: 14.4 cps, Current: 264, -52
[19:05:19] [Server thread/INFO]: [Chunky] Task running for Gabito. Processed: 239795 chunks (0.61%), ETA: 746:08:36, Rate: 14.5 cps, Current: 263, -51
[19:05:20] [Server thread/INFO]: [Chunky] Task running for Gabito. Processed: 239820 chunks (0.61%), ETA: 722:51:46, Rate: 14.9 cps, Current: 261, -55
[19:05:21] [Server thread/INFO]: [Chunky] Task running for Gabito. Processed: 239853 chunks (0.61%), ETA: 695:52:43, Rate: 15.5 cps, Current: 265, -49
[19:05:23] [Server thread/INFO]: [Chunky] Task running for Gabito. Processed: 239877 chunks (0.61%), ETA: 720:39:07, Rate: 15.0 cps, Current: 257, -48
[19:05:24] [Server thread/INFO]: [Chunky] Task running for Gabito. Processed: 239897 chunks (0.61%), ETA: 746:31:41, Rate: 14.5 cps, Current: 256, -44
[19:05:25] [Server thread/INFO]: [Chunky] Task running for Gabito. Processed: 239914 chunks (0.61%), ETA: 742:57:45, Rate: 14.5 cps, Current: 262, -46
[19:05:26] [Server thread/INFO]: [Chunky] Task running for Gabito. Processed: 239943 chunks (0.61%), ETA: 699:30:18, Rate: 15.4 cps, Current: 258, -41
[19:05:27] [Server thread/INFO]: [Chunky] Task running for Gabito. Processed: 239978 chunks (0.61%), ETA: 662:32:44, Rate: 16.3 cps, Current: 261, -36
[19:05:29] [Server thread/INFO]: [Chunky] Task running for Gabito. Processed: 240009 chunks (0.61%), ETA: 650:12:13, Rate: 16.6 cps, Current: 264, -40
[19:05:30] [Server thread/INFO]: [Chunky] Task running for Gabito. Processed: 240036 chunks (0.61%), ETA: 651:43:38, Rate: 16.6 cps, Current: 270, -34
[19:05:31] [Server thread/INFO]: [Chunky] Task running for Gabito. Processed: 240058 chunks (0.61%), ETA: 646:54:11, Rate: 16.7 cps, Current: 269, -38
[19:05:32] [Server thread/INFO]: [Chunky] Task running for Gabito. Processed: 240099 chunks (0.61%), ETA: 623:47:56, Rate: 17.3 cps, Current: 267, -48
[19:05:34] [Server thread/INFO]: [Chunky] Task running for Gabito. Processed: 240130 chunks (0.61%), ETA: 608:56:11, Rate: 17.7 cps, Current: 272, -47
[19:05:35] [Server thread/INFO]: [Chunky] Task running for Gabito. Processed: 240135 chunks (0.61%), ETA: 614:17:39, Rate: 17.6 cps, Current: 275, -46
[19:05:36] [Server thread/INFO]: [Chunky] Task running for Gabito. Processed: 240158 chunks (0.61%), ETA: 601:20:56, Rate: 17.9 cps, Current: 275, -47
[19:05:37] [Server thread/INFO]: [Chunky] Task running for Gabito. Processed: 240179 chunks (0.61%), ETA: 588:12:34, Rate: 18.3 cps, Current: 272, -37
[19:05:38] [Server thread/INFO]: [Chunky] Task running for Gabito. Processed: 240202 chunks (0.61%), ETA: 579:27:35, Rate: 18.6 cps, Current: 279, -43
[19:05:39] [Server thread/INFO]: [Chunky] Task running for Gabito. Processed: 240243 chunks (0.61%), ETA: 541:53:59, Rate: 19.9 cps, Current: 278, -34
[19:05:41] [Server thread/INFO]: [Chunky] Task running for Gabito. Processed: 240273 chunks (0.61%), ETA: 531:53:35, Rate: 20.3 cps, Current: 281, -39
[19:05:42] [Server thread/INFO]: [Chunky] Task running for Gabito. Processed: 240298 chunks (0.61%), ETA: 530:53:23, Rate: 20.3 cps, Current: 286, -34
[19:05:43] [Server thread/INFO]: [Chunky] Task running for Gabito. Processed: 240326 chunks (0.62%), ETA: 518:06:52, Rate: 20.8 cps, Current: 286, -38
[19:05:44] [Server thread/INFO]: [Chunky] Task running for Gabito. Processed: 240347 chunks (0.62%), ETA: 516:23:37, Rate: 20.9 cps, Current: 281, -46
[19:05:45] [Server thread/INFO]: [Chunky] Task running for Gabito. Processed: 240372 chunks (0.62%), ETA: 515:50:41, Rate: 20.9 cps, Current: 285, -46
[19:05:46] [Server thread/INFO]: [Chunky] Task running for Gabito. Processed: 240379 chunks (0.62%), ETA: 516:36:57, Rate: 20.9 cps, Current: 287, -45
[19:05:47] [Server thread/INFO]: [Chunky] Task running for Gabito. Processed: 240393 chunks (0.62%), ETA: 519:15:45, Rate: 20.8 cps, Current: 287, -46
[19:05:49] [Server thread/INFO]: [Chunky] Task running for Gabito. Processed: 240404 chunks (0.62%), ETA: 520:04:33, Rate: 20.7 cps, Current: 286, -53
[19:05:50] [Server thread/INFO]: [Chunky] Task running for Gabito. Processed: 240422 chunks (0.62%), ETA: 527:46:36, Rate: 20.4 cps, Current: 287, -52
[19:05:51] [Server thread/INFO]: [Chunky] Task running for Gabito. Processed: 240450 chunks (0.62%), ETA: 536:35:26, Rate: 20.1 cps, Current: 277, -50
[19:05:52] [Server thread/INFO]: [Chunky] Task running for Gabito. Processed: 240474 chunks (0.62%), ETA: 527:07:11, Rate: 20.5 cps, Current: 272, -53
[19:05:53] [Server thread/INFO]: [Chunky] Task running for Gabito. Processed: 240514 chunks (0.62%), ETA: 514:05:33, Rate: 21.0 cps, Current: 278, -57
[19:05:54] [Server thread/INFO]: [Chunky] Task running for Gabito. Processed: 240537 chunks (0.62%), ETA: 508:57:32, Rate: 21.2 cps, Current: 272, -64
[19:05:55] [Server thread/INFO]: [Chunky] Task running for Gabito. Processed: 240555 chunks (0.62%), ETA: 514:37:30, Rate: 21.0 cps, Current: 273, -63
[19:05:56] [Server thread/INFO]: [Chunky] Task running for Gabito. Processed: 240582 chunks (0.62%), ETA: 524:16:56, Rate: 20.6 cps, Current: 277, -63
[19:05:58] [Server thread/INFO]: [Chunky] Task running for Gabito. Processed: 240602 chunks (0.62%), ETA: 528:27:07, Rate: 20.4 cps, Current: 284, -58
[19:05:59] [Server thread/INFO]: [Chunky] Task running for Gabito. Processed: 240609 chunks (0.62%), ETA: 541:00:05, Rate: 19.9 cps, Current: 279, -64
[19:06:00] [Server thread/INFO]: [Chunky] Task running for Gabito. Processed: 240625 chunks (0.62%), ETA: 554:01:40, Rate: 19.5 cps, Current: 285, -62
[19:06:01] [Server thread/INFO]: [Chunky] Task running for Gabito. Processed: 240646 chunks (0.62%), ETA: 575:59:58, Rate: 18.7 cps, Current: 257, -95
[19:06:02] [Server thread/INFO]: [Chunky] Task running for Gabito. Processed: 240659 chunks (0.62%), ETA: 589:10:14, Rate: 18.3 cps, Current: 286, -64
[19:06:04] [Server thread/INFO]: [Chunky] Task running for Gabito. Processed: 240672 chunks (0.62%), ETA: 584:28:34, Rate: 18.5 cps, Current: 259, -94
[19:06:05] [Server thread/INFO]: [Chunky] Task running for Gabito. Processed: 240679 chunks (0.62%), ETA: 603:25:41, Rate: 17.9 cps, Current: 260, -94
[19:06:06] [Server thread/INFO]: [Chunky] Task running for Gabito. Processed: 240690 chunks (0.62%), ETA: 614:55:07, Rate: 17.5 cps, Current: 260, -96
[19:06:07] [Server thread/INFO]: [Chunky] Task running for Gabito. Processed: 240698 chunks (0.62%), ETA: 634:18:08, Rate: 17.0 cps, Current: 263, -93
[19:06:08] [Server thread/INFO]: [Chunky] Task running for Gabito. Processed: 240708 chunks (0.62%), ETA: 676:17:23, Rate: 16.0 cps, Current: 267, -94
[19:06:09] [Server thread/INFO]: [Chunky] Task running for Gabito. Processed: 240731 chunks (0.62%), ETA: 677:14:58, Rate: 15.9 cps, Current: 266, -96
[19:06:11] [Server thread/INFO]: [Chunky] Task running for Gabito. Processed: 240743 chunks (0.62%), ETA: 684:10:48, Rate: 15.8 cps, Current: 264, -90
[19:06:12] [Server thread/INFO]: [Chunky] Task running for Gabito. Processed: 240763 chunks (0.62%), ETA: 689:44:17, Rate: 15.6 cps, Current: 271, -92
[19:06:13] [Server thread/INFO]: [Chunky] Task running for Gabito. Processed: 240775 chunks (0.62%), ETA: 712:58:03, Rate: 15.1 cps, Current: 265, -86
[19:06:14] [Server thread/INFO]: [Chunky] Task running for Gabito. Processed: 240788 chunks (0.62%), ETA: 729:45:08, Rate: 14.8 cps, Current: 269, -85
[19:06:15] [Server thread/INFO]: [Chunky] Task running for Gabito. Processed: 240803 chunks (0.62%), ETA: 744:25:19, Rate: 14.5 cps, Current: 270, -85
[19:06:16] [Server thread/INFO]: [Chunky] Task running for Gabito. Processed: 240817 chunks (0.62%), ETA: 735:41:31, Rate: 14.7 cps, Current: 271, -86
[19:06:18] [Server thread/INFO]: [Chunky] Task running for Gabito. Processed: 240827 chunks (0.62%), ETA: 740:39:29, Rate: 14.6 cps, Current: 265, -82
[19:06:19] [Server thread/INFO]: [Chunky] Task running for Gabito. Processed: 240872 chunks (0.62%), ETA: 694:14:07, Rate: 15.5 cps, Current: 265, -81
[19:06:20] [Server thread/INFO]: [Chunky] Task running for Gabito. Processed: 240900 chunks (0.62%), ETA: 692:14:58, Rate: 15.6 cps, Current: 256, -77
[19:06:21] [Server thread/INFO]: [Chunky] Task running for Gabito. Processed: 240909 chunks (0.62%), ETA: 720:54:53, Rate: 15.0 cps, Current: 257, -78
[19:06:22] [Server thread/INFO]: [Chunky] Task running for Gabito. Processed: 240938 chunks (0.62%), ETA: 742:20:23, Rate: 14.5 cps, Current: 257, -74
[19:06:23] [Server thread/INFO]: [Chunky] Task running for Gabito. Processed: 240967 chunks (0.62%), ETA: 732:34:50, Rate: 14.7 cps, Current: 258, -73
[19:06:25] [Server thread/INFO]: [Chunky] Task running for Gabito. Processed: 240977 chunks (0.62%), ETA: 746:03:10, Rate: 14.5 cps, Current: 263, -77
[19:06:26] [Server thread/INFO]: [Chunky] Task running for Gabito. Processed: 241019 chunks (0.62%), ETA: 717:53:30, Rate: 15.0 cps, Current: 263, -66
[19:06:27] [Server thread/INFO]: [Chunky] Task running for Gabito. Processed: 241038 chunks (0.62%), ETA: 716:56:32, Rate: 15.0 cps, Current: 265, -68
[19:06:28] [Server thread/INFO]: [Chunky] Task running for Gabito. Processed: 241054 chunks (0.62%), ETA: 701:43:29, Rate: 15.4 cps, Current: 266, -68
[19:06:29] [Server thread/INFO]: [Chunky] Task running for Gabito. Processed: 241069 chunks (0.62%), ETA: 696:09:01, Rate: 15.5 cps, Current: 269, -69
[19:06:30] [Server thread/INFO]: [Chunky] Task running for Gabito. Processed: 241085 chunks (0.62%), ETA: 695:27:30, Rate: 15.5 cps, Current: 264, -74
[19:06:31] [Server thread/INFO]: [Chunky] Task running for Gabito. Processed: 241115 chunks (0.62%), ETA: 677:17:52, Rate: 15.9 cps, Current: 271, -69
[19:06:32] [Server thread/INFO]: [Chunky] Task running for Gabito. Processed: 241148 chunks (0.62%), ETA: 647:56:07, Rate: 16.6 cps, Current: 271, -75
[19:06:34] [Server thread/INFO]: [Chunky] Task running for Gabito. Processed: 241155 chunks (0.62%), ETA: 668:25:34, Rate: 16.1 cps, Current: 272, -78
[19:06:35] [Server thread/INFO]: [Chunky] Task running for Gabito. Processed: 241182 chunks (0.62%), ETA: 634:37:37, Rate: 17.0 cps, Current: 275, -79
[19:06:36] [Server thread/INFO]: [Chunky] Task running for Gabito. Processed: 241197 chunks (0.62%), ETA: 625:13:27, Rate: 17.3 cps, Current: 278, -74
[19:06:37] [Server thread/INFO]: [Chunky] Task running for Gabito. Processed: 241214 chunks (0.62%), ETA: 616:40:36, Rate: 17.5 cps, Current: 274, -73
[19:06:38] [Server thread/INFO]: [Chunky] Task running for Gabito. Processed: 241240 chunks (0.62%), ETA: 613:18:09, Rate: 17.6 cps, Current: 275, -65
[19:06:40] [Server thread/INFO]: [Chunky] Task running for Gabito. Processed: 241270 chunks (0.62%), ETA: 593:11:27, Rate: 18.2 cps, Current: 279, -66
[19:06:41] [Server thread/INFO]: [Chunky] Task running for Gabito. Processed: 241297 chunks (0.62%), ETA: 587:48:30, Rate: 18.4 cps, Current: 281, -71
[19:06:42] [Server thread/INFO]: [Chunky] Task running for Gabito. Processed: 241314 chunks (0.62%), ETA: 581:25:35, Rate: 18.6 cps, Current: 285, -67
[19:06:43] [Server thread/INFO]: [Chunky] Task running for Gabito. Processed: 241332 chunks (0.62%), ETA: 574:57:50, Rate: 18.8 cps, Current: 286, -67
[19:06:44] [Server thread/INFO]: [Chunky] Task running for Gabito. Processed: 241356 chunks (0.62%), ETA: 566:56:49, Rate: 19.0 cps, Current: 287, -68
[19:06:46] [Server thread/INFO]: [Chunky] Task running for Gabito. Processed: 241383 chunks (0.62%), ETA: 554:47:05, Rate: 19.4 cps, Current: 281, -79
[19:06:48] [Server thread/INFO]: [Chunky] Task running for Gabito. Processed: 241402 chunks (0.62%), ETA: 601:29:53, Rate: 17.9 cps, Current: 286, -78
[19:06:50] [Server thread/INFO]: [Chunky] Task running for Gabito. Processed: 241405 chunks (0.62%), ETA: 631:12:31, Rate: 17.1 cps, Current: 285, -82
[19:06:51] [Server thread/INFO]: [Chunky] Task running for Gabito. Processed: 241411 chunks (0.62%), ETA: 656:26:35, Rate: 16.4 cps, Current: 287, -78
[19:06:52] [Server thread/INFO]: [Chunky] Task running for Gabito. Processed: 241418 chunks (0.62%), ETA: 670:24:55, Rate: 16.1 cps, Current: 285, -86
[19:06:53] [Server thread/INFO]: [Chunky] Task running for Gabito. Processed: 241426 chunks (0.62%), ETA: 701:47:41, Rate: 15.4 cps, Current: 283, -86
[19:06:55] [Server thread/INFO]: [Chunky] Task running for Gabito. Processed: 241443 chunks (0.62%), ETA: 735:04:15, Rate: 14.7 cps, Current: 284, -87
[19:06:56] [Server thread/INFO]: [Chunky] Task running for Gabito. Processed: 241460 chunks (0.62%), ETA: 744:07:51, Rate: 14.5 cps, Current: 287, -88
[19:06:57] [Server thread/INFO]: [Chunky] Task running for Gabito. Processed: 241481 chunks (0.62%), ETA: 739:44:50, Rate: 14.6 cps, Current: 280, -83
[19:06:58] [Server thread/INFO]: [Chunky] Task running for Gabito. Processed: 241523 chunks (0.62%), ETA: 699:08:41, Rate: 15.4 cps, Current: 273, -87
[19:06:59] [Server thread/INFO]: [Chunky] Task running for Gabito. Processed: 241542 chunks (0.62%), ETA: 694:50:51, Rate: 15.5 cps, Current: 275, -89
[19:07:00] [Server thread/INFO]: [Chunky] Task running for Gabito. Processed: 241562 chunks (0.62%), ETA: 709:56:52, Rate: 15.2 cps, Current: 274, -91
[19:07:02] [Server thread/INFO]: [Chunky] Task running for Gabito. Processed: 241578 chunks (0.62%), ETA: 741:16:43, Rate: 14.6 cps, Current: 273, -95
[19:07:03] [Server thread/INFO]: [Chunky] Task running for Gabito. Processed: 241607 chunks (0.62%), ETA: 689:32:16, Rate: 15.6 cps, Current: 274, -96
[19:07:04] [Server thread/INFO]: [Chunky] Task running for Gabito. Processed: 241627 chunks (0.62%), ETA: 698:58:52, Rate: 15.4 cps, Current: 283, -91
[19:07:05] [Server thread/INFO]: [Chunky] Task running for Gabito. Processed: 241641 chunks (0.62%), ETA: 702:58:33, Rate: 15.3 cps, Current: 281, -96
[19:07:07] [Server thread/INFO]: [Chunky] Task running for Gabito. Processed: 241648 chunks (0.62%), ETA: 726:53:52, Rate: 14.8 cps, Current: 286, -91
[19:07:08] [Server thread/INFO]: [Chunky] Task running for Gabito. Processed: 241661 chunks (0.62%), ETA: 748:49:48, Rate: 14.4 cps, Current: 256, -123
[19:07:09] [Server thread/INFO]: [Chunky] Task running for Gabito. Processed: 241670 chunks (0.62%), ETA: 785:31:00, Rate: 13.7 cps, Current: 286, -95
[19:07:10] [Server thread/INFO]: [Chunky] Task running for Gabito. Processed: 241682 chunks (0.62%), ETA: 811:44:17, Rate: 13.3 cps, Current: 257, -122
[19:07:11] [Server thread/INFO]: [Chunky] Task running for Gabito. Processed: 241691 chunks (0.62%), ETA: 833:15:19, Rate: 12.9 cps, Current: 259, -124
[19:07:12] [Server thread/INFO]: [Chunky] Task running for Gabito. Processed: 241699 chunks (0.62%), ETA: 855:57:23, Rate: 12.6 cps, Current: 260, -125
[19:07:13] [Server thread/INFO]: [Chunky] Task running for Gabito. Processed: 241712 chunks (0.62%), ETA: 882:28:52, Rate: 12.2 cps, Current: 260, -121
[19:07:15] [Server thread/INFO]: [Chunky] Task running for Gabito. Processed: 241715 chunks (0.62%), ETA: 946:06:57, Rate: 11.4 cps, Current: 261, -127
[19:07:16] [Server thread/INFO]: [Chunky] Task running for Gabito. Processed: 241730 chunks (0.62%), ETA: 911:52:48, Rate: 11.8 cps, Current: 261, -128
[19:07:17] [Server thread/INFO]: [Chunky] Task running for Gabito. Processed: 241740 chunks (0.62%), ETA: 919:51:20, Rate: 11.7 cps, Current: 268, -126
[19:07:19] [Server thread/INFO]: [Chunky] Task running for Gabito. Processed: 241764 chunks (0.62%), ETA: 850:42:20, Rate: 12.7 cps, Current: 270, -125
[19:07:20] [Server thread/INFO]: [Chunky] Task running for Gabito. Processed: 241776 chunks (0.62%), ETA: 855:11:21, Rate: 12.6 cps, Current: 268, -122
[19:07:21] [Server thread/INFO]: [Chunky] Task running for Gabito. Processed: 241792 chunks (0.62%), ETA: 840:06:55, Rate: 12.8 cps, Current: 266, -120
[19:07:22] [Server thread/INFO]: [Chunky] Task running for Gabito. Processed: 241810 chunks (0.62%), ETA: 823:22:48, Rate: 13.1 cps, Current: 269, -118
[19:07:23] [Server thread/INFO]: [Chunky] Task running for Gabito. Processed: 241822 chunks (0.62%), ETA: 814:34:03, Rate: 13.2 cps, Current: 264, -117
[19:07:25] [Server thread/INFO]: [Chunky] Task running for Gabito. Processed: 241836 chunks (0.62%), ETA: 823:23:16, Rate: 13.1 cps, Current: 270, -114
[19:07:26] [Server thread/INFO]: [Chunky] Task running for Gabito. Processed: 241849 chunks (0.62%), ETA: 851:29:58, Rate: 12.7 cps, Current: 262, -120
[19:07:27] [Server thread/INFO]: [Chunky] Task running for Gabito. Processed: 241881 chunks (0.62%), ETA: 871:38:30, Rate: 12.4 cps, Current: 261, -117
[19:07:29] [Server thread/INFO]: [Chunky] Task running for Gabito. Processed: 241922 chunks (0.62%), ETA: 826:44:45, Rate: 13.0 cps, Current: 256, -111
[19:07:30] [Server thread/INFO]: [Chunky] Task running for Gabito. Processed: 241932 chunks (0.62%), ETA: 851:31:49, Rate: 12.7 cps, Current: 263, -112
[19:07:31] [Server thread/INFO]: [Chunky] Task running for Gabito. Processed: 241944 chunks (0.62%), ETA: 856:52:21, Rate: 12.6 cps, Current: 261, -111
[19:07:32] [Server thread/INFO]: [Chunky] Task running for Gabito. Processed: 241963 chunks (0.62%), ETA: 879:14:33, Rate: 12.3 cps, Current: 256, -104
[19:07:33] [Server thread/INFO]: [Chunky] Task running for Gabito. Processed: 241976 chunks (0.62%), ETA: 887:51:30, Rate: 12.1 cps, Current: 257, -97
[19:07:34] [Server thread/INFO]: [Chunky] Task running for Gabito. Processed: 241995 chunks (0.62%), ETA: 874:23:08, Rate: 12.3 cps, Current: 258, -104
[19:07:35] [Server thread/INFO]: [Chunky] Task running for Gabito. Processed: 242026 chunks (0.62%), ETA: 832:46:26, Rate: 13.0 cps, Current: 263, -105
[19:07:36] [Server thread/INFO]: [Chunky] Task running for Gabito. Processed: 242049 chunks (0.62%), ETA: 795:49:04, Rate: 13.6 cps, Current: 264, -103
[19:07:38] [Server thread/INFO]: [Chunky] Task running for Gabito. Processed: 242072 chunks (0.62%), ETA: 781:12:51, Rate: 13.8 cps, Current: 267, -98
[19:07:39] [Server thread/INFO]: [Chunky] Task running for Gabito. Processed: 242088 chunks (0.62%), ETA: 768:31:22, Rate: 14.0 cps, Current: 267, -102
[19:07:40] [Server thread/INFO]: [Chunky] Task running for Gabito. Processed: 242098 chunks (0.62%), ETA: 772:40:27, Rate: 14.0 cps, Current: 268, -105
[19:07:41] [Server thread/INFO]: [Chunky] Task running for Gabito. Processed: 242130 chunks (0.62%), ETA: 728:05:30, Rate: 14.8 cps, Current: 266, -107
[19:07:42] [Server thread/INFO]: [Chunky] Task running for Gabito. Processed: 242167 chunks (0.62%), ETA: 686:18:48, Rate: 15.7 cps, Current: 271, -103
[19:07:44] [Server thread/INFO]: [Chunky] Task running for Gabito. Processed: 242179 chunks (0.62%), ETA: 687:19:20, Rate: 15.7 cps, Current: 272, -110
[19:07:46] [Server thread/INFO]: [Chunky] Task running for Gabito. Processed: 242200 chunks (0.62%), ETA: 678:50:28, Rate: 15.9 cps, Current: 273, -107
[19:07:47] [Server thread/INFO]: [Chunky] Task running for Gabito. Processed: 242214 chunks (0.62%), ETA: 675:49:36, Rate: 16.0 cps, Current: 278, -109
[19:07:48] [Server thread/INFO]: [Chunky] Task running for Gabito. Processed: 242233 chunks (0.62%), ETA: 681:25:56, Rate: 15.8 cps, Current: 273, -97
[19:07:49] [Server thread/INFO]: [Chunky] Task running for Gabito. Processed: 242251 chunks (0.62%), ETA: 673:36:47, Rate: 16.0 cps, Current: 279, -107
[19:07:51] [Server thread/INFO]: [Chunky] Task running for Gabito. Processed: 242290 chunks (0.62%), ETA: 637:43:19, Rate: 16.9 cps, Current: 279, -97
[19:07:52] [Server thread/INFO]: [Chunky] Task running for Gabito. Processed: 242313 chunks (0.62%), ETA: 629:33:15, Rate: 17.1 cps, Current: 281, -97
[19:07:53] [Server thread/INFO]: [Chunky] Task running for Gabito. Processed: 242333 chunks (0.62%), ETA: 621:31:44, Rate: 17.4 cps, Current: 285, -98
[19:07:54] [Server thread/INFO]: [Chunky] Task running for Gabito. Processed: 242355 chunks (0.62%), ETA: 612:27:52, Rate: 17.6 cps, Current: 285, -103
[19:07:55] [Server thread/INFO]: [Chunky] Task running for Gabito. Processed: 242377 chunks (0.62%), ETA: 593:27:34, Rate: 18.2 cps, Current: 286, -104
[19:07:56] [Server thread/INFO]: [Chunky] Task running for Gabito. Processed: 242398 chunks (0.62%), ETA: 591:36:31, Rate: 18.2 cps, Current: 287, -103
[19:07:58] [Server thread/INFO]: [Chunky] Task running for Gabito. Processed: 242420 chunks (0.62%), ETA: 606:23:58, Rate: 17.8 cps, Current: 285, -110
[19:07:59] [Server thread/INFO]: [Chunky] Task running for Gabito. Processed: 242426 chunks (0.62%), ETA: 646:05:55, Rate: 16.7 cps, Current: 286, -110
[19:08:00] [Server thread/INFO]: [Chunky] Task running for Gabito. Processed: 242436 chunks (0.62%), ETA: 638:37:56, Rate: 16.9 cps, Current: 285, -117
[19:08:01] [Server thread/INFO]: [Chunky] Task running for Gabito. Processed: 242443 chunks (0.62%), ETA: 652:36:50, Rate: 16.5 cps, Current: 286, -115
[19:08:02] [Server thread/INFO]: [Chunky] Task running for Gabito. Processed: 242467 chunks (0.62%), ETA: 649:35:55, Rate: 16.6 cps, Current: 284, -119
[19:08:04] [Server thread/INFO]: [Chunky] Task running for Gabito. Processed: 242491 chunks (0.62%), ETA: 642:11:41, Rate: 16.8 cps, Current: 280, -114
[19:08:05] [Server thread/INFO]: [Chunky] Task running for Gabito. Processed: 242508 chunks (0.62%), ETA: 662:38:24, Rate: 16.3 cps, Current: 280, -118
[19:08:06] [Server thread/INFO]: [Chunky] Task running for Gabito. Processed: 242547 chunks (0.62%), ETA: 633:45:42, Rate: 17.0 cps, Current: 273, -119
[19:08:08] [Server thread/INFO]: [Chunky] Task running for Gabito. Processed: 242562 chunks (0.62%), ETA: 665:23:50, Rate: 16.2 cps, Current: 278, -121
[19:08:09] [Server thread/INFO]: [Chunky] Task running for Gabito. Processed: 242586 chunks (0.62%), ETA: 646:59:10, Rate: 16.7 cps, Current: 274, -123
[19:08:10] [Server thread/INFO]: [Chunky] Task running for Gabito. Processed: 242602 chunks (0.62%), ETA: 669:53:51, Rate: 16.1 cps, Current: 273, -127
[19:08:11] [Server thread/INFO]: [Chunky] Task running for Gabito. Processed: 242630 chunks (0.62%), ETA: 681:24:10, Rate: 15.8 cps, Current: 277, -127
[19:08:13] [Server thread/INFO]: [Chunky] Task running for Gabito. Processed: 242651 chunks (0.62%), ETA: 645:52:59, Rate: 16.7 cps, Current: 285, -122
[19:08:14] [Server thread/INFO]: [Chunky] Task running for Gabito. Processed: 242666 chunks (0.62%), ETA: 648:09:21, Rate: 16.6 cps, Current: 284, -125
[19:08:15] [Server thread/INFO]: [Chunky] Task running for Gabito. Processed: 242674 chunks (0.62%), ETA: 661:08:55, Rate: 16.3 cps, Current: 256, -159
[19:08:16] [Server thread/INFO]: [Chunky] Task running for Gabito. Processed: 242691 chunks (0.62%), ETA: 657:25:39, Rate: 16.4 cps, Current: 257, -155
[19:08:17] [Server thread/INFO]: [Chunky] Task running for Gabito. Processed: 242704 chunks (0.62%), ETA: 658:51:36, Rate: 16.4 cps, Current: 258, -158
[19:08:18] [Server thread/INFO]: [Chunky] Task running for Gabito. Processed: 242716 chunks (0.62%), ETA: 672:30:17, Rate: 16.0 cps, Current: 261, -155
[19:08:19] [Server thread/INFO]: [Chunky] Task running for Gabito. Processed: 242724 chunks (0.62%), ETA: 716:50:05, Rate: 15.0 cps, Current: 260, -157
[19:08:21] [Server thread/INFO]: [Chunky] Task running for Gabito. Processed: 242736 chunks (0.62%), ETA: 722:52:49, Rate: 14.9 cps, Current: 260, -159
[19:08:22] [Server thread/INFO]: [Chunky] Task running for Gabito. Processed: 242740 chunks (0.62%), ETA: 761:22:53, Rate: 14.2 cps, Current: 261, -153
[19:08:23] [Server thread/INFO]: [Chunky] Task running for Gabito. Processed: 242756 chunks (0.62%), ETA: 770:00:17, Rate: 14.0 cps, Current: 262, -160
[19:08:24] [Server thread/INFO]: [Chunky] Task running for Gabito. Processed: 242778 chunks (0.62%), ETA: 781:58:16, Rate: 13.8 cps, Current: 266, -160
[19:08:25] [Server thread/INFO]: [Chunky] Task running for Gabito. Processed: 242792 chunks (0.62%), ETA: 793:11:14, Rate: 13.6 cps, Current: 265, -154
[19:08:26] [Server thread/INFO]: [Chunky] Task running for Gabito. Processed: 242811 chunks (0.62%), ETA: 785:00:24, Rate: 13.7 cps, Current: 267, -153
[19:08:27] [Server thread/INFO]: [Chunky] Task running for Gabito. Processed: 242829 chunks (0.62%), ETA: 782:27:35, Rate: 13.8 cps, Current: 269, -151
[19:08:29] [Server thread/INFO]: [Chunky] Task running for Gabito. Processed: 242839 chunks (0.62%), ETA: 776:16:36, Rate: 13.9 cps, Current: 268, -149
[19:08:30] [Server thread/INFO]: [Chunky] Task running for Gabito. Processed: 242858 chunks (0.62%), ETA: 762:47:45, Rate: 14.1 cps, Current: 266, -147
[19:08:31] [Server thread/INFO]: [Chunky] Task running for Gabito. Processed: 242873 chunks (0.62%), ETA: 757:47:56, Rate: 14.2 cps, Current: 271, -148
[19:08:32] [Server thread/INFO]: [Chunky] Task running for Gabito. Processed: 242910 chunks (0.62%), ETA: 721:22:19, Rate: 15.0 cps, Current: 260, -150
[19:08:33] [Server thread/INFO]: [Chunky] Task running for Gabito. Processed: 242946 chunks (0.62%), ETA: 701:36:26, Rate: 15.4 cps, Current: 256, -143
[19:08:34] [Server thread/INFO]: [Chunky] Task running for Gabito. Processed: 242956 chunks (0.62%), ETA: 712:31:17, Rate: 15.1 cps, Current: 257, -142
[19:08:35] [Server thread/INFO]: [Chunky] Task running for Gabito. Processed: 242981 chunks (0.62%), ETA: 735:59:53, Rate: 14.7 cps, Current: 259, -139
[19:08:36] [Server thread/INFO]: [Chunky] Task running for Gabito. Processed: 242998 chunks (0.62%), ETA: 704:27:56, Rate: 15.3 cps, Current: 262, -141
[19:08:38] [Server thread/INFO]: [Chunky] Task running for Gabito. Processed: 243026 chunks (0.62%), ETA: 691:12:16, Rate: 15.6 cps, Current: 259, -130
[19:08:39] [Server thread/INFO]: [Chunky] Task running for Gabito. Processed: 243067 chunks (0.62%), ETA: 667:25:46, Rate: 16.2 cps, Current: 263, -130
[19:08:40] [Server thread/INFO]: [Chunky] Task running for Gabito. Processed: 243089 chunks (0.62%), ETA: 660:01:07, Rate: 16.3 cps, Current: 268, -129
[19:08:41] [Server thread/INFO]: [Chunky] Task running for Gabito. Processed: 243111 chunks (0.62%), ETA: 663:30:44, Rate: 16.3 cps, Current: 267, -133
[19:08:42] [Server thread/INFO]: [Chunky] Task running for Gabito. Processed: 243125 chunks (0.62%), ETA: 664:57:22, Rate: 16.2 cps, Current: 268, -137
[19:08:43] [Server thread/INFO]: [Chunky] Task running for Gabito. Processed: 243158 chunks (0.62%), ETA: 642:08:35, Rate: 16.8 cps, Current: 267, -139
[19:08:44] [Server thread/INFO]: [Chunky] Task running for Gabito. Processed: 243181 chunks (0.62%), ETA: 629:06:21, Rate: 17.1 cps, Current: 269, -144
[19:08:46] [Server thread/INFO]: [Chunky] Task running for Gabito. Processed: 243202 chunks (0.62%), ETA: 624:53:09, Rate: 17.3 cps, Current: 272, -143
[19:08:47] [Server thread/INFO]: [Chunky] Task running for Gabito. Processed: 243205 chunks (0.62%), ETA: 637:48:23, Rate: 16.9 cps, Current: 273, -143
[19:08:48] [Server thread/INFO]: [Chunky] Task running for Gabito. Processed: 243230 chunks (0.62%), ETA: 618:50:12, Rate: 17.4 cps, Current: 275, -143
[19:08:49] [Server thread/INFO]: [Chunky] Task running for Gabito. Processed: 243249 chunks (0.62%), ETA: 605:53:42, Rate: 17.8 cps, Current: 273, -137
[19:08:50] [Server thread/INFO]: [Chunky] Task running for Gabito. Processed: 243273 chunks (0.62%), ETA: 599:26:15, Rate: 18.0 cps, Current: 279, -140
[19:08:52] [Server thread/INFO]: [Chunky] Task running for Gabito. Processed: 243315 chunks (0.62%), ETA: 561:46:56, Rate: 19.2 cps, Current: 278, -136
[19:08:53] [Server thread/INFO]: [Chunky] Task running for Gabito. Processed: 243345 chunks (0.62%), ETA: 552:22:29, Rate: 19.5 cps, Current: 281, -135
[19:08:54] [Server thread/INFO]: [Chunky] Task running for Gabito. Processed: 243361 chunks (0.62%), ETA: 552:31:05, Rate: 19.5 cps, Current: 285, -130
[19:08:56] [Server thread/INFO]: [Chunky] Task running for Gabito. Processed: 243374 chunks (0.62%), ETA: 559:19:58, Rate: 19.3 cps, Current: 285, -134
[19:08:57] [Server thread/INFO]: [Chunky] Task running for Gabito. Processed: 243398 chunks (0.62%), ETA: 553:36:54, Rate: 19.5 cps, Current: 286, -134
[19:08:58] [Server thread/INFO]: [Chunky] Task running for Gabito. Processed: 243414 chunks (0.62%), ETA: 550:42:48, Rate: 19.6 cps, Current: 280, -141
[19:08:59] [Server thread/INFO]: [Chunky] Task running for Gabito. Processed: 243434 chunks (0.62%), ETA: 546:43:48, Rate: 19.7 cps, Current: 287, -140
[19:09:00] [Server thread/INFO]: [Chunky] Task running for Gabito. Processed: 243449 chunks (0.62%), ETA: 545:18:33, Rate: 19.8 cps, Current: 286, -141
[19:09:02] [Server thread/INFO]: [Chunky] Task running for Gabito. Processed: 243452 chunks (0.62%), ETA: 588:24:46, Rate: 18.3 cps, Current: 285, -145
[19:09:03] [Server thread/INFO]: [Chunky] Task running for Gabito. Processed: 243461 chunks (0.62%), ETA: 619:44:42, Rate: 17.4 cps, Current: 287, -142
[19:09:04] [Server thread/INFO]: [Chunky] Task running for Gabito. Processed: 243467 chunks (0.62%), ETA: 622:38:55, Rate: 17.3 cps, Current: 285, -150
[19:09:06] [Server thread/INFO]: [Chunky] Task running for Gabito. Processed: 243491 chunks (0.62%), ETA: 652:59:59, Rate: 16.5 cps, Current: 284, -151
[19:09:08] [Server thread/INFO]: [Chunky] Task running for Gabito. Processed: 243517 chunks (0.62%), ETA: 655:18:11, Rate: 16.5 cps, Current: 285, -152
[19:09:09] [Server thread/INFO]: [Chunky] Task running for Gabito. Processed: 243522 chunks (0.62%), ETA: 727:19:11, Rate: 14.8 cps, Current: 272, -146
[19:09:11] [Server thread/INFO]: [Chunky] Task running for Gabito. Processed: 243532 chunks (0.62%), ETA: 757:04:32, Rate: 14.2 cps, Current: 272, -147
[19:09:12] [Server thread/INFO]: [Chunky] Task running for Gabito. Processed: 243549 chunks (0.62%), ETA: 755:30:46, Rate: 14.3 cps, Current: 279, -148
[19:09:13] [Server thread/INFO]: [Chunky] Task running for Gabito. Processed: 243571 chunks (0.62%), ETA: 780:19:41, Rate: 13.8 cps, Current: 273, -151
[19:09:14] [Server thread/INFO]: [Chunky] Task running for Gabito. Processed: 243586 chunks (0.62%), ETA: 787:28:04, Rate: 13.7 cps, Current: 278, -153
[19:09:15] [Server thread/INFO]: [Chunky] Task running for Gabito. Processed: 243602 chunks (0.62%), ETA: 790:14:19, Rate: 13.6 cps, Current: 273, -155
[19:09:16] [Server thread/INFO]: [Chunky] Task running for Gabito. Processed: 243622 chunks (0.62%), ETA: 757:42:45, Rate: 14.2 cps, Current: 276, -156
[19:09:17] [Server thread/INFO]: [Chunky] Task running for Gabito. Processed: 243642 chunks (0.62%), ETA: 763:46:38, Rate: 14.1 cps, Current: 275, -159
[19:09:18] [Server thread/INFO]: [Chunky] Task running for Gabito. Processed: 243660 chunks (0.62%), ETA: 765:55:07, Rate: 14.1 cps, Current: 285, -153
[19:09:19] [Server thread/INFO]: [Chunky] Task running for Gabito. Processed: 243681 chunks (0.62%), ETA: 765:34:34, Rate: 14.1 cps, Current: 285, -155
[19:09:21] [Server thread/INFO]: [Chunky] Task running for Gabito. Processed: 243697 chunks (0.62%), ETA: 823:36:07, Rate: 13.1 cps, Current: 256, -192
[19:09:22] [Server thread/INFO]: [Chunky] Task running for Gabito. Processed: 243716 chunks (0.62%), ETA: 836:31:52, Rate: 12.9 cps, Current: 257, -187
[19:09:23] [Server thread/INFO]: [Chunky] Task running for Gabito. Processed: 243722 chunks (0.62%), ETA: 853:00:55, Rate: 12.6 cps, Current: 287, -158
[19:09:24] [Server thread/INFO]: [Chunky] Task running for Gabito. Processed: 243738 chunks (0.62%), ETA: 848:33:48, Rate: 12.7 cps, Current: 287, -160
[19:09:25] [Server thread/INFO]: [Chunky] Task running for Gabito. Processed: 243746 chunks (0.62%), ETA: 858:38:12, Rate: 12.6 cps, Current: 258, -185
[19:09:26] [Server thread/INFO]: [Chunky] Task running for Gabito. Processed: 243759 chunks (0.62%), ETA: 880:15:29, Rate: 12.3 cps, Current: 262, -190
[19:09:27] [Server thread/INFO]: [Chunky] Task running for Gabito. Processed: 243763 chunks (0.62%), ETA: 910:24:27, Rate: 11.8 cps, Current: 261, -191
[19:09:29] [Server thread/INFO]: [Chunky] Task running for Gabito. Processed: 243778 chunks (0.62%), ETA: 922:17:18, Rate: 11.7 cps, Current: 261, -192
[19:09:30] [Server thread/INFO]: [Chunky] Task running for Gabito. Processed: 243788 chunks (0.62%), ETA: 929:36:05, Rate: 11.6 cps, Current: 268, -190
[19:09:31] [Server thread/INFO]: [Chunky] Task running for Gabito. Processed: 243812 chunks (0.62%), ETA: 869:40:04, Rate: 12.4 cps, Current: 270, -189
[19:09:32] [Server thread/INFO]: [Chunky] Task running for Gabito. Processed: 243830 chunks (0.62%), ETA: 848:30:48, Rate: 12.7 cps, Current: 270, -186
[19:09:33] [Server thread/INFO]: [Chunky] Task running for Gabito. Processed: 243844 chunks (0.62%), ETA: 834:56:59, Rate: 12.9 cps, Current: 271, -187
[19:09:34] [Server thread/INFO]: [Chunky] Task running for Gabito. Processed: 243859 chunks (0.62%), ETA: 814:00:35, Rate: 13.3 cps, Current: 264, -182
[19:09:35] [Server thread/INFO]: [Chunky] Task running for Gabito. Processed: 243875 chunks (0.62%), ETA: 813:56:26, Rate: 13.3 cps, Current: 271, -183
[19:09:37] [Server thread/INFO]: [Chunky] Task running for Gabito. Processed: 243888 chunks (0.62%), ETA: 843:20:10, Rate: 12.8 cps, Current: 264, -179
[19:09:38] [Server thread/INFO]: [Chunky] Task running for Gabito. Processed: 243908 chunks (0.62%), ETA: 790:35:08, Rate: 13.6 cps, Current: 256, -184
[19:09:39] [Server thread/INFO]: [Chunky] Task running for Gabito. Processed: 243949 chunks (0.62%), ETA: 745:17:42, Rate: 14.5 cps, Current: 265, -177
[19:09:40] [Server thread/INFO]: [Chunky] Task running for Gabito. Processed: 243976 chunks (0.62%), ETA: 709:44:41, Rate: 15.2 cps, Current: 260, -176
[19:09:41] [Server thread/INFO]: [Chunky] Task running for Gabito. Processed: 243999 chunks (0.62%), ETA: 699:33:38, Rate: 15.4 cps, Current: 261, -174
[19:09:42] [Server thread/INFO]: [Chunky] Task running for Gabito. Processed: 244011 chunks (0.62%), ETA: 709:30:16, Rate: 15.2 cps, Current: 257, -170
[19:09:43] [Server thread/INFO]: [Chunky] Task running for Gabito. Processed: 244039 chunks (0.62%), ETA: 690:58:10, Rate: 15.6 cps, Current: 258, -169
[19:09:44] [Server thread/INFO]: [Chunky] Task running for Gabito. Processed: 244054 chunks (0.62%), ETA: 692:33:58, Rate: 15.6 cps, Current: 263, -171
[19:09:46] [Server thread/INFO]: [Chunky] Task running for Gabito. Processed: 244091 chunks (0.62%), ETA: 674:46:02, Rate: 16.0 cps, Current: 263, -167
[19:09:47] [Server thread/INFO]: [Chunky] Task running for Gabito. Processed: 244116 chunks (0.62%), ETA: 665:45:23, Rate: 16.2 cps, Current: 265, -168
[19:09:48] [Server thread/INFO]: [Chunky] Task running for Gabito. Processed: 244138 chunks (0.62%), ETA: 666:22:00, Rate: 16.2 cps, Current: 266, -168
[19:09:49] [Server thread/INFO]: [Chunky] Task running for Gabito. Processed: 244158 chunks (0.62%), ETA: 668:10:00, Rate: 16.1 cps, Current: 264, -173
[19:09:50] [Server thread/INFO]: [Chunky] Task running for Gabito. Processed: 244215 chunks (0.62%), ETA: 609:05:04, Rate: 17.7 cps, Current: 271, -167
[19:09:52] [Server thread/INFO]: [Chunky] Task running for Gabito. Processed: 244227 chunks (0.63%), ETA: 625:16:11, Rate: 17.3 cps, Current: 272, -174
[19:09:53] [Server thread/INFO]: [Chunky] Task running for Gabito. Processed: 244243 chunks (0.63%), ETA: 612:50:11, Rate: 17.6 cps, Current: 275, -172
[19:09:54] [Server thread/INFO]: [Chunky] Task running for Gabito. Processed: 244258 chunks (0.63%), ETA: 617:46:50, Rate: 17.5 cps, Current: 272, -170
[19:09:55] [Server thread/INFO]: [Chunky] Task running for Gabito. Processed: 244282 chunks (0.63%), ETA: 601:51:50, Rate: 17.9 cps, Current: 273, -167
[19:09:56] [Server thread/INFO]: [Chunky] Task running for Gabito. Processed: 244299 chunks (0.63%), ETA: 582:40:53, Rate: 18.5 cps, Current: 274, -168
[19:09:58] [Server thread/INFO]: [Chunky] Task running for Gabito. Processed: 244348 chunks (0.63%), ETA: 550:40:03, Rate: 19.6 cps, Current: 279, -163
[19:09:59] [Server thread/INFO]: [Chunky] Task running for Gabito. Processed: 244366 chunks (0.63%), ETA: 543:00:10, Rate: 19.9 cps, Current: 281, -163
[19:10:00] [Server thread/INFO]: [Chunky] Task running for Gabito. Processed: 244382 chunks (0.63%), ETA: 544:26:00, Rate: 19.8 cps, Current: 282, -167
[19:10:01] [Server thread/INFO]: [Chunky] Task running for Gabito. Processed: 244402 chunks (0.63%), ETA: 545:19:07, Rate: 19.8 cps, Current: 286, -163
[19:10:02] [Server thread/INFO]: [Chunky] Task running for Gabito. Processed: 244425 chunks (0.63%), ETA: 542:36:26, Rate: 19.9 cps, Current: 286, -167
[19:10:03] [Server thread/INFO]: [Chunky] Task running for Gabito. Processed: 244449 chunks (0.63%), ETA: 528:26:08, Rate: 20.4 cps, Current: 282, -174
[19:10:04] [Server thread/INFO]: [Chunky] Task running for Gabito. Processed: 244469 chunks (0.63%), ETA: 534:03:07, Rate: 20.2 cps, Current: 285, -174
[19:10:06] [Server thread/INFO]: [Chunky] Task running for Gabito. Processed: 244477 chunks (0.63%), ETA: 540:10:17, Rate: 20.0 cps, Current: 285, -178
[19:10:07] [Server thread/INFO]: [Chunky] Task running for Gabito. Processed: 244490 chunks (0.63%), ETA: 545:21:31, Rate: 19.8 cps, Current: 286, -178
[19:10:08] [Server thread/INFO]: [Chunky] Task running for Gabito. Processed: 244515 chunks (0.63%), ETA: 547:07:05, Rate: 19.7 cps, Current: 284, -183
[19:10:10] [Server thread/INFO]: [Chunky] Task running for Gabito. Processed: 244545 chunks (0.63%), ETA: 569:53:45, Rate: 18.9 cps, Current: 278, -178
[19:10:11] [Server thread/INFO]: [Chunky] Task running for Gabito. Processed: 244575 chunks (0.63%), ETA: 560:03:41, Rate: 19.3 cps, Current: 279, -180
[19:10:12] [Server thread/INFO]: [Chunky] Task running for Gabito. Processed: 244605 chunks (0.63%), ETA: 550:22:57, Rate: 19.6 cps, Current: 279, -185
[19:10:13] [Server thread/INFO]: [Chunky] Task running for Gabito. Processed: 244626 chunks (0.63%), ETA: 550:08:01, Rate: 19.6 cps, Current: 273, -187
[19:10:14] [Server thread/INFO]: [Chunky] Task running for Gabito. Processed: 244642 chunks (0.63%), ETA: 560:50:37, Rate: 19.2 cps, Current: 275, -188
[19:10:15] [Server thread/INFO]: [Chunky] Task running for Gabito. Processed: 244666 chunks (0.63%), ETA: 558:24:38, Rate: 19.3 cps, Current: 279, -190
[19:10:16] [Server thread/INFO]: [Chunky] Task running for Gabito. Processed: 244684 chunks (0.63%), ETA: 566:34:09, Rate: 19.0 cps, Current: 282, -187
[19:10:18] [Server thread/INFO]: [Chunky] Task running for Gabito. Processed: 244703 chunks (0.63%), ETA: 567:50:16, Rate: 19.0 cps, Current: 283, -189
[19:10:19] [Server thread/INFO]: [Chunky] Task running for Gabito. Processed: 244719 chunks (0.63%), ETA: 568:17:24, Rate: 19.0 cps, Current: 285, -189
[19:10:20] [Server thread/INFO]: [Chunky] Task running for Gabito. Processed: 244730 chunks (0.63%), ETA: 615:40:10, Rate: 17.5 cps, Current: 287, -187
[19:10:21] [Server thread/INFO]: [Chunky] Task running for Gabito. Processed: 244745 chunks (0.63%), ETA: 610:24:23, Rate: 17.7 cps, Current: 287, -189
[19:10:22] [Server thread/INFO]: [Chunky] Task running for Gabito. Processed: 244757 chunks (0.63%), ETA: 617:38:22, Rate: 17.5 cps, Current: 287, -191
[19:10:23] [Server thread/INFO]: [Chunky] Task running for Gabito. Processed: 244766 chunks (0.63%), ETA: 620:23:06, Rate: 17.4 cps, Current: 260, -220
[19:10:25] [Server thread/INFO]: [Chunky] Task running for Gabito. Processed: 244776 chunks (0.63%), ETA: 639:10:24, Rate: 16.9 cps, Current: 261, -218
[19:10:26] [Server thread/INFO]: [Chunky] Task running for Gabito. Processed: 244786 chunks (0.63%), ETA: 650:45:03, Rate: 16.6 cps, Current: 260, -224
[19:10:27] [Server thread/INFO]: [Chunky] Task running for Gabito. Processed: 244801 chunks (0.63%), ETA: 695:05:24, Rate: 15.5 cps, Current: 266, -222
[19:10:28] [Server thread/INFO]: [Chunky] Task running for Gabito. Processed: 244810 chunks (0.63%), ETA: 713:45:11, Rate: 15.1 cps, Current: 266, -223
[19:10:30] [Server thread/INFO]: [Chunky] Task running for Gabito. Processed: 244836 chunks (0.63%), ETA: 706:43:06, Rate: 15.3 cps, Current: 270, -221
[19:10:31] [Server thread/INFO]: [Chunky] Task running for Gabito. Processed: 244854 chunks (0.63%), ETA: 706:20:17, Rate: 15.3 cps, Current: 270, -218
[19:10:32] [Server thread/INFO]: [Chunky] Task running for Gabito. Processed: 244869 chunks (0.63%), ETA: 721:01:25, Rate: 15.0 cps, Current: 270, -217
[19:10:33] [Server thread/INFO]: [Chunky] Task running for Gabito. Processed: 244883 chunks (0.63%), ETA: 732:41:20, Rate: 14.7 cps, Current: 264, -214
[19:10:34] [Server thread/INFO]: [Chunky] Task running for Gabito. Processed: 244898 chunks (0.63%), ETA: 742:56:32, Rate: 14.5 cps, Current: 266, -212
[19:10:35] [Server thread/INFO]: [Chunky] Task running for Gabito. Processed: 244912 chunks (0.63%), ETA: 727:34:58, Rate: 14.8 cps, Current: 268, -210
[19:10:36] [Server thread/INFO]: [Chunky] Task running for Gabito. Processed: 244921 chunks (0.63%), ETA: 728:37:58, Rate: 14.8 cps, Current: 271, -212
[19:10:37] [Server thread/INFO]: [Chunky] Task running for Gabito. Processed: 244958 chunks (0.63%), ETA: 695:09:01, Rate: 15.5 cps, Current: 260, -214
[19:10:38] [Server thread/INFO]: [Chunky] Task running for Gabito. Processed: 244996 chunks (0.63%), ETA: 660:52:48, Rate: 16.3 cps, Current: 256, -205
[19:10:39] [Server thread/INFO]: [Chunky] Task running for Gabito. Processed: 245011 chunks (0.63%), ETA: 673:07:37, Rate: 16.0 cps, Current: 263, -208
[19:10:40] [Server thread/INFO]: [Chunky] Task running for Gabito. Processed: 245033 chunks (0.63%), ETA: 684:37:25, Rate: 15.8 cps, Current: 256, -202
[19:10:41] [Server thread/INFO]: [Chunky] Task running for Gabito. Processed: 245063 chunks (0.63%), ETA: 687:37:51, Rate: 15.7 cps, Current: 258, -201
[19:10:42] [Server thread/INFO]: [Chunky] Task running for Gabito. Processed: 245081 chunks (0.63%), ETA: 690:49:48, Rate: 15.6 cps, Current: 262, -193
[19:10:44] [Server thread/INFO]: [Chunky] Task running for Gabito. Processed: 245121 chunks (0.63%), ETA: 663:00:24, Rate: 16.3 cps, Current: 264, -200
[19:10:45] [Server thread/INFO]: [Chunky] Task running for Gabito. Processed: 245142 chunks (0.63%), ETA: 665:53:14, Rate: 16.2 cps, Current: 268, -194
[19:10:46] [Server thread/INFO]: [Chunky] Task running for Gabito. Processed: 245161 chunks (0.63%), ETA: 663:16:31, Rate: 16.3 cps, Current: 268, -197
[19:10:47] [Server thread/INFO]: [Chunky] Task running for Gabito. Processed: 245182 chunks (0.63%), ETA: 662:17:11, Rate: 16.3 cps, Current: 270, -198
[19:10:48] [Server thread/INFO]: [Chunky] Task running for Gabito. Processed: 245229 chunks (0.63%), ETA: 623:42:43, Rate: 17.3 cps, Current: 269, -208
[19:10:50] [Server thread/INFO]: [Chunky] Task running for Gabito. Processed: 245250 chunks (0.63%), ETA: 617:01:10, Rate: 17.5 cps, Current: 272, -207
[19:10:51] [Server thread/INFO]: [Chunky] Task running for Gabito. Processed: 245254 chunks (0.63%), ETA: 623:53:54, Rate: 17.3 cps, Current: 274, -206
[19:10:52] [Server thread/INFO]: [Chunky] Task running for Gabito. Processed: 245272 chunks (0.63%), ETA: 615:42:10, Rate: 17.5 cps, Current: 277, -204
[19:10:53] [Server thread/INFO]: [Chunky] Task running for Gabito. Processed: 245286 chunks (0.63%), ETA: 612:48:58, Rate: 17.6 cps, Current: 278, -205
[19:10:54] [Server thread/INFO]: [Chunky] Task running for Gabito. Processed: 245305 chunks (0.63%), ETA: 602:25:48, Rate: 17.9 cps, Current: 273, -200
[19:10:56] [Server thread/INFO]: [Chunky] Task running for Gabito. Processed: 245321 chunks (0.63%), ETA: 605:13:04, Rate: 17.8 cps, Current: 279, -204
[19:10:58] [Server thread/INFO]: [Chunky] Task running for Gabito. Processed: 245332 chunks (0.63%), ETA: 608:03:33, Rate: 17.7 cps, Current: 275, -201
[19:10:59] [Server thread/INFO]: [Chunky] Task running for Gabito. Processed: 245341 chunks (0.63%), ETA: 629:28:06, Rate: 17.1 cps, Current: 275, -200
[19:11:01] [Server thread/INFO]: [Chunky] Task running for Gabito. Processed: 245363 chunks (0.63%), ETA: 645:00:12, Rate: 16.7 cps, Current: 278, -194
[19:11:02] [Server thread/INFO]: [Chunky] Task running for Gabito. Processed: 245372 chunks (0.63%), ETA: 651:37:44, Rate: 16.6 cps, Current: 279, -199
[19:11:03] [Server thread/INFO]: [Chunky] Task running for Gabito. Processed: 245393 chunks (0.63%), ETA: 642:57:47, Rate: 16.8 cps, Current: 281, -199
[19:11:04] [Server thread/INFO]: [Chunky] Task running for Gabito. Processed: 245400 chunks (0.63%), ETA: 652:53:41, Rate: 16.5 cps, Current: 284, -194
[19:11:06] [Server thread/INFO]: [Chunky] Task running for Gabito. Processed: 245414 chunks (0.63%), ETA: 650:07:45, Rate: 16.6 cps, Current: 283, -197
[19:11:07] [Server thread/INFO]: [Chunky] Task running for Gabito. Processed: 245421 chunks (0.63%), ETA: 691:25:09, Rate: 15.6 cps, Current: 285, -197
[19:11:08] [Server thread/INFO]: [Chunky] Task running for Gabito. Processed: 245434 chunks (0.63%), ETA: 733:19:28, Rate: 14.7 cps, Current: 286, -196
[19:11:09] [Server thread/INFO]: [Chunky] Task running for Gabito. Processed: 245448 chunks (0.63%), ETA: 754:33:08, Rate: 14.3 cps, Current: 286, -199
[19:11:10] [Server thread/INFO]: [Chunky] Task running for Gabito. Processed: 245455 chunks (0.63%), ETA: 793:18:18, Rate: 13.6 cps, Current: 286, -201
[19:11:11] [Server thread/INFO]: [Chunky] Task running for Gabito. Processed: 245471 chunks (0.63%), ETA: 789:52:54, Rate: 13.7 cps, Current: 283, -204
[19:11:12] [Server thread/INFO]: [Chunky] Task running for Gabito. Processed: 245491 chunks (0.63%), ETA: 787:17:50, Rate: 13.7 cps, Current: 282, -208
[19:11:14] [Server thread/INFO]: [Chunky] Task running for Gabito. Processed: 245498 chunks (0.63%), ETA: 849:57:06, Rate: 12.7 cps, Current: 286, -206
[19:11:15] [Server thread/INFO]: [Chunky] Task running for Gabito. Processed: 245504 chunks (0.63%), ETA: 885:09:45, Rate: 12.2 cps, Current: 286, -208
[19:11:16] [Server thread/INFO]: [Chunky] Task running for Gabito. Processed: 245514 chunks (0.63%), ETA: 910:50:07, Rate: 11.8 cps, Current: 286, -210
[19:11:17] [Server thread/INFO]: [Chunky] Task running for Gabito. Processed: 245530 chunks (0.63%), ETA: 915:41:39, Rate: 11.8 cps, Current: 282, -213
[19:11:18] [Server thread/INFO]: [Chunky] Task running for Gabito. Processed: 245539 chunks (0.63%), ETA: 1039:28:31, Rate: 10.4 cps, Current: 287, -211
[19:11:19] [Server thread/INFO]: [Chunky] Task running for Gabito. Processed: 245569 chunks (0.63%), ETA: 1000:52:08, Rate: 10.8 cps, Current: 278, -210
[19:11:20] [Server thread/INFO]: [Chunky] Task running for Gabito. Processed: 245579 chunks (0.63%), ETA: 988:32:08, Rate: 10.9 cps, Current: 272, -211
[19:11:22] [Server thread/INFO]: [Chunky] Task running for Gabito. Processed: 245612 chunks (0.63%), ETA: 946:01:53, Rate: 11.4 cps, Current: 273, -214
[19:11:23] [Server thread/INFO]: [Chunky] Task running for Gabito. Processed: 245634 chunks (0.63%), ETA: 918:26:32, Rate: 11.7 cps, Current: 278, -217
[19:11:24] [Server thread/INFO]: [Chunky] Task running for Gabito. Processed: 245656 chunks (0.63%), ETA: 907:34:50, Rate: 11.9 cps, Current: 272, -224
[19:11:25] [Server thread/INFO]: [Chunky] Task running for Gabito. Processed: 245675 chunks (0.63%), ETA: 870:06:18, Rate: 12.4 cps, Current: 273, -223
[19:11:26] [Server thread/INFO]: [Chunky] Task running for Gabito. Processed: 245700 chunks (0.63%), ETA: 841:48:44, Rate: 12.8 cps, Current: 282, -217
[19:11:27] [Server thread/INFO]: [Chunky] Task running for Gabito. Processed: 245702 chunks (0.63%), ETA: 850:48:29, Rate: 12.7 cps, Current: 277, -223
[19:11:30] [Server thread/INFO]: [Chunky] Task running for Gabito. Processed: 245723 chunks (0.63%), ETA: 845:29:02, Rate: 12.8 cps, Current: 285, -218
[19:11:31] [Server thread/INFO]: [Chunky] Task running for Gabito. Processed: 245726 chunks (0.63%), ETA: 879:40:26, Rate: 12.3 cps, Current: 278, -224
[19:11:32] [Server thread/INFO]: [Chunky] Task running for Gabito. Processed: 245741 chunks (0.63%), ETA: 865:31:30, Rate: 12.5 cps, Current: 284, -222
[19:11:33] [Server thread/INFO]: [Chunky] Task running for Gabito. Processed: 245745 chunks (0.63%), ETA: 912:46:07, Rate: 11.8 cps, Current: 285, -222
[19:11:35] [Server thread/INFO]: [Chunky] Task running for Gabito. Processed: 245751 chunks (0.63%), ETA: 923:58:54, Rate: 11.7 cps, Current: 285, -223
[19:11:36] [Server thread/INFO]: [Chunky] Task running for Gabito. Processed: 245755 chunks (0.63%), ETA: 939:30:01, Rate: 11.5 cps, Current: 258, -254
[19:11:37] [Server thread/INFO]: [Chunky] Task running for Gabito. Processed: 245763 chunks (0.63%), ETA: 956:07:15, Rate: 11.3 cps, Current: 258, -251
[19:11:38] [Server thread/INFO]: [Chunky] Task running for Gabito. Processed: 245770 chunks (0.63%), ETA: 973:12:06, Rate: 11.1 cps, Current: 287, -224
[19:11:40] [Server thread/INFO]: [Chunky] Task running for Gabito. Processed: 245784 chunks (0.63%), ETA: 967:19:52, Rate: 11.2 cps, Current: 259, -250
[19:11:41] [Server thread/INFO]: [Chunky] Task running for Gabito. Processed: 245791 chunks (0.63%), ETA: 992:56:25, Rate: 10.9 cps, Current: 260, -250
[19:11:42] [Server thread/INFO]: [Chunky] Task running for Gabito. Processed: 245811 chunks (0.63%), ETA: 993:11:40, Rate: 10.9 cps, Current: 261, -249
[19:11:44] [Server thread/INFO]: [Chunky] Task running for Gabito. Processed: 245825 chunks (0.63%), ETA: 971:19:56, Rate: 11.1 cps, Current: 266, -254
[19:11:45] [Server thread/INFO]: [Chunky] Task running for Gabito. Processed: 245836 chunks (0.63%), ETA: 967:43:25, Rate: 11.1 cps, Current: 266, -255
[19:11:46] [Server thread/INFO]: [Chunky] Task running for Gabito. Processed: 245860 chunks (0.63%), ETA: 946:32:59, Rate: 11.4 cps, Current: 266, -256
[19:11:47] [Server thread/INFO]: [Chunky] Task running for Gabito. Processed: 245870 chunks (0.63%), ETA: 931:46:32, Rate: 11.6 cps, Current: 271, -256
[19:11:48] [Server thread/INFO]: [Chunky] Task running for Gabito. Processed: 245888 chunks (0.63%), ETA: 916:46:03, Rate: 11.8 cps, Current: 271, -251
[19:11:49] [Server thread/INFO]: [Chunky] Task running for Gabito. Processed: 245905 chunks (0.63%), ETA: 955:14:12, Rate: 11.3 cps, Current: 270, -248
[19:11:50] [Server thread/INFO]: [Chunky] Task running for Gabito. Processed: 245918 chunks (0.63%), ETA: 944:48:33, Rate: 11.4 cps, Current: 264, -245
[19:11:51] [Server thread/INFO]: [Chunky] Task running for Gabito. Processed: 245934 chunks (0.63%), ETA: 991:37:49, Rate: 10.9 cps, Current: 269, -242
[19:11:52] [Server thread/INFO]: [Chunky] Task running for Gabito. Processed: 245951 chunks (0.63%), ETA: 1006:42:46, Rate: 10.7 cps, Current: 271, -242
[19:11:53] [Server thread/INFO]: [Chunky] Task running for Gabito. Processed: 245972 chunks (0.63%), ETA: 1008:13:15, Rate: 10.7 cps, Current: 261, -243
[19:11:54] [Server thread/INFO]: [Chunky] Task running for Gabito. Processed: 245987 chunks (0.63%), ETA: 1021:49:43, Rate: 10.6 cps, Current: 262, -241
[19:11:56] [Server thread/INFO]: [Chunky] Task running for Gabito. Processed: 246004 chunks (0.63%), ETA: 1051:57:16, Rate: 10.3 cps, Current: 257, -246
[19:11:57] [Server thread/INFO]: [Chunky] Task running for Gabito. Processed: 246019 chunks (0.63%), ETA: 1014:08:21, Rate: 10.6 cps, Current: 257, -243
[19:11:58] [Server thread/INFO]: [Chunky] Task running for Gabito. Processed: 246033 chunks (0.63%), ETA: 981:45:10, Rate: 11.0 cps, Current: 262, -238
[19:11:59] [Server thread/INFO]: [Chunky] Task running for Gabito. Processed: 246051 chunks (0.63%), ETA: 977:06:59, Rate: 11.0 cps, Current: 262, -236
[19:12:01] [Server thread/INFO]: [Chunky] Task running for Gabito. Processed: 246062 chunks (0.63%), ETA: 944:47:56, Rate: 11.4 cps, Current: 258, -235
[19:12:02] [Server thread/INFO]: [Chunky] Task running for Gabito. Processed: 246068 chunks (0.63%), ETA: 978:19:09, Rate: 11.0 cps, Current: 263, -235
[19:12:03] [Server thread/INFO]: [Chunky] Task running for Gabito. Processed: 246105 chunks (0.63%), ETA: 881:00:00, Rate: 12.2 cps, Current: 256, -226
[19:12:04] [Server thread/INFO]: [Chunky] Task running for Gabito. Processed: 246131 chunks (0.63%), ETA: 828:24:41, Rate: 13.0 cps, Current: 263, -225
[19:12:05] [Server thread/INFO]: [Chunky] Task running for Gabito. Processed: 246161 chunks (0.63%), ETA: 775:35:46, Rate: 13.9 cps, Current: 267, -225
[19:12:06] [Server thread/INFO]: [Chunky] Task running for Gabito. Processed: 246182 chunks (0.63%), ETA: 748:05:48, Rate: 14.4 cps, Current: 267, -229
[19:12:07] [Server thread/INFO]: [Chunky] Task running for Gabito. Processed: 246202 chunks (0.63%), ETA: 720:00:24, Rate: 15.0 cps, Current: 269, -232
[19:12:08] [Server thread/INFO]: [Chunky] Task running for Gabito. Processed: 246225 chunks (0.63%), ETA: 707:29:06, Rate: 15.2 cps, Current: 270, -231
[19:12:10] [Server thread/INFO]: [Chunky] Task running for Gabito. Processed: 246263 chunks (0.63%), ETA: 668:57:51, Rate: 16.1 cps, Current: 271, -240
[19:12:12] [Server thread/INFO]: [Chunky] Task running for Gabito. Processed: 246275 chunks (0.63%), ETA: 676:01:24, Rate: 16.0 cps, Current: 273, -239
[19:12:13] [Server thread/INFO]: [Chunky] Task running for Gabito. Processed: 246292 chunks (0.63%), ETA: 669:25:51, Rate: 16.1 cps, Current: 273, -236
[19:12:14] [Server thread/INFO]: [Chunky] Task running for Gabito. Processed: 246310 chunks (0.63%), ETA: 660:17:31, Rate: 16.3 cps, Current: 278, -237
[19:12:15] [Server thread/INFO]: [Chunky] Task running for Gabito. Processed: 246330 chunks (0.63%), ETA: 664:15:02, Rate: 16.2 cps, Current: 276, -240
[19:12:16] [Server thread/INFO]: [Chunky] Task running for Gabito. Processed: 246350 chunks (0.63%), ETA: 649:42:01, Rate: 16.6 cps, Current: 277, -233
[19:12:17] [Server thread/INFO]: [Chunky] Task running for Gabito. Processed: 246387 chunks (0.63%), ETA: 625:56:19, Rate: 17.2 cps, Current: 278, -226
[19:12:18] [Server thread/INFO]: [Chunky] Task running for Gabito. Processed: 246402 chunks (0.63%), ETA: 633:14:19, Rate: 17.0 cps, Current: 280, -225
[19:12:20] [Server thread/INFO]: [Chunky] Task running for Gabito. Processed: 246417 chunks (0.63%), ETA: 631:48:20, Rate: 17.1 cps, Current: 281, -231
[19:12:21] [Server thread/INFO]: [Chunky] Task running for Gabito. Processed: 246439 chunks (0.63%), ETA: 626:30:32, Rate: 17.2 cps, Current: 284, -229
[19:12:22] [Server thread/INFO]: [Chunky] Task running for Gabito. Processed: 246457 chunks (0.63%), ETA: 621:19:42, Rate: 17.4 cps, Current: 286, -227
[19:12:23] [Server thread/INFO]: [Chunky] Task running for Gabito. Processed: 246475 chunks (0.63%), ETA: 628:03:11, Rate: 17.2 cps, Current: 281, -236
[19:12:24] [Server thread/INFO]: [Chunky] Task running for Gabito. Processed: 246496 chunks (0.63%), ETA: 622:15:00, Rate: 17.3 cps, Current: 287, -232
[19:12:25] [Server thread/INFO]: [Chunky] Task running for Gabito. Processed: 246501 chunks (0.63%), ETA: 636:43:26, Rate: 16.9 cps, Current: 283, -237
[19:12:26] [Server thread/INFO]: [Chunky] Task running for Gabito. Processed: 246517 chunks (0.63%), ETA: 633:19:46, Rate: 17.0 cps, Current: 285, -238
[19:12:27] [Server thread/INFO]: [Chunky] Task running for Gabito. Processed: 246524 chunks (0.63%), ETA: 644:30:38, Rate: 16.7 cps, Current: 285, -241
[19:12:29] [Server thread/INFO]: [Chunky] Task running for Gabito. Processed: 246538 chunks (0.63%), ETA: 653:09:09, Rate: 16.5 cps, Current: 286, -242
[19:12:31] [Server thread/INFO]: [Chunky] Task running for Gabito. Processed: 246563 chunks (0.63%), ETA: 637:03:02, Rate: 16.9 cps, Current: 284, -247
[19:12:32] [Server thread/INFO]: [Chunky] Task running for Gabito. Processed: 246592 chunks (0.63%), ETA: 647:07:04, Rate: 16.7 cps, Current: 278, -242
[19:12:33] [Server thread/INFO]: [Chunky] Task running for Gabito. Processed: 246614 chunks (0.63%), ETA: 650:57:01, Rate: 16.6 cps, Current: 280, -246
[19:12:34] [Server thread/INFO]: [Chunky] Task running for Gabito. Processed: 246652 chunks (0.63%), ETA: 636:52:46, Rate: 16.9 cps, Current: 278, -248
[19:12:36] [Server thread/INFO]: [Chunky] Task running for Gabito. Processed: 246673 chunks (0.63%), ETA: 640:42:56, Rate: 16.8 cps, Current: 272, -253
[19:12:37] [Server thread/INFO]: [Chunky] Task running for Gabito. Processed: 246692 chunks (0.63%), ETA: 642:31:31, Rate: 16.8 cps, Current: 275, -253
[19:12:38] [Server thread/INFO]: [Chunky] Task running for Gabito. Processed: 246714 chunks (0.63%), ETA: 645:49:02, Rate: 16.7 cps, Current: 279, -254
[19:12:39] [Server thread/INFO]: [Chunky] Task running for Gabito. Processed: 246728 chunks (0.63%), ETA: 677:38:35, Rate: 15.9 cps, Current: 278, -255
[19:12:40] [Server thread/INFO]: [Chunky] Task running for Gabito. Processed: 246747 chunks (0.63%), ETA: 647:21:56, Rate: 16.7 cps, Current: 285, -250
[19:12:41] [Server thread/INFO]: [Chunky] Task running for Gabito. Processed: 246763 chunks (0.63%), ETA: 648:31:36, Rate: 16.6 cps, Current: 284, -253
[19:12:42] [Server thread/INFO]: [Chunky] Task running for Gabito. Processed: 246770 chunks (0.63%), ETA: 664:19:03, Rate: 16.2 cps, Current: 285, -254
[19:12:44] [Server thread/INFO]: [Chunky] Task running for Gabito. Processed: 246772 chunks (0.63%), ETA: 695:03:18, Rate: 15.5 cps, Current: 286, -253
[19:12:45] [Server thread/INFO]: [Chunky] Task running for Gabito. Processed: 246776 chunks (0.63%), ETA: 735:34:08, Rate: 14.7 cps, Current: 286, -254
[19:12:46] [Server thread/INFO]: [Chunky] Task running for Gabito. Processed: 246784 chunks (0.63%), ETA: 786:46:51, Rate: 13.7 cps, Current: 225, -255
[19:12:47] [Server thread/INFO]: [Chunky] Task running for Gabito. Processed: 246793 chunks (0.63%), ETA: 794:21:57, Rate: 13.6 cps, Current: 225, -250
[19:12:48] [Server thread/INFO]: [Chunky] Task running for Gabito. Processed: 246802 chunks (0.63%), ETA: 805:59:20, Rate: 13.4 cps, Current: 228, -251
[19:12:50] [Server thread/INFO]: [Chunky] Task running for Gabito. Processed: 246813 chunks (0.63%), ETA: 813:45:23, Rate: 13.3 cps, Current: 229, -251
[19:12:51] [Server thread/INFO]: [Chunky] Task running for Gabito. Processed: 246833 chunks (0.63%), ETA: 815:00:33, Rate: 13.2 cps, Current: 228, -249
[19:12:52] [Server thread/INFO]: [Chunky] Task running for Gabito. Processed: 246837 chunks (0.63%), ETA: 862:02:45, Rate: 12.5 cps, Current: 230, -249
[19:12:53] [Server thread/INFO]: [Chunky] Task running for Gabito. Processed: 246854 chunks (0.63%), ETA: 870:53:57, Rate: 12.4 cps, Current: 234, -253
[19:12:54] [Server thread/INFO]: [Chunky] Task running for Gabito. Processed: 246877 chunks (0.63%), ETA: 827:29:11, Rate: 13.0 cps, Current: 233, -251
[19:12:55] [Server thread/INFO]: [Chunky] Task running for Gabito. Processed: 246888 chunks (0.63%), ETA: 833:17:52, Rate: 12.9 cps, Current: 238, -252
[19:12:56] [Server thread/INFO]: [Chunky] Task running for Gabito. Processed: 246912 chunks (0.63%), ETA: 801:10:58, Rate: 13.5 cps, Current: 239, -251
[19:12:57] [Server thread/INFO]: [Chunky] Task running for Gabito. Processed: 246929 chunks (0.63%), ETA: 782:41:49, Rate: 13.8 cps, Current: 238, -248
[19:12:58] [Server thread/INFO]: [Chunky] Task running for Gabito. Processed: 246939 chunks (0.63%), ETA: 790:13:03, Rate: 13.6 cps, Current: 235, -245
[19:12:59] [Server thread/INFO]: [Chunky] Task running for Gabito. Processed: 246960 chunks (0.63%), ETA: 769:55:17, Rate: 14.0 cps, Current: 235, -242
[19:13:01] [Server thread/INFO]: [Chunky] Task running for Gabito. Processed: 246980 chunks (0.63%), ETA: 761:27:56, Rate: 14.2 cps, Current: 237, -241
[19:13:02] [Server thread/INFO]: [Chunky] Task running for Gabito. Processed: 247002 chunks (0.63%), ETA: 775:27:28, Rate: 13.9 cps, Current: 233, -241
[19:13:03] [Server thread/INFO]: [Chunky] Task running for Gabito. Processed: 247024 chunks (0.63%), ETA: 776:31:59, Rate: 13.9 cps, Current: 224, -247
[19:13:04] [Server thread/INFO]: [Chunky] Task running for Gabito. Processed: 247034 chunks (0.63%), ETA: 830:49:30, Rate: 13.0 cps, Current: 225, -244
[19:13:05] [Server thread/INFO]: [Chunky] Task running for Gabito. Processed: 247050 chunks (0.63%), ETA: 838:13:09, Rate: 12.9 cps, Current: 224, -245
[19:13:06] [Server thread/INFO]: [Chunky] Task running for Gabito. Processed: 247061 chunks (0.63%), ETA: 865:54:13, Rate: 12.5 cps, Current: 228, -237
[19:13:08] [Server thread/INFO]: [Chunky] Task running for Gabito. Processed: 247082 chunks (0.63%), ETA: 878:34:04, Rate: 12.3 cps, Current: 227, -234
[19:13:09] [Server thread/INFO]: [Chunky] Task running for Gabito. Processed: 247089 chunks (0.63%), ETA: 889:07:15, Rate: 12.1 cps, Current: 231, -236
[19:13:10] [Server thread/INFO]: [Chunky] Task running for Gabito. Processed: 247121 chunks (0.63%), ETA: 872:38:09, Rate: 12.4 cps, Current: 227, -226
[19:13:11] [Server thread/INFO]: [Chunky] Task running for Gabito. Processed: 247145 chunks (0.63%), ETA: 831:13:49, Rate: 13.0 cps, Current: 229, -232
[19:13:12] [Server thread/INFO]: [Chunky] Task running for Gabito. Processed: 247183 chunks (0.63%), ETA: 748:57:51, Rate: 14.4 cps, Current: 234, -225
[19:13:13] [Server thread/INFO]: [Chunky] Task running for Gabito. Processed: 247201 chunks (0.63%), ETA: 742:47:41, Rate: 14.5 cps, Current: 237, -226
[19:13:14] [Server thread/INFO]: [Chunky] Task running for Gabito. Processed: 247217 chunks (0.63%), ETA: 715:09:40, Rate: 15.1 cps, Current: 239, -226
[19:13:15] [Server thread/INFO]: [Chunky] Task running for Gabito. Processed: 247250 chunks (0.63%), ETA: 678:21:14, Rate: 15.9 cps, Current: 238, -231
[19:13:16] [Server thread/INFO]: [Chunky] Task running for Gabito. Processed: 247282 chunks (0.63%), ETA: 641:30:56, Rate: 16.8 cps, Current: 238, -240
[19:13:18] [Server thread/INFO]: [Chunky] Task running for Gabito. Processed: 247298 chunks (0.63%), ETA: 635:53:13, Rate: 17.0 cps, Current: 240, -239
[19:13:19] [Server thread/INFO]: [Chunky] Task running for Gabito. Processed: 247303 chunks (0.63%), ETA: 640:11:12, Rate: 16.8 cps, Current: 240, -237
[19:13:20] [Server thread/INFO]: [Chunky] Task running for Gabito. Processed: 247326 chunks (0.63%), ETA: 637:44:23, Rate: 16.9 cps, Current: 243, -239
[19:13:21] [Server thread/INFO]: [Chunky] Task running for Gabito. Processed: 247346 chunks (0.63%), ETA: 615:16:43, Rate: 17.5 cps, Current: 243, -240
[19:13:22] [Server thread/INFO]: [Chunky] Task running for Gabito. Processed: 247364 chunks (0.63%), ETA: 617:51:08, Rate: 17.5 cps, Current: 246, -240
[19:13:23] [Server thread/INFO]: [Chunky] Task running for Gabito. Processed: 247369 chunks (0.63%), ETA: 642:51:40, Rate: 16.8 cps, Current: 247, -236
[19:13:24] [Server thread/INFO]: [Chunky] Task running for Gabito. Processed: 247410 chunks (0.63%), ETA: 608:56:02, Rate: 17.7 cps, Current: 247, -225
[19:13:26] [Server thread/INFO]: [Chunky] Task running for Gabito. Processed: 247425 chunks (0.63%), ETA: 618:03:51, Rate: 17.5 cps, Current: 248, -232
[19:13:27] [Server thread/INFO]: [Chunky] Task running for Gabito. Processed: 247489 chunks (0.63%), ETA: 566:08:52, Rate: 19.1 cps, Current: 255, -233
[19:13:28] [Server thread/INFO]: [Chunky] Task running for Gabito. Processed: 247521 chunks (0.63%), ETA: 546:28:01, Rate: 19.7 cps, Current: 255, -237
[19:13:29] [Server thread/INFO]: [Chunky] Task running for Gabito. Processed: 247553 chunks (0.63%), ETA: 537:22:54, Rate: 20.1 cps, Current: 255, -241
[19:13:31] [Server thread/INFO]: [Chunky] Task running for Gabito. Processed: 247558 chunks (0.63%), ETA: 563:36:35, Rate: 19.1 cps, Current: 255, -245
[19:13:32] [Server thread/INFO]: [Chunky] Task running for Gabito. Processed: 247589 chunks (0.63%), ETA: 555:29:08, Rate: 19.4 cps, Current: 250, -245
[19:13:33] [Server thread/INFO]: [Chunky] Task running for Gabito. Processed: 247612 chunks (0.63%), ETA: 545:32:48, Rate: 19.8 cps, Current: 249, -246
[19:13:34] [Server thread/INFO]: [Chunky] Task running for Gabito. Processed: 247633 chunks (0.63%), ETA: 539:34:58, Rate: 20.0 cps, Current: 252, -248
[19:13:36] [Server thread/INFO]: [Chunky] Task running for Gabito. Processed: 247681 chunks (0.63%), ETA: 516:08:22, Rate: 20.9 cps, Current: 246, -249
[19:13:37] [Server thread/INFO]: [Chunky] Task running for Gabito. Processed: 247706 chunks (0.63%), ETA: 506:44:28, Rate: 21.3 cps, Current: 242, -251
[19:13:38] [Server thread/INFO]: [Chunky] Task running for Gabito. Processed: 247730 chunks (0.63%), ETA: 494:04:36, Rate: 21.8 cps, Current: 245, -254
[19:13:39] [Server thread/INFO]: [Chunky] Task running for Gabito. Processed: 247762 chunks (0.63%), ETA: 490:29:52, Rate: 22.0 cps, Current: 250, -251
[19:13:40] [Server thread/INFO]: [Chunky] Task running for Gabito. Processed: 247799 chunks (0.63%), ETA: 481:41:04, Rate: 22.4 cps, Current: 246, -256
[19:13:45] [Server thread/INFO]: [Chunky] Task running for Gabito. Processed: 247809 chunks (0.63%), ETA: 564:29:47, Rate: 19.1 cps, Current: 194, -251
[19:13:47] [Server thread/INFO]: [Chunky] Task running for Gabito. Processed: 247829 chunks (0.63%), ETA: 589:00:59, Rate: 18.3 cps, Current: 197, -250
[19:13:48] [Server thread/INFO]: [Chunky] Task running for Gabito. Processed: 247858 chunks (0.63%), ETA: 570:13:30, Rate: 18.9 cps, Current: 199, -254
[19:13:49] [Server thread/INFO]: [Chunky] Task running for Gabito. Processed: 247867 chunks (0.63%), ETA: 583:38:26, Rate: 18.5 cps, Current: 197, -255
[19:13:50] [Server thread/INFO]: [Chunky] Task running for Gabito. Processed: 247876 chunks (0.63%), ETA: 599:11:02, Rate: 18.0 cps, Current: 197, -256
[19:13:52] [Server thread/INFO]: [Chunky] Task running for Gabito. Processed: 247907 chunks (0.63%), ETA: 582:41:02, Rate: 18.5 cps, Current: 202, -256
[19:13:53] [Server thread/INFO]: [Chunky] Task running for Gabito. Processed: 247918 chunks (0.63%), ETA: 573:50:12, Rate: 18.8 cps, Current: 200, -249
[19:13:54] [Server thread/INFO]: [Chunky] Task running for Gabito. Processed: 247934 chunks (0.63%), ETA: 599:32:21, Rate: 18.0 cps, Current: 207, -252
[19:13:55] [Server thread/INFO]: [Chunky] Task running for Gabito. Processed: 247953 chunks (0.63%), ETA: 594:05:17, Rate: 18.2 cps, Current: 206, -248
[19:13:56] [Server thread/INFO]: [Chunky] Task running for Gabito. Processed: 247966 chunks (0.63%), ETA: 655:33:21, Rate: 16.5 cps, Current: 205, -243
[19:13:57] [Server thread/INFO]: [Chunky] Task running for Gabito. Processed: 247982 chunks (0.63%), ETA: 677:08:18, Rate: 15.9 cps, Current: 205, -242
[19:13:58] [Server thread/INFO]: [Chunky] Task running for Gabito. Processed: 248006 chunks (0.63%), ETA: 688:17:09, Rate: 15.7 cps, Current: 196, -248
[19:13:59] [Server thread/INFO]: [Chunky] Task running for Gabito. Processed: 248028 chunks (0.63%), ETA: 650:12:27, Rate: 16.6 cps, Current: 200, -241
[19:14:00] [Server thread/INFO]: [Chunky] Task running for Gabito. Processed: 248048 chunks (0.63%), ETA: 646:52:27, Rate: 16.7 cps, Current: 192, -247
[19:14:01] [Server thread/INFO]: [Chunky] Task running for Gabito. Processed: 248058 chunks (0.63%), ETA: 673:31:41, Rate: 16.0 cps, Current: 193, -244
[19:14:02] [Server thread/INFO]: [Chunky] Task running for Gabito. Processed: 248076 chunks (0.63%), ETA: 678:40:57, Rate: 15.9 cps, Current: 196, -238
[19:14:03] [Server thread/INFO]: [Chunky] Task running for Gabito. Processed: 248084 chunks (0.63%), ETA: 701:25:24, Rate: 15.4 cps, Current: 197, -236
[19:14:05] [Server thread/INFO]: [Chunky] Task running for Gabito. Processed: 248099 chunks (0.63%), ETA: 747:59:30, Rate: 14.4 cps, Current: 195, -236
[19:14:06] [Server thread/INFO]: [Chunky] Task running for Gabito. Processed: 248106 chunks (0.63%), ETA: 778:55:53, Rate: 13.8 cps, Current: 194, -235
[19:14:07] [Server thread/INFO]: [Chunky] Task running for Gabito. Processed: 248115 chunks (0.63%), ETA: 807:16:22, Rate: 13.4 cps, Current: 193, -235
[19:14:08] [Server thread/INFO]: [Chunky] Task running for Gabito. Processed: 248147 chunks (0.64%), ETA: 771:53:33, Rate: 14.0 cps, Current: 195, -232
[19:14:09] [Server thread/INFO]: [Chunky] Task running for Gabito. Processed: 248161 chunks (0.64%), ETA: 806:24:42, Rate: 13.4 cps, Current: 196, -225
[19:14:10] [Server thread/INFO]: [Chunky] Task running for Gabito. Processed: 248207 chunks (0.64%), ETA: 790:19:38, Rate: 13.6 cps, Current: 202, -225
[19:14:12] [Server thread/INFO]: [Chunky] Task running for Gabito. Processed: 248226 chunks (0.64%), ETA: 693:51:57, Rate: 15.5 cps, Current: 203, -228
[19:14:13] [Server thread/INFO]: [Chunky] Task running for Gabito. Processed: 248243 chunks (0.64%), ETA: 695:11:14, Rate: 15.5 cps, Current: 206, -227
[19:14:14] [Server thread/INFO]: [Chunky] Task running for Gabito. Processed: 248276 chunks (0.64%), ETA: 669:21:02, Rate: 16.1 cps, Current: 205, -235
[19:14:15] [Server thread/INFO]: [Chunky] Task running for Gabito. Processed: 248311 chunks (0.64%), ETA: 631:00:42, Rate: 17.1 cps, Current: 207, -240
[19:14:17] [Server thread/INFO]: [Chunky] Task running for Gabito. Processed: 248323 chunks (0.64%), ETA: 669:55:53, Rate: 16.1 cps, Current: 208, -238
[19:14:18] [Server thread/INFO]: [Chunky] Task running for Gabito. Processed: 248350 chunks (0.64%), ETA: 647:45:25, Rate: 16.7 cps, Current: 211, -239
[19:14:19] [Server thread/INFO]: [Chunky] Task running for Gabito. Processed: 248366 chunks (0.64%), ETA: 634:05:05, Rate: 17.0 cps, Current: 211, -240
[19:14:20] [Server thread/INFO]: [Chunky] Task running for Gabito. Processed: 248383 chunks (0.64%), ETA: 634:37:36, Rate: 17.0 cps, Current: 209, -230
[19:14:21] [Server thread/INFO]: [Chunky] Task running for Gabito. Processed: 248393 chunks (0.64%), ETA: 658:29:35, Rate: 16.4 cps, Current: 211, -233
[19:14:23] [Server thread/INFO]: [Chunky] Task running for Gabito. Processed: 248435 chunks (0.64%), ETA: 623:23:26, Rate: 17.3 cps, Current: 214, -226
[19:14:24] [Server thread/INFO]: [Chunky] Task running for Gabito. Processed: 248450 chunks (0.64%), ETA: 627:51:22, Rate: 17.2 cps, Current: 216, -225
[19:14:25] [Server thread/INFO]: [Chunky] Task running for Gabito. Processed: 248502 chunks (0.64%), ETA: 583:25:18, Rate: 18.5 cps, Current: 218, -232
[19:14:26] [Server thread/INFO]: [Chunky] Task running for Gabito. Processed: 248534 chunks (0.64%), ETA: 565:42:08, Rate: 19.1 cps, Current: 219, -235
[19:14:27] [Server thread/INFO]: [Chunky] Task running for Gabito. Processed: 248577 chunks (0.64%), ETA: 548:09:19, Rate: 19.7 cps, Current: 223, -241
[19:14:28] [Server thread/INFO]: [Chunky] Task running for Gabito. Processed: 248591 chunks (0.64%), ETA: 556:34:50, Rate: 19.4 cps, Current: 223, -248
[19:14:29] [Server thread/INFO]: [Chunky] Task running for Gabito. Processed: 248618 chunks (0.64%), ETA: 554:16:16, Rate: 19.5 cps, Current: 221, -247
[19:14:31] [Server thread/INFO]: [Chunky] Task running for Gabito. Processed: 248647 chunks (0.64%), ETA: 534:53:09, Rate: 20.2 cps, Current: 216, -243
[19:14:32] [Server thread/INFO]: [Chunky] Task running for Gabito. Processed: 248660 chunks (0.64%), ETA: 540:23:51, Rate: 20.0 cps, Current: 216, -244
[19:14:33] [Server thread/INFO]: [Chunky] Task running for Gabito. Processed: 248705 chunks (0.64%), ETA: 509:46:37, Rate: 21.2 cps, Current: 208, -249
[19:14:34] [Server thread/INFO]: [Chunky] Task running for Gabito. Processed: 248726 chunks (0.64%), ETA: 501:30:21, Rate: 21.5 cps, Current: 209, -251
[19:14:35] [Server thread/INFO]: [Chunky] Task running for Gabito. Processed: 248742 chunks (0.64%), ETA: 494:55:41, Rate: 21.8 cps, Current: 209, -255
[19:14:36] [Server thread/INFO]: [Chunky] Task running for Gabito. Processed: 248764 chunks (0.64%), ETA: 482:57:18, Rate: 22.3 cps, Current: 215, -254
[19:14:37] [Server thread/INFO]: [Chunky] Task running for Gabito. Processed: 248800 chunks (0.64%), ETA: 480:18:51, Rate: 22.5 cps, Current: 212, -256
[19:14:42] [Server thread/INFO]: [Chunky] Task running for Gabito. Processed: 248833 chunks (0.64%), ETA: 536:35:16, Rate: 20.1 cps, Current: 162, -251
[19:14:44] [Server thread/INFO]: [Chunky] Task running for Gabito. Processed: 248851 chunks (0.64%), ETA: 560:50:27, Rate: 19.2 cps, Current: 163, -250
[19:14:45] [Server thread/INFO]: [Chunky] Task running for Gabito. Processed: 248867 chunks (0.64%), ETA: 576:50:05, Rate: 18.7 cps, Current: 163, -256
[19:14:46] [Server thread/INFO]: [Chunky] Task running for Gabito. Processed: 248882 chunks (0.64%), ETA: 554:46:27, Rate: 19.4 cps, Current: 167, -254
[19:14:47] [Server thread/INFO]: [Chunky] Task running for Gabito. Processed: 248895 chunks (0.64%), ETA: 577:31:56, Rate: 18.7 cps, Current: 168, -254
[19:14:48] [Server thread/INFO]: [Chunky] Task running for Gabito. Processed: 248904 chunks (0.64%), ETA: 583:59:31, Rate: 18.5 cps, Current: 170, -253
[19:14:50] [Server thread/INFO]: [Chunky] Task running for Gabito. Processed: 248932 chunks (0.64%), ETA: 573:58:43, Rate: 18.8 cps, Current: 168, -250
[19:14:51] [Server thread/INFO]: [Chunky] Task running for Gabito. Processed: 248948 chunks (0.64%), ETA: 569:36:28, Rate: 18.9 cps, Current: 169, -249
[19:14:52] [Server thread/INFO]: [Chunky] Task running for Gabito. Processed: 248966 chunks (0.64%), ETA: 588:44:09, Rate: 18.3 cps, Current: 170, -247
[19:14:53] [Server thread/INFO]: [Chunky] Task running for Gabito. Processed: 248980 chunks (0.64%), ETA: 588:22:55, Rate: 18.3 cps, Current: 173, -244
[19:14:54] [Server thread/INFO]: [Chunky] Task running for Gabito. Processed: 248998 chunks (0.64%), ETA: 627:05:32, Rate: 17.2 cps, Current: 174, -243
[19:14:55] [Server thread/INFO]: [Chunky] Task running for Gabito. Processed: 249017 chunks (0.64%), ETA: 649:18:20, Rate: 16.6 cps, Current: 170, -242
[19:14:56] [Server thread/INFO]: [Chunky] Task running for Gabito. Processed: 249045 chunks (0.64%), ETA: 667:04:57, Rate: 16.2 cps, Current: 164, -247
[19:14:57] [Server thread/INFO]: [Chunky] Task running for Gabito. Processed: 249062 chunks (0.64%), ETA: 661:02:13, Rate: 16.3 cps, Current: 165, -241
[19:14:58] [Server thread/INFO]: [Chunky] Task running for Gabito. Processed: 249078 chunks (0.64%), ETA: 672:27:31, Rate: 16.0 cps, Current: 161, -245
[19:15:00] [Server thread/INFO]: [Chunky] Task running for Gabito. Processed: 249099 chunks (0.64%), ETA: 690:18:34, Rate: 15.6 cps, Current: 163, -238
[19:15:01] [Server thread/INFO]: [Chunky] Task running for Gabito. Processed: 249106 chunks (0.64%), ETA: 703:19:14, Rate: 15.3 cps, Current: 160, -242
[19:15:02] [Server thread/INFO]: [Chunky] Task running for Gabito. Processed: 249126 chunks (0.64%), ETA: 738:38:32, Rate: 14.6 cps, Current: 163, -235
[19:15:03] [Server thread/INFO]: [Chunky] Task running for Gabito. Processed: 249137 chunks (0.64%), ETA: 764:17:33, Rate: 14.1 cps, Current: 160, -236
[19:15:04] [Server thread/INFO]: [Chunky] Task running for Gabito. Processed: 249156 chunks (0.64%), ETA: 756:56:52, Rate: 14.2 cps, Current: 162, -230
[19:15:05] [Server thread/INFO]: [Chunky] Task running for Gabito. Processed: 249185 chunks (0.64%), ETA: 745:46:17, Rate: 14.5 cps, Current: 164, -225
[19:15:07] [Server thread/INFO]: [Chunky] Task running for Gabito. Processed: 249218 chunks (0.64%), ETA: 754:10:24, Rate: 14.3 cps, Current: 168, -225
[19:15:08] [Server thread/INFO]: [Chunky] Task running for Gabito. Processed: 249231 chunks (0.64%), ETA: 702:38:33, Rate: 15.3 cps, Current: 170, -225
[19:15:09] [Server thread/INFO]: [Chunky] Task running for Gabito. Processed: 249240 chunks (0.64%), ETA: 716:22:43, Rate: 15.1 cps, Current: 171, -226
[19:15:10] [Server thread/INFO]: [Chunky] Task running for Gabito. Processed: 249259 chunks (0.64%), ETA: 716:01:23, Rate: 15.1 cps, Current: 173, -229
[19:15:11] [Server thread/INFO]: [Chunky] Task running for Gabito. Processed: 249281 chunks (0.64%), ETA: 705:56:38, Rate: 15.3 cps, Current: 168, -238
[19:15:13] [Server thread/INFO]: [Chunky] Task running for Gabito. Processed: 249326 chunks (0.64%), ETA: 656:57:01, Rate: 16.4 cps, Current: 173, -236
[19:15:14] [Server thread/INFO]: [Chunky] Task running for Gabito. Processed: 249346 chunks (0.64%), ETA: 657:00:10, Rate: 16.4 cps, Current: 176, -239
[19:15:15] [Server thread/INFO]: [Chunky] Task running for Gabito. Processed: 249355 chunks (0.64%), ETA: 666:36:58, Rate: 16.2 cps, Current: 176, -236
[19:15:17] [Server thread/INFO]: [Chunky] Task running for Gabito. Processed: 249382 chunks (0.64%), ETA: 647:36:07, Rate: 16.7 cps, Current: 182, -237
[19:15:18] [Server thread/INFO]: [Chunky] Task running for Gabito. Processed: 249407 chunks (0.64%), ETA: 628:36:17, Rate: 17.2 cps, Current: 182, -240
[19:15:19] [Server thread/INFO]: [Chunky] Task running for Gabito. Processed: 249434 chunks (0.64%), ETA: 630:27:16, Rate: 17.1 cps, Current: 179, -229
[19:15:20] [Server thread/INFO]: [Chunky] Task running for Gabito. Processed: 249466 chunks (0.64%), ETA: 608:20:14, Rate: 17.7 cps, Current: 183, -232
[19:15:21] [Server thread/INFO]: [Chunky] Task running for Gabito. Processed: 249499 chunks (0.64%), ETA: 596:21:30, Rate: 18.1 cps, Current: 186, -227
[19:15:22] [Server thread/INFO]: [Chunky] Task running for Gabito. Processed: 249548 chunks (0.64%), ETA: 562:41:18, Rate: 19.2 cps, Current: 190, -234
[19:15:24] [Server thread/INFO]: [Chunky] Task running for Gabito. Processed: 249587 chunks (0.64%), ETA: 545:36:11, Rate: 19.8 cps, Current: 185, -239
[19:15:25] [Server thread/INFO]: [Chunky] Task running for Gabito. Processed: 249611 chunks (0.64%), ETA: 539:03:36, Rate: 20.0 cps, Current: 190, -243
[19:15:26] [Server thread/INFO]: [Chunky] Task running for Gabito. Processed: 249641 chunks (0.64%), ETA: 539:19:53, Rate: 20.0 cps, Current: 189, -247
[19:15:27] [Server thread/INFO]: [Chunky] Task running for Gabito. Processed: 249664 chunks (0.64%), ETA: 534:28:59, Rate: 20.2 cps, Current: 185, -246
[19:15:28] [Server thread/INFO]: [Chunky] Task running for Gabito. Processed: 249684 chunks (0.64%), ETA: 530:23:32, Rate: 20.3 cps, Current: 176, -245
[19:15:30] [Server thread/INFO]: [Chunky] Task running for Gabito. Processed: 249729 chunks (0.64%), ETA: 502:02:46, Rate: 21.5 cps, Current: 176, -249
[19:15:31] [Server thread/INFO]: [Chunky] Task running for Gabito. Processed: 249753 chunks (0.64%), ETA: 495:28:55, Rate: 21.8 cps, Current: 178, -251
[19:15:32] [Server thread/INFO]: [Chunky] Task running for Gabito. Processed: 249771 chunks (0.64%), ETA: 486:35:21, Rate: 22.2 cps, Current: 180, -254
[19:15:33] [Server thread/INFO]: [Chunky] Task running for Gabito. Processed: 249791 chunks (0.64%), ETA: 488:12:46, Rate: 22.1 cps, Current: 186, -249
[19:15:34] [Server thread/INFO]: [Chunky] Task running for Gabito. Processed: 249837 chunks (0.64%), ETA: 468:37:52, Rate: 23.0 cps, Current: 191, -254
[19:15:39] [Server thread/INFO]: [Chunky] Task running for Gabito. Processed: 249857 chunks (0.64%), ETA: 511:59:49, Rate: 21.1 cps, Current: 130, -251
[19:15:40] [Server thread/INFO]: [Chunky] Task running for Gabito. Processed: 249876 chunks (0.64%), ETA: 510:32:53, Rate: 21.1 cps, Current: 132, -250
[19:15:41] [Server thread/INFO]: [Chunky] Task running for Gabito. Processed: 249889 chunks (0.64%), ETA: 518:43:50, Rate: 20.8 cps, Current: 131, -254
[19:15:42] [Server thread/INFO]: [Chunky] Task running for Gabito. Processed: 249913 chunks (0.64%), ETA: 541:58:12, Rate: 19.9 cps, Current: 132, -255
[19:15:43] [Server thread/INFO]: [Chunky] Task running for Gabito. Processed: 249921 chunks (0.64%), ETA: 551:34:33, Rate: 19.6 cps, Current: 138, -254
[19:15:44] [Server thread/INFO]: [Chunky] Task running for Gabito. Processed: 249932 chunks (0.64%), ETA: 547:36:53, Rate: 19.7 cps, Current: 134, -256
[19:15:46] [Server thread/INFO]: [Chunky] Task running for Gabito. Processed: 249960 chunks (0.64%), ETA: 538:21:40, Rate: 20.0 cps, Current: 139, -256
[19:15:47] [Server thread/INFO]: [Chunky] Task running for Gabito. Processed: 249978 chunks (0.64%), ETA: 540:15:58, Rate: 20.0 cps, Current: 138, -249
[19:15:48] [Server thread/INFO]: [Chunky] Task running for Gabito. Processed: 249992 chunks (0.64%), ETA: 549:34:45, Rate: 19.6 cps, Current: 143, -249
[19:15:49] [Server thread/INFO]: [Chunky] Task running for Gabito. Processed: 250006 chunks (0.64%), ETA: 563:14:00, Rate: 19.1 cps, Current: 143, -248
[19:15:50] [Server thread/INFO]: [Chunky] Task running for Gabito. Processed: 250029 chunks (0.64%), ETA: 586:14:00, Rate: 18.4 cps, Current: 136, -243
[19:15:51] [Server thread/INFO]: [Chunky] Task running for Gabito. Processed: 250044 chunks (0.64%), ETA: 627:37:05, Rate: 17.2 cps, Current: 143, -244
[19:15:52] [Server thread/INFO]: [Chunky] Task running for Gabito. Processed: 250073 chunks (0.64%), ETA: 614:20:18, Rate: 17.6 cps, Current: 137, -241
[19:15:54] [Server thread/INFO]: [Chunky] Task running for Gabito. Processed: 250097 chunks (0.64%), ETA: 640:16:59, Rate: 16.8 cps, Current: 130, -244
[19:15:55] [Server thread/INFO]: [Chunky] Task running for Gabito. Processed: 250112 chunks (0.64%), ETA: 642:45:47, Rate: 16.8 cps, Current: 131, -239
[19:15:56] [Server thread/INFO]: [Chunky] Task running for Gabito. Processed: 250130 chunks (0.64%), ETA: 671:07:17, Rate: 16.1 cps, Current: 134, -238
[19:15:57] [Server thread/INFO]: [Chunky] Task running for Gabito. Processed: 250150 chunks (0.64%), ETA: 673:23:03, Rate: 16.0 cps, Current: 134, -236
[19:15:58] [Server thread/INFO]: [Chunky] Task running for Gabito. Processed: 250160 chunks (0.64%), ETA: 720:12:06, Rate: 15.0 cps, Current: 130, -234
[19:16:00] [Server thread/INFO]: [Chunky] Task running for Gabito. Processed: 250168 chunks (0.64%), ETA: 734:04:07, Rate: 14.7 cps, Current: 130, -233
[19:16:01] [Server thread/INFO]: [Chunky] Task running for Gabito. Processed: 250210 chunks (0.64%), ETA: 707:03:26, Rate: 15.3 cps, Current: 133, -225
[19:16:02] [Server thread/INFO]: [Chunky] Task running for Gabito. Processed: 250255 chunks (0.64%), ETA: 666:54:50, Rate: 16.2 cps, Current: 138, -225
[19:16:03] [Server thread/INFO]: [Chunky] Task running for Gabito. Processed: 250274 chunks (0.64%), ETA: 715:11:04, Rate: 15.1 cps, Current: 139, -228
[19:16:04] [Server thread/INFO]: [Chunky] Task running for Gabito. Processed: 250290 chunks (0.64%), ETA: 630:18:18, Rate: 17.1 cps, Current: 143, -226
[19:16:05] [Server thread/INFO]: [Chunky] Task running for Gabito. Processed: 250329 chunks (0.64%), ETA: 601:31:20, Rate: 17.9 cps, Current: 143, -228
[19:16:06] [Server thread/INFO]: [Chunky] Task running for Gabito. Processed: 250363 chunks (0.64%), ETA: 582:57:54, Rate: 18.5 cps, Current: 143, -235
[19:16:08] [Server thread/INFO]: [Chunky] Task running for Gabito. Processed: 250371 chunks (0.64%), ETA: 608:33:59, Rate: 17.7 cps, Current: 144, -238
[19:16:09] [Server thread/INFO]: [Chunky] Task running for Gabito. Processed: 250398 chunks (0.64%), ETA: 600:58:08, Rate: 17.9 cps, Current: 147, -239
[19:16:10] [Server thread/INFO]: [Chunky] Task running for Gabito. Processed: 250411 chunks (0.64%), ETA: 604:56:54, Rate: 17.8 cps, Current: 147, -240
[19:16:11] [Server thread/INFO]: [Chunky] Task running for Gabito. Processed: 250441 chunks (0.64%), ETA: 597:16:16, Rate: 18.1 cps, Current: 151, -236
[19:16:13] [Server thread/INFO]: [Chunky] Task running for Gabito. Processed: 250482 chunks (0.64%), ETA: 559:19:15, Rate: 19.3 cps, Current: 151, -225
[19:16:14] [Server thread/INFO]: [Chunky] Task running for Gabito. Processed: 250498 chunks (0.64%), ETA: 553:55:55, Rate: 19.5 cps, Current: 152, -225
[19:16:15] [Server thread/INFO]: [Chunky] Task running for Gabito. Processed: 250562 chunks (0.64%), ETA: 518:39:38, Rate: 20.8 cps, Current: 159, -236
[19:16:16] [Server thread/INFO]: [Chunky] Task running for Gabito. Processed: 250611 chunks (0.64%), ETA: 496:55:22, Rate: 21.7 cps, Current: 159, -239
[19:16:17] [Server thread/INFO]: [Chunky] Task running for Gabito. Processed: 250629 chunks (0.64%), ETA: 493:37:16, Rate: 21.8 cps, Current: 159, -245
[19:16:18] [Server thread/INFO]: [Chunky] Task running for Gabito. Processed: 250658 chunks (0.64%), ETA: 481:21:25, Rate: 22.4 cps, Current: 158, -247
[19:16:19] [Server thread/INFO]: [Chunky] Task running for Gabito. Processed: 250681 chunks (0.64%), ETA: 477:25:34, Rate: 22.6 cps, Current: 153, -243
[19:16:20] [Server thread/INFO]: [Chunky] Task running for Gabito. Processed: 250709 chunks (0.64%), ETA: 468:16:07, Rate: 23.0 cps, Current: 145, -245
[19:16:22] [Server thread/INFO]: [Chunky] Task running for Gabito. Processed: 250753 chunks (0.64%), ETA: 461:29:07, Rate: 23.4 cps, Current: 151, -249
[19:16:23] [Server thread/INFO]: [Chunky] Task running for Gabito. Processed: 250780 chunks (0.64%), ETA: 454:49:31, Rate: 23.7 cps, Current: 146, -252
[19:16:24] [Server thread/INFO]: [Chunky] Task running for Gabito. Processed: 250802 chunks (0.64%), ETA: 453:10:02, Rate: 23.8 cps, Current: 146, -255
[19:16:25] [Server thread/INFO]: [Chunky] Task running for Gabito. Processed: 250835 chunks (0.64%), ETA: 439:30:22, Rate: 24.5 cps, Current: 154, -252
[19:16:30] [Server thread/INFO]: [Chunky] Task running for Gabito. Processed: 250881 chunks (0.64%), ETA: 463:37:12, Rate: 23.3 cps, Current: 98, -251
[19:16:31] [Server thread/INFO]: [Chunky] Task running for Gabito. Processed: 250901 chunks (0.64%), ETA: 486:07:04, Rate: 22.2 cps, Current: 101, -250
[19:16:32] [Server thread/INFO]: [Chunky] Task running for Gabito. Processed: 250924 chunks (0.64%), ETA: 482:00:15, Rate: 22.4 cps, Current: 96, -249
[19:16:33] [Server thread/INFO]: [Chunky] Task running for Gabito. Processed: 250937 chunks (0.64%), ETA: 486:40:55, Rate: 22.2 cps, Current: 100, -255
[19:16:34] [Server thread/INFO]: [Chunky] Task running for Gabito. Processed: 250946 chunks (0.64%), ETA: 511:52:40, Rate: 21.1 cps, Current: 104, -253
[19:16:35] [Server thread/INFO]: [Chunky] Task running for Gabito. Processed: 250959 chunks (0.64%), ETA: 530:49:22, Rate: 20.3 cps, Current: 104, -256
[19:16:36] [Server thread/INFO]: [Chunky] Task running for Gabito. Processed: 250981 chunks (0.64%), ETA: 507:23:55, Rate: 21.3 cps, Current: 104, -250
[19:16:37] [Server thread/INFO]: [Chunky] Task running for Gabito. Processed: 251003 chunks (0.64%), ETA: 509:25:27, Rate: 21.2 cps, Current: 107, -249
[19:16:39] [Server thread/INFO]: [Chunky] Task running for Gabito. Processed: 251020 chunks (0.64%), ETA: 515:48:03, Rate: 20.9 cps, Current: 107, -247
[19:16:40] [Server thread/INFO]: [Chunky] Task running for Gabito. Processed: 251031 chunks (0.64%), ETA: 513:00:58, Rate: 21.0 cps, Current: 110, -247
[19:16:41] [Server thread/INFO]: [Chunky] Task running for Gabito. Processed: 251047 chunks (0.64%), ETA: 519:37:29, Rate: 20.8 cps, Current: 107, -243
[19:16:42] [Server thread/INFO]: [Chunky] Task running for Gabito. Processed: 251065 chunks (0.64%), ETA: 540:10:53, Rate: 20.0 cps, Current: 102, -248
[19:16:43] [Server thread/INFO]: [Chunky] Task running for Gabito. Processed: 251094 chunks (0.64%), ETA: 528:52:12, Rate: 20.4 cps, Current: 99, -248
[19:16:44] [Server thread/INFO]: [Chunky] Task running for Gabito. Processed: 251110 chunks (0.64%), ETA: 575:28:58, Rate: 18.7 cps, Current: 97, -247
[19:16:45] [Server thread/INFO]: [Chunky] Task running for Gabito. Processed: 251129 chunks (0.64%), ETA: 605:21:38, Rate: 17.8 cps, Current: 101, -240
[19:16:46] [Server thread/INFO]: [Chunky] Task running for Gabito. Processed: 251144 chunks (0.64%), ETA: 609:26:39, Rate: 17.7 cps, Current: 96, -245
[19:16:47] [Server thread/INFO]: [Chunky] Task running for Gabito. Processed: 251157 chunks (0.64%), ETA: 633:18:11, Rate: 17.0 cps, Current: 102, -237
[19:16:49] [Server thread/INFO]: [Chunky] Task running for Gabito. Processed: 251178 chunks (0.64%), ETA: 647:36:18, Rate: 16.7 cps, Current: 99, -234
[19:16:50] [Server thread/INFO]: [Chunky] Task running for Gabito. Processed: 251187 chunks (0.64%), ETA: 669:03:36, Rate: 16.1 cps, Current: 97, -235
[19:16:51] [Server thread/INFO]: [Chunky] Task running for Gabito. Processed: 251224 chunks (0.64%), ETA: 674:06:55, Rate: 16.0 cps, Current: 96, -234
[19:16:52] [Server thread/INFO]: [Chunky] Task running for Gabito. Processed: 251262 chunks (0.64%), ETA: 659:21:53, Rate: 16.4 cps, Current: 103, -227
[19:16:53] [Server thread/INFO]: [Chunky] Task running for Gabito. Processed: 251287 chunks (0.64%), ETA: 655:25:39, Rate: 16.5 cps, Current: 111, -225
[19:16:54] [Server thread/INFO]: [Chunky] Task running for Gabito. Processed: 251307 chunks (0.64%), ETA: 673:40:08, Rate: 16.0 cps, Current: 111, -226
[19:16:56] [Server thread/INFO]: [Chunky] Task running for Gabito. Processed: 251344 chunks (0.64%), ETA: 604:52:35, Rate: 17.8 cps, Current: 110, -232
[19:16:57] [Server thread/INFO]: [Chunky] Task running for Gabito. Processed: 251383 chunks (0.64%), ETA: 580:42:12, Rate: 18.6 cps, Current: 111, -240
[19:16:58] [Server thread/INFO]: [Chunky] Task running for Gabito. Processed: 251395 chunks (0.64%), ETA: 601:04:29, Rate: 17.9 cps, Current: 112, -238
[19:17:00] [Server thread/INFO]: [Chunky] Task running for Gabito. Processed: 251422 chunks (0.64%), ETA: 590:35:48, Rate: 18.3 cps, Current: 115, -239
[19:17:01] [Server thread/INFO]: [Chunky] Task running for Gabito. Processed: 251444 chunks (0.64%), ETA: 588:46:34, Rate: 18.3 cps, Current: 112, -229
[19:17:03] [Server thread/INFO]: [Chunky] Task running for Gabito. Processed: 251465 chunks (0.64%), ETA: 603:18:36, Rate: 17.9 cps, Current: 114, -232
[19:17:04] [Server thread/INFO]: [Chunky] Task running for Gabito. Processed: 251481 chunks (0.64%), ETA: 594:25:20, Rate: 18.1 cps, Current: 115, -225
[19:17:05] [Server thread/INFO]: [Chunky] Task running for Gabito. Processed: 251506 chunks (0.64%), ETA: 578:23:55, Rate: 18.6 cps, Current: 119, -225
[19:17:06] [Server thread/INFO]: [Chunky] Task running for Gabito. Processed: 251522 chunks (0.64%), ETA: 592:46:44, Rate: 18.2 cps, Current: 120, -225
[19:17:07] [Server thread/INFO]: [Chunky] Task running for Gabito. Processed: 251585 chunks (0.64%), ETA: 549:36:47, Rate: 19.6 cps, Current: 127, -233
[19:17:08] [Server thread/INFO]: [Chunky] Task running for Gabito. Processed: 251635 chunks (0.64%), ETA: 520:59:23, Rate: 20.7 cps, Current: 121, -239
[19:17:09] [Server thread/INFO]: [Chunky] Task running for Gabito. Processed: 251650 chunks (0.64%), ETA: 518:23:29, Rate: 20.8 cps, Current: 127, -242
[19:17:11] [Server thread/INFO]: [Chunky] Task running for Gabito. Processed: 251679 chunks (0.64%), ETA: 508:26:40, Rate: 21.2 cps, Current: 126, -247
[19:17:12] [Server thread/INFO]: [Chunky] Task running for Gabito. Processed: 251702 chunks (0.64%), ETA: 504:26:33, Rate: 21.4 cps, Current: 124, -247
[19:17:13] [Server thread/INFO]: [Chunky] Task running for Gabito. Processed: 251730 chunks (0.64%), ETA: 507:11:52, Rate: 21.3 cps, Current: 113, -244
[19:17:14] [Server thread/INFO]: [Chunky] Task running for Gabito. Processed: 251777 chunks (0.64%), ETA: 484:48:30, Rate: 22.2 cps, Current: 112, -249
[19:17:15] [Server thread/INFO]: [Chunky] Task running for Gabito. Processed: 251799 chunks (0.64%), ETA: 478:49:45, Rate: 22.5 cps, Current: 113, -253
[19:17:16] [Server thread/INFO]: [Chunky] Task running for Gabito. Processed: 251820 chunks (0.64%), ETA: 470:35:29, Rate: 22.9 cps, Current: 113, -256
[19:17:17] [Server thread/INFO]: [Chunky] Task running for Gabito. Processed: 251838 chunks (0.64%), ETA: 474:08:29, Rate: 22.7 cps, Current: 117, -255
[19:17:18] [Server thread/INFO]: [Chunky] Task running for Gabito. Processed: 251885 chunks (0.64%), ETA: 448:31:08, Rate: 24.0 cps, Current: 123, -254
[19:17:23] [Server thread/INFO]: [Chunky] Task running for Gabito. Processed: 251905 chunks (0.64%), ETA: 509:56:26, Rate: 21.1 cps, Current: 66, -251
[19:17:25] [Server thread/INFO]: [Chunky] Task running for Gabito. Processed: 251923 chunks (0.64%), ETA: 548:20:19, Rate: 19.7 cps, Current: 67, -250
[19:17:26] [Server thread/INFO]: [Chunky] Task running for Gabito. Processed: 251943 chunks (0.64%), ETA: 568:25:41, Rate: 19.0 cps, Current: 64, -251
[19:17:27] [Server thread/INFO]: [Chunky] Task running for Gabito. Processed: 251955 chunks (0.64%), ETA: 556:32:53, Rate: 19.4 cps, Current: 68, -255
[19:17:29] [Server thread/INFO]: [Chunky] Task running for Gabito. Processed: 251967 chunks (0.64%), ETA: 575:54:23, Rate: 18.7 cps, Current: 72, -254
[19:17:30] [Server thread/INFO]: [Chunky] Task running for Gabito. Processed: 251975 chunks (0.64%), ETA: 589:45:52, Rate: 18.3 cps, Current: 73, -253
[19:17:31] [Server thread/INFO]: [Chunky] Task running for Gabito. Processed: 252003 chunks (0.64%), ETA: 560:30:59, Rate: 19.2 cps, Current: 74, -256
[19:17:32] [Server thread/INFO]: [Chunky] Task running for Gabito. Processed: 252013 chunks (0.64%), ETA: 576:53:02, Rate: 18.7 cps, Current: 78, -250
[19:17:33] [Server thread/INFO]: [Chunky] Task running for Gabito. Processed: 252028 chunks (0.64%), ETA: 580:39:07, Rate: 18.6 cps, Current: 79, -252
[19:17:34] [Server thread/INFO]: [Chunky] Task running for Gabito. Processed: 252045 chunks (0.65%), ETA: 593:54:26, Rate: 18.2 cps, Current: 76, -246
[19:17:36] [Server thread/INFO]: [Chunky] Task running for Gabito. Processed: 252060 chunks (0.65%), ETA: 588:31:35, Rate: 18.3 cps, Current: 74, -245
[19:17:37] [Server thread/INFO]: [Chunky] Task running for Gabito. Processed: 252074 chunks (0.65%), ETA: 642:49:23, Rate: 16.8 cps, Current: 78, -242
[19:17:38] [Server thread/INFO]: [Chunky] Task running for Gabito. Processed: 252095 chunks (0.65%), ETA: 682:48:58, Rate: 15.8 cps, Current: 79, -244
[19:17:39] [Server thread/INFO]: [Chunky] Task running for Gabito. Processed: 252121 chunks (0.65%), ETA: 670:33:29, Rate: 16.1 cps, Current: 64, -248
[19:17:40] [Server thread/INFO]: [Chunky] Task running for Gabito. Processed: 252139 chunks (0.65%), ETA: 683:29:37, Rate: 15.8 cps, Current: 67, -244
[19:17:41] [Server thread/INFO]: [Chunky] Task running for Gabito. Processed: 252154 chunks (0.65%), ETA: 697:18:07, Rate: 15.5 cps, Current: 65, -244
[19:17:42] [Server thread/INFO]: [Chunky] Task running for Gabito. Processed: 252165 chunks (0.65%), ETA: 728:22:24, Rate: 14.8 cps, Current: 65, -242
[19:17:43] [Server thread/INFO]: [Chunky] Task running for Gabito. Processed: 252175 chunks (0.65%), ETA: 793:54:59, Rate: 13.6 cps, Current: 70, -239
[19:17:45] [Server thread/INFO]: [Chunky] Task running for Gabito. Processed: 252178 chunks (0.65%), ETA: 834:36:20, Rate: 12.9 cps, Current: 70, -238
[19:17:47] [Server thread/INFO]: [Chunky] Task running for Gabito. Processed: 252195 chunks (0.65%), ETA: 894:17:53, Rate: 12.1 cps, Current: 67, -236
[19:17:48] [Server thread/INFO]: [Chunky] Task running for Gabito. Processed: 252207 chunks (0.65%), ETA: 995:04:34, Rate: 10.8 cps, Current: 66, -234
[19:17:50] [Server thread/INFO]: [Chunky] Task running for Gabito. Processed: 252211 chunks (0.65%), ETA: 962:48:23, Rate: 11.2 cps, Current: 65, -235
[19:17:51] [Server thread/INFO]: [Chunky] Task running for Gabito. Processed: 252219 chunks (0.65%), ETA: 974:07:48, Rate: 11.1 cps, Current: 64, -235
[19:17:52] [Server thread/INFO]: [Chunky] Task running for Gabito. Processed: 252249 chunks (0.65%), ETA: 922:38:59, Rate: 11.7 cps, Current: 64, -233
[19:17:53] [Server thread/INFO]: [Chunky] Task running for Gabito. Processed: 252275 chunks (0.65%), ETA: 858:16:01, Rate: 12.6 cps, Current: 70, -231
[19:17:54] [Server thread/INFO]: [Chunky] Task running for Gabito. Processed: 252303 chunks (0.65%), ETA: 825:03:11, Rate: 13.1 cps, Current: 74, -225
[19:17:56] [Server thread/INFO]: [Chunky] Task running for Gabito. Processed: 252328 chunks (0.65%), ETA: 820:10:35, Rate: 13.1 cps, Current: 75, -230
[19:17:57] [Server thread/INFO]: [Chunky] Task running for Gabito. Processed: 252350 chunks (0.65%), ETA: 799:47:28, Rate: 13.5 cps, Current: 77, -234
[19:17:58] [Server thread/INFO]: [Chunky] Task running for Gabito. Processed: 252390 chunks (0.65%), ETA: 734:55:06, Rate: 14.7 cps, Current: 76, -240
[19:17:59] [Server thread/INFO]: [Chunky] Task running for Gabito. Processed: 252418 chunks (0.65%), ETA: 711:33:10, Rate: 15.2 cps, Current: 80, -239
[19:18:00] [Server thread/INFO]: [Chunky] Task running for Gabito. Processed: 252420 chunks (0.65%), ETA: 756:24:20, Rate: 14.3 cps, Current: 81, -238
[19:18:01] [Server thread/INFO]: [Chunky] Task running for Gabito. Processed: 252446 chunks (0.65%), ETA: 730:03:35, Rate: 14.8 cps, Current: 83, -239
[19:18:03] [Server thread/INFO]: [Chunky] Task running for Gabito. Processed: 252468 chunks (0.65%), ETA: 718:22:24, Rate: 15.0 cps, Current: 80, -228
[19:18:04] [Server thread/INFO]: [Chunky] Task running for Gabito. Processed: 252491 chunks (0.65%), ETA: 705:44:19, Rate: 15.3 cps, Current: 82, -232
[19:18:05] [Server thread/INFO]: [Chunky] Task running for Gabito. Processed: 252531 chunks (0.65%), ETA: 671:42:59, Rate: 16.1 cps, Current: 86, -226
[19:18:06] [Server thread/INFO]: [Chunky] Task running for Gabito. Processed: 252546 chunks (0.65%), ETA: 673:53:54, Rate: 16.0 cps, Current: 88, -231
[19:18:07] [Server thread/INFO]: [Chunky] Task running for Gabito. Processed: 252604 chunks (0.65%), ETA: 625:28:19, Rate: 17.2 cps, Current: 90, -232
[19:18:08] [Server thread/INFO]: [Chunky] Task running for Gabito. Processed: 252659 chunks (0.65%), ETA: 592:21:31, Rate: 18.2 cps, Current: 89, -239
[19:18:10] [Server thread/INFO]: [Chunky] Task running for Gabito. Processed: 252681 chunks (0.65%), ETA: 590:32:13, Rate: 18.3 cps, Current: 94, -241
[19:18:11] [Server thread/INFO]: [Chunky] Task running for Gabito. Processed: 252713 chunks (0.65%), ETA: 573:59:45, Rate: 18.8 cps, Current: 89, -241
[19:18:12] [Server thread/INFO]: [Chunky] Task running for Gabito. Processed: 252735 chunks (0.65%), ETA: 557:19:43, Rate: 19.3 cps, Current: 87, -242
[19:18:13] [Server thread/INFO]: [Chunky] Task running for Gabito. Processed: 252756 chunks (0.65%), ETA: 546:47:41, Rate: 19.7 cps, Current: 80, -246
[19:18:15] [Server thread/INFO]: [Chunky] Task running for Gabito. Processed: 252801 chunks (0.65%), ETA: 497:14:02, Rate: 21.7 cps, Current: 87, -249
[19:18:16] [Server thread/INFO]: [Chunky] Task running for Gabito. Processed: 252829 chunks (0.65%), ETA: 493:54:15, Rate: 21.8 cps, Current: 83, -251
[19:18:17] [Server thread/INFO]: [Chunky] Task running for Gabito. Processed: 252850 chunks (0.65%), ETA: 487:13:09, Rate: 22.1 cps, Current: 85, -254
[19:18:18] [Server thread/INFO]: [Chunky] Task running for Gabito. Processed: 252888 chunks (0.65%), ETA: 450:21:49, Rate: 23.9 cps, Current: 88, -255
[19:18:19] [Server thread/INFO]: [Chunky] Task running for Gabito. Processed: 252923 chunks (0.65%), ETA: 443:43:42, Rate: 24.3 cps, Current: 90, -256
[19:18:23] [Server thread/INFO]: [Chunky] Task running for Gabito. Processed: 252929 chunks (0.65%), ETA: 502:58:26, Rate: 21.4 cps, Current: 34, -251
[19:18:25] [Server thread/INFO]: [Chunky] Task running for Gabito. Processed: 252949 chunks (0.65%), ETA: 517:36:36, Rate: 20.8 cps, Current: 37, -250
[19:18:26] [Server thread/INFO]: [Chunky] Task running for Gabito. Processed: 252967 chunks (0.65%), ETA: 521:33:11, Rate: 20.7 cps, Current: 36, -254
[19:18:27] [Server thread/INFO]: [Chunky] Task running for Gabito. Processed: 252982 chunks (0.65%), ETA: 542:55:21, Rate: 19.9 cps, Current: 39, -251
[19:18:29] [Server thread/INFO]: [Chunky] Task running for Gabito. Processed: 252992 chunks (0.65%), ETA: 555:13:47, Rate: 19.4 cps, Current: 41, -254
[19:18:30] [Server thread/INFO]: [Chunky] Task running for Gabito. Processed: 253003 chunks (0.65%), ETA: 552:36:01, Rate: 19.5 cps, Current: 38, -256
[19:18:31] [Server thread/INFO]: [Chunky] Task running for Gabito. Processed: 253028 chunks (0.65%), ETA: 551:24:08, Rate: 19.6 cps, Current: 46, -253
[19:18:33] [Server thread/INFO]: [Chunky] Task running for Gabito. Processed: 253052 chunks (0.65%), ETA: 552:34:36, Rate: 19.5 cps, Current: 47, -252
[19:18:34] [Server thread/INFO]: [Chunky] Task running for Gabito. Processed: 253073 chunks (0.65%), ETA: 577:44:28, Rate: 18.7 cps, Current: 46, -248
[19:18:35] [Server thread/INFO]: [Chunky] Task running for Gabito. Processed: 253091 chunks (0.65%), ETA: 575:29:41, Rate: 18.7 cps, Current: 41, -244
[19:18:36] [Server thread/INFO]: [Chunky] Task running for Gabito. Processed: 253113 chunks (0.65%), ETA: 621:06:28, Rate: 17.4 cps, Current: 38, -248
[19:18:38] [Server thread/INFO]: [Chunky] Task running for Gabito. Processed: 253141 chunks (0.65%), ETA: 650:53:36, Rate: 16.6 cps, Current: 36, -247
[19:18:39] [Server thread/INFO]: [Chunky] Task running for Gabito. Processed: 253166 chunks (0.65%), ETA: 646:03:15, Rate: 16.7 cps, Current: 35, -242
[19:18:40] [Server thread/INFO]: [Chunky] Task running for Gabito. Processed: 253179 chunks (0.65%), ETA: 673:37:55, Rate: 16.0 cps, Current: 32, -246
[19:18:41] [Server thread/INFO]: [Chunky] Task running for Gabito. Processed: 253200 chunks (0.65%), ETA: 675:17:07, Rate: 16.0 cps, Current: 32, -243
[19:18:42] [Server thread/INFO]: [Chunky] Task running for Gabito. Processed: 253215 chunks (0.65%), ETA: 683:00:53, Rate: 15.8 cps, Current: 38, -237
[19:18:43] [Server thread/INFO]: [Chunky] Task running for Gabito. Processed: 253224 chunks (0.65%), ETA: 717:01:21, Rate: 15.0 cps, Current: 39, -237
[19:18:44] [Server thread/INFO]: [Chunky] Task running for Gabito. Processed: 253234 chunks (0.65%), ETA: 730:07:10, Rate: 14.8 cps, Current: 39, -236
[19:18:45] [Server thread/INFO]: [Chunky] Task running for Gabito. Processed: 253254 chunks (0.65%), ETA: 743:55:53, Rate: 14.5 cps, Current: 35, -233
[19:18:47] [Server thread/INFO]: [Chunky] Task running for Gabito. Processed: 253289 chunks (0.65%), ETA: 716:17:23, Rate: 15.1 cps, Current: 37, -225
[19:18:48] [Server thread/INFO]: [Chunky] Task running for Gabito. Processed: 253327 chunks (0.65%), ETA: 717:29:24, Rate: 15.0 cps, Current: 42, -225
[19:18:49] [Server thread/INFO]: [Chunky] Task running for Gabito. Processed: 253346 chunks (0.65%), ETA: 746:28:20, Rate: 14.4 cps, Current: 45, -227
[19:18:50] [Server thread/INFO]: [Chunky] Task running for Gabito. Processed: 253363 chunks (0.65%), ETA: 650:52:11, Rate: 16.6 cps, Current: 46, -227
[19:18:51] [Server thread/INFO]: [Chunky] Task running for Gabito. Processed: 253399 chunks (0.65%), ETA: 624:02:22, Rate: 17.3 cps, Current: 45, -235
[19:18:52] [Server thread/INFO]: [Chunky] Task running for Gabito. Processed: 253434 chunks (0.65%), ETA: 603:09:59, Rate: 17.9 cps, Current: 48, -240
[19:18:53] [Server thread/INFO]: [Chunky] Task running for Gabito. Processed: 253443 chunks (0.65%), ETA: 627:01:43, Rate: 17.2 cps, Current: 48, -238
[19:18:55] [Server thread/INFO]: [Chunky] Task running for Gabito. Processed: 253470 chunks (0.65%), ETA: 607:04:18, Rate: 17.8 cps, Current: 51, -239
[19:18:56] [Server thread/INFO]: [Chunky] Task running for Gabito. Processed: 253492 chunks (0.65%), ETA: 606:07:29, Rate: 17.8 cps, Current: 49, -232
[19:18:57] [Server thread/INFO]: [Chunky] Task running for Gabito. Processed: 253523 chunks (0.65%), ETA: 591:14:20, Rate: 18.2 cps, Current: 51, -233
[19:18:58] [Server thread/INFO]: [Chunky] Task running for Gabito. Processed: 253557 chunks (0.65%), ETA: 563:48:09, Rate: 19.1 cps, Current: 54, -226
[19:18:59] [Server thread/INFO]: [Chunky] Task running for Gabito. Processed: 253577 chunks (0.65%), ETA: 551:25:58, Rate: 19.6 cps, Current: 57, -230
[19:19:01] [Server thread/INFO]: [Chunky] Task running for Gabito. Processed: 253635 chunks (0.65%), ETA: 517:58:22, Rate: 20.8 cps, Current: 63, -236
[19:19:02] [Server thread/INFO]: [Chunky] Task running for Gabito. Processed: 253683 chunks (0.65%), ETA: 496:08:07, Rate: 21.7 cps, Current: 57, -239
[19:19:03] [Server thread/INFO]: [Chunky] Task running for Gabito. Processed: 253705 chunks (0.65%), ETA: 489:45:49, Rate: 22.0 cps, Current: 63, -247
[19:19:04] [Server thread/INFO]: [Chunky] Task running for Gabito. Processed: 253736 chunks (0.65%), ETA: 484:10:39, Rate: 22.3 cps, Current: 62, -248
[19:19:05] [Server thread/INFO]: [Chunky] Task running for Gabito. Processed: 253767 chunks (0.65%), ETA: 474:30:48, Rate: 22.7 cps, Current: 60, -248
[19:19:06] [Server thread/INFO]: [Chunky] Task running for Gabito. Processed: 253796 chunks (0.65%), ETA: 468:03:53, Rate: 23.0 cps, Current: 48, -246
[19:19:07] [Server thread/INFO]: [Chunky] Task running for Gabito. Processed: 253832 chunks (0.65%), ETA: 463:21:16, Rate: 23.3 cps, Current: 55, -249
[19:19:09] [Server thread/INFO]: [Chunky] Task running for Gabito. Processed: 253855 chunks (0.65%), ETA: 467:34:22, Rate: 23.1 cps, Current: 50, -254
[19:19:10] [Server thread/INFO]: [Chunky] Task running for Gabito. Processed: 253875 chunks (0.65%), ETA: 460:52:51, Rate: 23.4 cps, Current: 53, -254
[19:19:11] [Server thread/INFO]: [Chunky] Task running for Gabito. Processed: 253918 chunks (0.65%), ETA: 448:32:53, Rate: 24.0 cps, Current: 51, -256
[19:19:15] [Server thread/INFO]: [Chunky] Task running for Gabito. Processed: 253953 chunks (0.65%), ETA: 459:53:26, Rate: 23.4 cps, Current: 2, -251
[19:19:16] [Server thread/INFO]: [Chunky] Task running for Gabito. Processed: 253971 chunks (0.65%), ETA: 471:04:08, Rate: 22.9 cps, Current: 4, -252
[19:19:17] [Server thread/INFO]: [Chunky] Task running for Gabito. Processed: 253973 chunks (0.65%), ETA: 496:34:47, Rate: 21.7 cps, Current: 5, -250
[19:19:18] [Server thread/INFO]: [Chunky] Task running for Gabito. Processed: 253997 chunks (0.65%), ETA: 491:21:55, Rate: 21.9 cps, Current: 5, -254
[19:19:19] [Server thread/INFO]: [Chunky] Task running for Gabito. Processed: 254010 chunks (0.65%), ETA: 495:19:49, Rate: 21.8 cps, Current: 4, -256
[19:19:20] [Server thread/INFO]: [Chunky] Task running for Gabito. Processed: 254017 chunks (0.65%), ETA: 518:13:18, Rate: 20.8 cps, Current: 10, -254
[19:19:22] [Server thread/INFO]: [Chunky] Task running for Gabito. Processed: 254027 chunks (0.65%), ETA: 542:13:48, Rate: 19.9 cps, Current: 6, -256
[19:19:23] [Server thread/INFO]: [Chunky] Task running for Gabito. Processed: 254052 chunks (0.65%), ETA: 518:08:34, Rate: 20.8 cps, Current: 14, -253
[19:19:24] [Server thread/INFO]: [Chunky] Task running for Gabito. Processed: 254072 chunks (0.65%), ETA: 517:54:59, Rate: 20.8 cps, Current: 11, -249
[19:19:25] [Server thread/INFO]: [Chunky] Task running for Gabito. Processed: 254089 chunks (0.65%), ETA: 520:43:54, Rate: 20.7 cps, Current: 8, -247
[19:19:26] [Server thread/INFO]: [Chunky] Task running for Gabito. Processed: 254100 chunks (0.65%), ETA: 529:12:36, Rate: 20.4 cps, Current: 13, -245
[19:19:27] [Server thread/INFO]: [Chunky] Task running for Gabito. Processed: 254114 chunks (0.65%), ETA: 545:11:24, Rate: 19.8 cps, Current: 8, -245
[19:19:28] [Server thread/INFO]: [Chunky] Task running for Gabito. Processed: 254137 chunks (0.65%), ETA: 558:24:02, Rate: 19.3 cps, Current: 10, -242
[19:19:29] [Server thread/INFO]: [Chunky] Task running for Gabito. Processed: 254159 chunks (0.65%), ETA: 595:16:24, Rate: 18.1 cps, Current: 5, -247
[19:19:31] [Server thread/INFO]: [Chunky] Task running for Gabito. Processed: 254179 chunks (0.65%), ETA: 626:12:21, Rate: 17.2 cps, Current: 6, -241
[19:19:32] [Server thread/INFO]: [Chunky] Task running for Gabito. Processed: 254196 chunks (0.65%), ETA: 626:36:00, Rate: 17.2 cps, Current: 2, -242
[19:19:33] [Server thread/INFO]: [Chunky] Task running for Gabito. Processed: 254211 chunks (0.65%), ETA: 656:15:22, Rate: 16.4 cps, Current: 1, -243
[19:19:34] [Server thread/INFO]: [Chunky] Task running for Gabito. Processed: 254226 chunks (0.65%), ETA: 677:27:52, Rate: 15.9 cps, Current: 6, -238
[19:19:35] [Server thread/INFO]: [Chunky] Task running for Gabito. Processed: 254237 chunks (0.65%), ETA: 684:41:52, Rate: 15.7 cps, Current: 0, -239
[19:19:36] [Server thread/INFO]: [Chunky] Task running for Gabito. Processed: 254254 chunks (0.65%), ETA: 699:08:40, Rate: 15.4 cps, Current: 2, -235
[19:19:37] [Server thread/INFO]: [Chunky] Task running for Gabito. Processed: 254257 chunks (0.65%), ETA: 758:35:39, Rate: 14.2 cps, Current: 7, -236
[19:19:38] [Server thread/INFO]: [Chunky] Task running for Gabito. Processed: 254275 chunks (0.65%), ETA: 762:08:50, Rate: 14.1 cps, Current: 2, -226
[19:19:39] [Server thread/INFO]: [Chunky] Task running for Gabito. Processed: 254298 chunks (0.65%), ETA: 755:59:29, Rate: 14.3 cps, Current: 0, -233
[19:19:41] [Server thread/INFO]: [Chunky] Task running for Gabito. Processed: 254305 chunks (0.65%), ETA: 827:36:28, Rate: 13.0 cps, Current: 4, -225
[19:19:42] [Server thread/INFO]: [Chunky] Task running for Gabito. Processed: 254325 chunks (0.65%), ETA: 774:38:59, Rate: 13.9 cps, Current: 8, -232
[19:19:43] [Server thread/INFO]: [Chunky] Task running for Gabito. Processed: 254338 chunks (0.65%), ETA: 780:42:55, Rate: 13.8 cps, Current: 8, -225
[19:19:45] [Server thread/INFO]: [Chunky] Task running for Gabito. Processed: 254353 chunks (0.65%), ETA: 784:06:14, Rate: 13.8 cps, Current: 9, -232
[19:19:46] [Server thread/INFO]: [Chunky] Task running for Gabito. Processed: 254370 chunks (0.65%), ETA: 796:36:17, Rate: 13.5 cps, Current: 11, -228
[19:19:47] [Server thread/INFO]: [Chunky] Task running for Gabito. Processed: 254396 chunks (0.65%), ETA: 758:10:36, Rate: 14.2 cps, Current: 14, -228
[19:19:48] [Server thread/INFO]: [Chunky] Task running for Gabito. Processed: 254438 chunks (0.65%), ETA: 727:16:32, Rate: 14.8 cps, Current: 15, -229
[19:19:50] [Server thread/INFO]: [Chunky] Task running for Gabito. Processed: 254466 chunks (0.65%), ETA: 708:15:32, Rate: 15.2 cps, Current: 16, -239
[19:19:51] [Server thread/INFO]: [Chunky] Task running for Gabito. Processed: 254475 chunks (0.65%), ETA: 708:03:32, Rate: 15.2 cps, Current: 19, -237
[19:19:52] [Server thread/INFO]: [Chunky] Task running for Gabito. Processed: 254499 chunks (0.65%), ETA: 712:59:05, Rate: 15.1 cps, Current: 18, -240
[19:19:53] [Server thread/INFO]: [Chunky] Task running for Gabito. Processed: 254521 chunks (0.65%), ETA: 710:24:53, Rate: 15.2 cps, Current: 17, -232
[19:19:55] [Server thread/INFO]: [Chunky] Task running for Gabito. Processed: 254547 chunks (0.65%), ETA: 698:47:13, Rate: 15.4 cps, Current: 19, -225
[19:19:56] [Server thread/INFO]: [Chunky] Task running for Gabito. Processed: 254587 chunks (0.65%), ETA: 661:38:06, Rate: 16.3 cps, Current: 23, -226
[19:19:57] [Server thread/INFO]: [Chunky] Task running for Gabito. Processed: 254619 chunks (0.65%), ETA: 634:52:49, Rate: 17.0 cps, Current: 31, -227
[19:19:58] [Server thread/INFO]: [Chunky] Task running for Gabito. Processed: 254668 chunks (0.65%), ETA: 601:04:28, Rate: 17.9 cps, Current: 30, -234
[19:19:59] [Server thread/INFO]: [Chunky] Task running for Gabito. Processed: 254716 chunks (0.65%), ETA: 573:17:55, Rate: 18.8 cps, Current: 30, -240
[19:20:00] [Server thread/INFO]: [Chunky] Task running for Gabito. Processed: 254732 chunks (0.65%), ETA: 578:08:18, Rate: 18.7 cps, Current: 30, -244
[19:20:02] [Server thread/INFO]: [Chunky] Task running for Gabito. Processed: 254762 chunks (0.65%), ETA: 562:16:48, Rate: 19.2 cps, Current: 29, -247
[19:20:03] [Server thread/INFO]: [Chunky] Task running for Gabito. Processed: 254793 chunks (0.65%), ETA: 552:35:52, Rate: 19.5 cps, Current: 23, -243
[19:20:04] [Server thread/INFO]: [Chunky] Task running for Gabito. Processed: 254805 chunks (0.65%), ETA: 553:22:25, Rate: 19.5 cps, Current: 24, -244
[19:20:05] [Server thread/INFO]: [Chunky] Task running for Gabito. Processed: 254849 chunks (0.65%), ETA: 526:47:35, Rate: 20.5 cps, Current: 23, -249
[19:20:06] [Server thread/INFO]: [Chunky] Task running for Gabito. Processed: 254874 chunks (0.65%), ETA: 504:50:47, Rate: 21.4 cps, Current: 23, -250
[19:20:07] [Server thread/INFO]: [Chunky] Task running for Gabito. Processed: 254894 chunks (0.65%), ETA: 506:35:54, Rate: 21.3 cps, Current: 17, -256
[19:20:08] [Server thread/INFO]: [Chunky] Task running for Gabito. Processed: 254921 chunks (0.65%), ETA: 498:01:03, Rate: 21.7 cps, Current: 21, -255
[19:20:09] [Server thread/INFO]: [Chunky] Task running for Gabito. Processed: 254957 chunks (0.65%), ETA: 489:35:47, Rate: 22.0 cps, Current: 31, -254
[19:20:13] [Server thread/INFO]: [Chunky] Task running for Gabito. Processed: 254977 chunks (0.65%), ETA: 499:36:18, Rate: 21.6 cps, Current: -30, -251
[19:20:15] [Server thread/INFO]: [Chunky] Task running for Gabito. Processed: 254995 chunks (0.65%), ETA: 503:02:39, Rate: 21.4 cps, Current: -29, -250
[19:20:16] [Server thread/INFO]: [Chunky] Task running for Gabito. Processed: 255012 chunks (0.65%), ETA: 508:36:59, Rate: 21.2 cps, Current: -32, -254
[19:20:18] [Server thread/INFO]: [Chunky] Task running for Gabito. Processed: 255029 chunks (0.65%), ETA: 534:59:42, Rate: 20.2 cps, Current: -25, -253
[19:20:19] [Server thread/INFO]: [Chunky] Task running for Gabito. Processed: 255039 chunks (0.65%), ETA: 539:56:10, Rate: 20.0 cps, Current: -24, -254
[19:20:20] [Server thread/INFO]: [Chunky] Task running for Gabito. Processed: 255047 chunks (0.65%), ETA: 552:23:42, Rate: 19.5 cps, Current: -23, -253
[19:20:21] [Server thread/INFO]: [Chunky] Task running for Gabito. Processed: 255076 chunks (0.65%), ETA: 540:23:48, Rate: 20.0 cps, Current: -18, -253
[19:20:23] [Server thread/INFO]: [Chunky] Task running for Gabito. Processed: 255099 chunks (0.65%), ETA: 542:09:49, Rate: 19.9 cps, Current: -17, -253
[19:20:24] [Server thread/INFO]: [Chunky] Task running for Gabito. Processed: 255114 chunks (0.65%), ETA: 548:49:41, Rate: 19.6 cps, Current: -19, -248
[19:20:25] [Server thread/INFO]: [Chunky] Task running for Gabito. Processed: 255125 chunks (0.65%), ETA: 557:02:38, Rate: 19.4 cps, Current: -17, -248
[19:20:26] [Server thread/INFO]: [Chunky] Task running for Gabito. Processed: 255143 chunks (0.65%), ETA: 575:05:45, Rate: 18.8 cps, Current: -17, -247
[19:20:27] [Server thread/INFO]: [Chunky] Task running for Gabito. Processed: 255161 chunks (0.65%), ETA: 630:24:27, Rate: 17.1 cps, Current: -22, -242
[19:20:28] [Server thread/INFO]: [Chunky] Task running for Gabito. Processed: 255193 chunks (0.65%), ETA: 655:19:16, Rate: 16.5 cps, Current: -29, -247
[19:20:29] [Server thread/INFO]: [Chunky] Task running for Gabito. Processed: 255209 chunks (0.65%), ETA: 653:17:25, Rate: 16.5 cps, Current: -30, -245
[19:20:30] [Server thread/INFO]: [Chunky] Task running for Gabito. Processed: 255227 chunks (0.65%), ETA: 667:16:00, Rate: 16.2 cps, Current: -26, -240
[19:20:32] [Server thread/INFO]: [Chunky] Task running for Gabito. Processed: 255243 chunks (0.65%), ETA: 694:25:57, Rate: 15.5 cps, Current: -29, -238
[19:20:33] [Server thread/INFO]: [Chunky] Task running for Gabito. Processed: 255251 chunks (0.65%), ETA: 702:57:45, Rate: 15.3 cps, Current: -27, -237
[19:20:34] [Server thread/INFO]: [Chunky] Task running for Gabito. Processed: 255268 chunks (0.65%), ETA: 742:48:45, Rate: 14.5 cps, Current: -29, -236
[19:20:35] [Server thread/INFO]: [Chunky] Task running for Gabito. Processed: 255275 chunks (0.65%), ETA: 756:26:39, Rate: 14.3 cps, Current: -30, -235
[19:20:36] [Server thread/INFO]: [Chunky] Task running for Gabito. Processed: 255281 chunks (0.65%), ETA: 790:24:07, Rate: 13.6 cps, Current: -25, -236
[19:20:37] [Server thread/INFO]: [Chunky] Task running for Gabito. Processed: 255284 chunks (0.65%), ETA: 827:11:39, Rate: 13.0 cps, Current: -25, -235
[19:20:38] [Server thread/INFO]: [Chunky] Task running for Gabito. Processed: 255315 chunks (0.65%), ETA: 872:27:06, Rate: 12.4 cps, Current: -32, -234
[19:20:41] [Server thread/INFO]: [Chunky] Task running for Gabito. Processed: 255337 chunks (0.65%), ETA: 817:58:22, Rate: 13.2 cps, Current: -27, -225
[19:20:43] [Server thread/INFO]: [Chunky] Task running for Gabito. Processed: 255353 chunks (0.65%), ETA: 831:46:04, Rate: 13.0 cps, Current: -26, -230
[19:20:44] [Server thread/INFO]: [Chunky] Task running for Gabito. Processed: 255378 chunks (0.65%), ETA: 804:55:23, Rate: 13.4 cps, Current: -23, -232
[19:20:45] [Server thread/INFO]: [Chunky] Task running for Gabito. Processed: 255402 chunks (0.65%), ETA: 790:25:33, Rate: 13.6 cps, Current: -18, -226
[19:20:46] [Server thread/INFO]: [Chunky] Task running for Gabito. Processed: 255422 chunks (0.65%), ETA: 780:49:31, Rate: 13.8 cps, Current: -24, -237
[19:20:47] [Server thread/INFO]: [Chunky] Task running for Gabito. Processed: 255470 chunks (0.65%), ETA: 721:25:32, Rate: 14.9 cps, Current: -19, -239
[19:20:49] [Server thread/INFO]: [Chunky] Task running for Gabito. Processed: 255490 chunks (0.65%), ETA: 710:52:47, Rate: 15.2 cps, Current: -16, -239
[19:20:50] [Server thread/INFO]: [Chunky] Task running for Gabito. Processed: 255493 chunks (0.65%), ETA: 719:36:12, Rate: 15.0 cps, Current: -15, -239
[19:20:51] [Server thread/INFO]: [Chunky] Task running for Gabito. Processed: 255518 chunks (0.65%), ETA: 721:48:59, Rate: 14.9 cps, Current: -13, -239
[19:20:52] [Server thread/INFO]: [Chunky] Task running for Gabito. Processed: 255540 chunks (0.65%), ETA: 728:40:11, Rate: 14.8 cps, Current: -15, -232
[19:20:54] [Server thread/INFO]: [Chunky] Task running for Gabito. Processed: 255571 chunks (0.65%), ETA: 702:24:07, Rate: 15.4 cps, Current: -13, -225
[19:20:55] [Server thread/INFO]: [Chunky] Task running for Gabito. Processed: 255611 chunks (0.65%), ETA: 674:40:19, Rate: 16.0 cps, Current: -9, -226
[19:20:56] [Server thread/INFO]: [Chunky] Task running for Gabito. Processed: 255643 chunks (0.65%), ETA: 650:17:36, Rate: 16.6 cps, Current: -7, -231
[19:20:57] [Server thread/INFO]: [Chunky] Task running for Gabito. Processed: 255691 chunks (0.65%), ETA: 626:27:34, Rate: 17.2 cps, Current: -1, -236
[19:20:58] [Server thread/INFO]: [Chunky] Task running for Gabito. Processed: 255733 chunks (0.65%), ETA: 596:41:13, Rate: 18.1 cps, Current: -2, -239
[19:21:00] [Server thread/INFO]: [Chunky] Task running for Gabito. Processed: 255754 chunks (0.65%), ETA: 596:19:08, Rate: 18.1 cps, Current: -2, -243
[19:21:01] [Server thread/INFO]: [Chunky] Task running for Gabito. Processed: 255785 chunks (0.65%), ETA: 577:17:02, Rate: 18.7 cps, Current: -7, -241
[19:21:02] [Server thread/INFO]: [Chunky] Task running for Gabito. Processed: 255800 chunks (0.65%), ETA: 569:24:25, Rate: 18.9 cps, Current: -9, -242
[19:21:03] [Server thread/INFO]: [Chunky] Task running for Gabito. Processed: 255828 chunks (0.65%), ETA: 558:16:49, Rate: 19.3 cps, Current: -14, -244
[19:21:04] [Server thread/INFO]: [Chunky] Task running for Gabito. Processed: 255866 chunks (0.65%), ETA: 530:47:38, Rate: 20.3 cps, Current: -15, -248
[19:21:05] [Server thread/INFO]: [Chunky] Task running for Gabito. Processed: 255894 chunks (0.65%), ETA: 515:32:00, Rate: 20.9 cps, Current: -9, -250
[19:21:07] [Server thread/INFO]: [Chunky] Task running for Gabito. Processed: 255914 chunks (0.65%), ETA: 502:23:44, Rate: 21.5 cps, Current: -15, -255
[19:21:08] [Server thread/INFO]: [Chunky] Task running for Gabito. Processed: 255933 chunks (0.65%), ETA: 507:50:58, Rate: 21.2 cps, Current: -12, -255
[19:21:09] [Server thread/INFO]: [Chunky] Task running for Gabito. Processed: 255980 chunks (0.66%), ETA: 465:38:50, Rate: 23.2 cps, Current: -11, -256
[19:21:10] [Server thread/INFO]: [Chunky] Task running for Gabito. Processed: 255994 chunks (0.66%), ETA: 475:40:01, Rate: 22.7 cps, Current: -7, -256
[19:21:13] [Server thread/INFO]: [Chunky] Task running for Gabito. Processed: 256001 chunks (0.66%), ETA: 510:08:19, Rate: 21.1 cps, Current: -62, -251
[19:21:14] [Server thread/INFO]: [Chunky] Task running for Gabito. Processed: 256019 chunks (0.66%), ETA: 514:25:41, Rate: 21.0 cps, Current: -61, -250
[19:21:16] [Server thread/INFO]: [Chunky] Task running for Gabito. Processed: 256022 chunks (0.66%), ETA: 531:31:37, Rate: 20.3 cps, Current: -62, -256
[19:21:17] [Server thread/INFO]: [Chunky] Task running for Gabito. Processed: 256046 chunks (0.66%), ETA: 553:22:25, Rate: 19.5 cps, Current: -58, -254
[19:21:18] [Server thread/INFO]: [Chunky] Task running for Gabito. Processed: 256058 chunks (0.66%), ETA: 553:19:38, Rate: 19.5 cps, Current: -60, -256
[19:21:19] [Server thread/INFO]: [Chunky] Task running for Gabito. Processed: 256063 chunks (0.66%), ETA: 552:15:27, Rate: 19.5 cps, Current: -56, -254
[19:21:21] [Server thread/INFO]: [Chunky] Task running for Gabito. Processed: 256071 chunks (0.66%), ETA: 578:08:17, Rate: 18.7 cps, Current: -55, -253
[19:21:22] [Server thread/INFO]: [Chunky] Task running for Gabito. Processed: 256097 chunks (0.66%), ETA: 573:16:42, Rate: 18.8 cps, Current: -50, -255
[19:21:24] [Server thread/INFO]: [Chunky] Task running for Gabito. Processed: 256100 chunks (0.66%), ETA: 634:32:53, Rate: 17.0 cps, Current: -50, -253
[19:21:25] [Server thread/INFO]: [Chunky] Task running for Gabito. Processed: 256116 chunks (0.66%), ETA: 637:09:26, Rate: 16.9 cps, Current: -55, -249
[19:21:26] [Server thread/INFO]: [Chunky] Task running for Gabito. Processed: 256124 chunks (0.66%), ETA: 721:47:29, Rate: 14.9 cps, Current: -52, -249
[19:21:27] [Server thread/INFO]: [Chunky] Task running for Gabito. Processed: 256145 chunks (0.66%), ETA: 763:28:45, Rate: 14.1 cps, Current: -50, -248
[19:21:29] [Server thread/INFO]: [Chunky] Task running for Gabito. Processed: 256160 chunks (0.66%), ETA: 770:50:22, Rate: 14.0 cps, Current: -56, -245
[19:21:30] [Server thread/INFO]: [Chunky] Task running for Gabito. Processed: 256175 chunks (0.66%), ETA: 799:11:00, Rate: 13.5 cps, Current: -51, -242
[19:21:31] [Server thread/INFO]: [Chunky] Task running for Gabito. Processed: 256199 chunks (0.66%), ETA: 781:50:54, Rate: 13.8 cps, Current: -49, -241
[19:21:32] [Server thread/INFO]: [Chunky] Task running for Gabito. Processed: 256214 chunks (0.66%), ETA: 803:12:28, Rate: 13.4 cps, Current: -61, -248
[19:21:33] [Server thread/INFO]: [Chunky] Task running for Gabito. Processed: 256232 chunks (0.66%), ETA: 796:01:27, Rate: 13.5 cps, Current: -63, -247
[19:21:34] [Server thread/INFO]: [Chunky] Task running for Gabito. Processed: 256241 chunks (0.66%), ETA: 893:37:28, Rate: 12.1 cps, Current: -63, -246
[19:21:36] [Server thread/INFO]: [Chunky] Task running for Gabito. Processed: 256248 chunks (0.66%), ETA: 944:56:37, Rate: 11.4 cps, Current: -60, -240
[19:21:37] [Server thread/INFO]: [Chunky] Task running for Gabito. Processed: 256253 chunks (0.66%), ETA: 987:36:01, Rate: 10.9 cps, Current: -57, -240
[19:21:39] [Server thread/INFO]: [Chunky] Task running for Gabito. Processed: 256259 chunks (0.66%), ETA: 1174:34:30, Rate: 9.2 cps, Current: -63, -243
[19:21:40] [Server thread/INFO]: [Chunky] Task running for Gabito. Processed: 256268 chunks (0.66%), ETA: 1072:13:21, Rate: 10.1 cps, Current: -60, -238
[19:21:41] [Server thread/INFO]: [Chunky] Task running for Gabito. Processed: 256275 chunks (0.66%), ETA: 1086:06:03, Rate: 9.9 cps, Current: -59, -237
[19:21:42] [Server thread/INFO]: [Chunky] Task running for Gabito. Processed: 256278 chunks (0.66%), ETA: 1113:26:22, Rate: 9.7 cps, Current: -64, -241
[19:21:43] [Server thread/INFO]: [Chunky] Task running for Gabito. Processed: 256294 chunks (0.66%), ETA: 1091:49:52, Rate: 9.9 cps, Current: -58, -236
[19:21:44] [Server thread/INFO]: [Chunky] Task running for Gabito. Processed: 256304 chunks (0.66%), ETA: 1118:17:58, Rate: 9.6 cps, Current: -63, -236
[19:21:45] [Server thread/INFO]: [Chunky] Task running for Gabito. Processed: 256307 chunks (0.66%), ETA: 1120:08:49, Rate: 9.6 cps, Current: -63, -235
[19:21:46] [Server thread/INFO]: [Chunky] Task running for Gabito. Processed: 256339 chunks (0.66%), ETA: 1088:05:19, Rate: 9.9 cps, Current: -64, -234
[19:21:47] [Server thread/INFO]: [Chunky] Task running for Gabito. Processed: 256373 chunks (0.66%), ETA: 1013:46:05, Rate: 10.6 cps, Current: -56, -232
[19:21:49] [Server thread/INFO]: [Chunky] Task running for Gabito. Processed: 256402 chunks (0.66%), ETA: 945:15:06, Rate: 11.4 cps, Current: -54, -226
[19:21:50] [Server thread/INFO]: [Chunky] Task running for Gabito. Processed: 256428 chunks (0.66%), ETA: 882:34:27, Rate: 12.2 cps, Current: -51, -229
[19:21:51] [Server thread/INFO]: [Chunky] Task running for Gabito. Processed: 256446 chunks (0.66%), ETA: 895:04:32, Rate: 12.0 cps, Current: -51, -234
[19:21:52] [Server thread/INFO]: [Chunky] Task running for Gabito. Processed: 256482 chunks (0.66%), ETA: 799:52:43, Rate: 13.5 cps, Current: -53, -236
[19:21:53] [Server thread/INFO]: [Chunky] Task running for Gabito. Processed: 256510 chunks (0.66%), ETA: 771:40:25, Rate: 14.0 cps, Current: -49, -235
[19:21:54] [Server thread/INFO]: [Chunky] Task running for Gabito. Processed: 256515 chunks (0.66%), ETA: 800:26:33, Rate: 13.5 cps, Current: -48, -238
[19:21:55] [Server thread/INFO]: [Chunky] Task running for Gabito. Processed: 256538 chunks (0.66%), ETA: 760:06:14, Rate: 14.2 cps, Current: -45, -235
[19:21:57] [Server thread/INFO]: [Chunky] Task running for Gabito. Processed: 256550 chunks (0.66%), ETA: 776:55:36, Rate: 13.9 cps, Current: -48, -233
[19:21:58] [Server thread/INFO]: [Chunky] Task running for Gabito. Processed: 256578 chunks (0.66%), ETA: 747:49:42, Rate: 14.4 cps, Current: -47, -228
[19:21:59] [Server thread/INFO]: [Chunky] Task running for Gabito. Processed: 256585 chunks (0.66%), ETA: 762:12:03, Rate: 14.1 cps, Current: -41, -236
[19:22:00] [Server thread/INFO]: [Chunky] Task running for Gabito. Processed: 256635 chunks (0.66%), ETA: 721:48:40, Rate: 14.9 cps, Current: -41, -231
[19:22:01] [Server thread/INFO]: [Chunky] Task running for Gabito. Processed: 256667 chunks (0.66%), ETA: 699:43:22, Rate: 15.4 cps, Current: -33, -227
[19:22:02] [Server thread/INFO]: [Chunky] Task running for Gabito. Processed: 256716 chunks (0.66%), ETA: 655:26:31, Rate: 16.5 cps, Current: -34, -234
[19:22:03] [Server thread/INFO]: [Chunky] Task running for Gabito. Processed: 256766 chunks (0.66%), ETA: 598:25:38, Rate: 18.0 cps, Current: -33, -241
[19:22:05] [Server thread/INFO]: [Chunky] Task running for Gabito. Processed: 256779 chunks (0.66%), ETA: 580:50:03, Rate: 18.6 cps, Current: -34, -246
[19:22:06] [Server thread/INFO]: [Chunky] Task running for Gabito. Processed: 256809 chunks (0.66%), ETA: 570:50:15, Rate: 18.9 cps, Current: -35, -247
[19:22:07] [Server thread/INFO]: [Chunky] Task running for Gabito. Processed: 256839 chunks (0.66%), ETA: 549:19:03, Rate: 19.6 cps, Current: -36, -248
[19:22:08] [Server thread/INFO]: [Chunky] Task running for Gabito. Processed: 256850 chunks (0.66%), ETA: 531:39:17, Rate: 20.3 cps, Current: -47, -244
[19:22:09] [Server thread/INFO]: [Chunky] Task running for Gabito. Processed: 256867 chunks (0.66%), ETA: 523:34:39, Rate: 20.6 cps, Current: -45, -245
[19:22:10] [Server thread/INFO]: [Chunky] Task running for Gabito. Processed: 256897 chunks (0.66%), ETA: 507:03:05, Rate: 21.3 cps, Current: -42, -249
[19:22:11] [Server thread/INFO]: [Chunky] Task running for Gabito. Processed: 256918 chunks (0.66%), ETA: 494:05:28, Rate: 21.8 cps, Current: -47, -251
[19:22:13] [Server thread/INFO]: [Chunky] Task running for Gabito. Processed: 256939 chunks (0.66%), ETA: 491:52:08, Rate: 21.9 cps, Current: -47, -256
[19:22:14] [Server thread/INFO]: [Chunky] Task running for Gabito. Processed: 256958 chunks (0.66%), ETA: 483:56:29, Rate: 22.3 cps, Current: -39, -254
[19:22:15] [Server thread/INFO]: [Chunky] Task running for Gabito. Processed: 257010 chunks (0.66%), ETA: 449:08:21, Rate: 24.0 cps, Current: -33, -255
[19:22:19] [Server thread/INFO]: [Chunky] Task running for Gabito. Processed: 257025 chunks (0.66%), ETA: 530:54:58, Rate: 20.3 cps, Current: -91, -251
[19:22:21] [Server thread/INFO]: [Chunky] Task running for Gabito. Processed: 257045 chunks (0.66%), ETA: 532:59:31, Rate: 20.2 cps, Current: -91, -250
[19:22:22] [Server thread/INFO]: [Chunky] Task running for Gabito. Processed: 257060 chunks (0.66%), ETA: 554:42:25, Rate: 19.4 cps, Current: -96, -254
[19:22:23] [Server thread/INFO]: [Chunky] Task running for Gabito. Processed: 257081 chunks (0.66%), ETA: 564:30:40, Rate: 19.1 cps, Current: -92, -255
[19:22:24] [Server thread/INFO]: [Chunky] Task running for Gabito. Processed: 257090 chunks (0.66%), ETA: 557:14:23, Rate: 19.4 cps, Current: -88, -253
[19:22:25] [Server thread/INFO]: [Chunky] Task running for Gabito. Processed: 257101 chunks (0.66%), ETA: 569:43:36, Rate: 18.9 cps, Current: -83, -254
[19:22:26] [Server thread/INFO]: [Chunky] Task running for Gabito. Processed: 257125 chunks (0.66%), ETA: 553:58:55, Rate: 19.5 cps, Current: -82, -252
[19:22:27] [Server thread/INFO]: [Chunky] Task running for Gabito. Processed: 257145 chunks (0.66%), ETA: 561:37:45, Rate: 19.2 cps, Current: -81, -253
[19:22:29] [Server thread/INFO]: [Chunky] Task running for Gabito. Processed: 257161 chunks (0.66%), ETA: 557:56:10, Rate: 19.3 cps, Current: -87, -246
[19:22:30] [Server thread/INFO]: [Chunky] Task running for Gabito. Processed: 257175 chunks (0.66%), ETA: 590:55:02, Rate: 18.2 cps, Current: -84, -245
[19:22:31] [Server thread/INFO]: [Chunky] Task running for Gabito. Processed: 257193 chunks (0.66%), ETA: 602:57:09, Rate: 17.9 cps, Current: -82, -242
[19:22:32] [Server thread/INFO]: [Chunky] Task running for Gabito. Processed: 257209 chunks (0.66%), ETA: 647:37:04, Rate: 16.6 cps, Current: -90, -248
[19:22:33] [Server thread/INFO]: [Chunky] Task running for Gabito. Processed: 257241 chunks (0.66%), ETA: 677:21:45, Rate: 15.9 cps, Current: -96, -248
[19:22:34] [Server thread/INFO]: [Chunky] Task running for Gabito. Processed: 257264 chunks (0.66%), ETA: 661:11:02, Rate: 16.3 cps, Current: -96, -247
[19:22:35] [Server thread/INFO]: [Chunky] Task running for Gabito. Processed: 257277 chunks (0.66%), ETA: 685:15:53, Rate: 15.7 cps, Current: -95, -244
[19:22:37] [Server thread/INFO]: [Chunky] Task running for Gabito. Processed: 257294 chunks (0.66%), ETA: 703:28:34, Rate: 15.3 cps, Current: -90, -239
[19:22:38] [Server thread/INFO]: [Chunky] Task running for Gabito. Processed: 257301 chunks (0.66%), ETA: 708:41:59, Rate: 15.2 cps, Current: -92, -237
[19:22:39] [Server thread/INFO]: [Chunky] Task running for Gabito. Processed: 257319 chunks (0.66%), ETA: 707:23:48, Rate: 15.2 cps, Current: -93, -235
[19:22:40] [Server thread/INFO]: [Chunky] Task running for Gabito. Processed: 257329 chunks (0.66%), ETA: 738:25:38, Rate: 14.6 cps, Current: -96, -236
[19:22:41] [Server thread/INFO]: [Chunky] Task running for Gabito. Processed: 257334 chunks (0.66%), ETA: 767:21:17, Rate: 14.1 cps, Current: -89, -234
[19:22:42] [Server thread/INFO]: [Chunky] Task running for Gabito. Processed: 257370 chunks (0.66%), ETA: 737:00:56, Rate: 14.6 cps, Current: -96, -233
[19:22:43] [Server thread/INFO]: [Chunky] Task running for Gabito. Processed: 257404 chunks (0.66%), ETA: 713:16:19, Rate: 15.1 cps, Current: -89, -226
[19:22:44] [Server thread/INFO]: [Chunky] Task running for Gabito. Processed: 257431 chunks (0.66%), ETA: 757:37:20, Rate: 14.2 cps, Current: -85, -226
[19:22:45] [Server thread/INFO]: [Chunky] Task running for Gabito. Processed: 257450 chunks (0.66%), ETA: 657:47:32, Rate: 16.4 cps, Current: -82, -226
[19:22:46] [Server thread/INFO]: [Chunky] Task running for Gabito. Processed: 257479 chunks (0.66%), ETA: 641:24:48, Rate: 16.8 cps, Current: -82, -230
[19:22:48] [Server thread/INFO]: [Chunky] Task running for Gabito. Processed: 257515 chunks (0.66%), ETA: 618:19:17, Rate: 17.4 cps, Current: -83, -240
[19:22:49] [Server thread/INFO]: [Chunky] Task running for Gabito. Processed: 257538 chunks (0.66%), ETA: 620:50:24, Rate: 17.4 cps, Current: -80, -239
[19:22:50] [Server thread/INFO]: [Chunky] Task running for Gabito. Processed: 257545 chunks (0.66%), ETA: 630:21:50, Rate: 17.1 cps, Current: -80, -237
[19:22:51] [Server thread/INFO]: [Chunky] Task running for Gabito. Processed: 257566 chunks (0.66%), ETA: 621:19:47, Rate: 17.4 cps, Current: -77, -239
[19:22:52] [Server thread/INFO]: [Chunky] Task running for Gabito. Processed: 257586 chunks (0.66%), ETA: 620:14:05, Rate: 17.4 cps, Current: -80, -230
[19:22:53] [Server thread/INFO]: [Chunky] Task running for Gabito. Processed: 257609 chunks (0.66%), ETA: 606:17:37, Rate: 17.8 cps, Current: -78, -232
[19:22:55] [Server thread/INFO]: [Chunky] Task running for Gabito. Processed: 257646 chunks (0.66%), ETA: 576:50:57, Rate: 18.7 cps, Current: -75, -231
[19:22:56] [Server thread/INFO]: [Chunky] Task running for Gabito. Processed: 257665 chunks (0.66%), ETA: 583:28:32, Rate: 18.5 cps, Current: -72, -232
[19:22:57] [Server thread/INFO]: [Chunky] Task running for Gabito. Processed: 257717 chunks (0.66%), ETA: 549:46:47, Rate: 19.6 cps, Current: -70, -231
[19:22:58] [Server thread/INFO]: [Chunky] Task running for Gabito. Processed: 257741 chunks (0.66%), ETA: 540:40:08, Rate: 19.9 cps, Current: -66, -234
[19:22:59] [Server thread/INFO]: [Chunky] Task running for Gabito. Processed: 257793 chunks (0.66%), ETA: 512:04:32, Rate: 21.1 cps, Current: -65, -241
[19:23:00] [Server thread/INFO]: [Chunky] Task running for Gabito. Processed: 257808 chunks (0.66%), ETA: 516:27:35, Rate: 20.9 cps, Current: -67, -242
[19:23:02] [Server thread/INFO]: [Chunky] Task running for Gabito. Processed: 257835 chunks (0.66%), ETA: 506:41:37, Rate: 21.3 cps, Current: -71, -242
[19:23:03] [Server thread/INFO]: [Chunky] Task running for Gabito. Processed: 257866 chunks (0.66%), ETA: 506:25:03, Rate: 21.3 cps, Current: -80, -244
[19:23:04] [Server thread/INFO]: [Chunky] Task running for Gabito. Processed: 257908 chunks (0.66%), ETA: 491:26:56, Rate: 21.9 cps, Current: -79, -247
[19:23:05] [Server thread/INFO]: [Chunky] Task running for Gabito. Processed: 257932 chunks (0.66%), ETA: 486:17:53, Rate: 22.2 cps, Current: -79, -250
[19:23:06] [Server thread/INFO]: [Chunky] Task running for Gabito. Processed: 257955 chunks (0.66%), ETA: 479:44:25, Rate: 22.5 cps, Current: -76, -251
[19:23:07] [Server thread/INFO]: [Chunky] Task running for Gabito. Processed: 257971 chunks (0.66%), ETA: 472:30:07, Rate: 22.8 cps, Current: -75, -254
[19:23:08] [Server thread/INFO]: [Chunky] Task running for Gabito. Processed: 258002 chunks (0.66%), ETA: 462:50:36, Rate: 23.3 cps, Current: -70, -251
[19:23:09] [Server thread/INFO]: [Chunky] Task running for Gabito. Processed: 258040 chunks (0.66%), ETA: 443:42:08, Rate: 24.3 cps, Current: -65, -256
[19:23:13] [Server thread/INFO]: [Chunky] Task running for Gabito. Processed: 258049 chunks (0.66%), ETA: 496:58:44, Rate: 21.7 cps, Current: -126, -251
[19:23:14] [Server thread/INFO]: [Chunky] Task running for Gabito. Processed: 258066 chunks (0.66%), ETA: 501:23:07, Rate: 21.5 cps, Current: -125, -252
[19:23:15] [Server thread/INFO]: [Chunky] Task running for Gabito. Processed: 258081 chunks (0.66%), ETA: 509:30:22, Rate: 21.2 cps, Current: -125, -254
[19:23:17] [Server thread/INFO]: [Chunky] Task running for Gabito. Processed: 258098 chunks (0.66%), ETA: 542:56:43, Rate: 19.9 cps, Current: -121, -254
[19:23:19] [Server thread/INFO]: [Chunky] Task running for Gabito. Processed: 258099 chunks (0.66%), ETA: 569:05:31, Rate: 18.9 cps, Current: -124, -255
[19:23:20] [Server thread/INFO]: [Chunky] Task running for Gabito. Processed: 258106 chunks (0.66%), ETA: 583:54:27, Rate: 18.5 cps, Current: -124, -256
[19:23:22] [Server thread/INFO]: [Chunky] Task running for Gabito. Processed: 258111 chunks (0.66%), ETA: 609:48:14, Rate: 17.7 cps, Current: -120, -254
[19:23:23] [Server thread/INFO]: [Chunky] Task running for Gabito. Processed: 258116 chunks (0.66%), ETA: 628:58:12, Rate: 17.1 cps, Current: -123, -256
[19:23:24] [Server thread/INFO]: [Chunky] Task running for Gabito. Processed: 258145 chunks (0.66%), ETA: 641:30:47, Rate: 16.8 cps, Current: -118, -256
[19:23:25] [Server thread/INFO]: [Chunky] Task running for Gabito. Processed: 258153 chunks (0.66%), ETA: 653:50:56, Rate: 16.5 cps, Current: -119, -250
[19:23:26] [Server thread/INFO]: [Chunky] Task running for Gabito. Processed: 258173 chunks (0.66%), ETA: 700:21:50, Rate: 15.4 cps, Current: -115, -249
[19:23:27] [Server thread/INFO]: [Chunky] Task running for Gabito. Processed: 258193 chunks (0.66%), ETA: 707:09:59, Rate: 15.2 cps, Current: -114, -248
[19:23:29] [Server thread/INFO]: [Chunky] Task running for Gabito. Processed: 258211 chunks (0.66%), ETA: 760:29:01, Rate: 14.2 cps, Current: -114, -245
[19:23:30] [Server thread/INFO]: [Chunky] Task running for Gabito. Processed: 258233 chunks (0.66%), ETA: 756:31:00, Rate: 14.3 cps, Current: -118, -242
[19:23:31] [Server thread/INFO]: [Chunky] Task running for Gabito. Processed: 258264 chunks (0.66%), ETA: 744:26:19, Rate: 14.5 cps, Current: -127, -248
[19:23:32] [Server thread/INFO]: [Chunky] Task running for Gabito. Processed: 258281 chunks (0.66%), ETA: 765:59:33, Rate: 14.1 cps, Current: -125, -245
[19:23:33] [Server thread/INFO]: [Chunky] Task running for Gabito. Processed: 258301 chunks (0.66%), ETA: 811:31:38, Rate: 13.3 cps, Current: -127, -244
[19:23:35] [Server thread/INFO]: [Chunky] Task running for Gabito. Processed: 258315 chunks (0.66%), ETA: 827:33:00, Rate: 13.0 cps, Current: -125, -238
[19:23:36] [Server thread/INFO]: [Chunky] Task running for Gabito. Processed: 258323 chunks (0.66%), ETA: 861:48:13, Rate: 12.5 cps, Current: -123, -237
[19:23:37] [Server thread/INFO]: [Chunky] Task running for Gabito. Processed: 258341 chunks (0.66%), ETA: 863:24:22, Rate: 12.5 cps, Current: -122, -236
[19:23:39] [Server thread/INFO]: [Chunky] Task running for Gabito. Processed: 258351 chunks (0.66%), ETA: 1029:59:45, Rate: 10.5 cps, Current: -127, -236
[19:23:40] [Server thread/INFO]: [Chunky] Task running for Gabito. Processed: 258353 chunks (0.66%), ETA: 962:06:30, Rate: 11.2 cps, Current: -121, -236
[19:23:41] [Server thread/INFO]: [Chunky] Task running for Gabito. Processed: 258356 chunks (0.66%), ETA: 994:09:05, Rate: 10.8 cps, Current: -127, -234
[19:23:42] [Server thread/INFO]: [Chunky] Task running for Gabito. Processed: 258388 chunks (0.66%), ETA: 932:31:06, Rate: 11.6 cps, Current: -125, -232
[19:23:43] [Server thread/INFO]: [Chunky] Task running for Gabito. Processed: 258422 chunks (0.66%), ETA: 890:46:11, Rate: 12.1 cps, Current: -121, -226
[19:23:45] [Server thread/INFO]: [Chunky] Task running for Gabito. Processed: 258450 chunks (0.66%), ETA: 854:34:33, Rate: 12.6 cps, Current: -119, -232
[19:23:46] [Server thread/INFO]: [Chunky] Task running for Gabito. Processed: 258474 chunks (0.66%), ETA: 823:29:33, Rate: 13.1 cps, Current: -114, -226
[19:23:47] [Server thread/INFO]: [Chunky] Task running for Gabito. Processed: 258498 chunks (0.66%), ETA: 804:16:02, Rate: 13.4 cps, Current: -120, -238
[19:23:48] [Server thread/INFO]: [Chunky] Task running for Gabito. Processed: 258546 chunks (0.66%), ETA: 705:08:12, Rate: 15.3 cps, Current: -114, -240
[19:23:49] [Server thread/INFO]: [Chunky] Task running for Gabito. Processed: 258562 chunks (0.66%), ETA: 678:37:37, Rate: 15.9 cps, Current: -112, -239
[19:23:50] [Server thread/INFO]: [Chunky] Task running for Gabito. Processed: 258565 chunks (0.66%), ETA: 699:36:36, Rate: 15.4 cps, Current: -111, -239
[19:23:51] [Server thread/INFO]: [Chunky] Task running for Gabito. Processed: 258590 chunks (0.66%), ETA: 663:44:33, Rate: 16.2 cps, Current: -109, -239
[19:23:53] [Server thread/INFO]: [Chunky] Task running for Gabito. Processed: 258612 chunks (0.66%), ETA: 641:43:59, Rate: 16.8 cps, Current: -112, -229
[19:23:54] [Server thread/INFO]: [Chunky] Task running for Gabito. Processed: 258633 chunks (0.66%), ETA: 650:21:25, Rate: 16.6 cps, Current: -110, -232
[19:23:55] [Server thread/INFO]: [Chunky] Task running for Gabito. Processed: 258675 chunks (0.66%), ETA: 614:55:18, Rate: 17.5 cps, Current: -106, -226
[19:23:56] [Server thread/INFO]: [Chunky] Task running for Gabito. Processed: 258697 chunks (0.66%), ETA: 614:35:29, Rate: 17.5 cps, Current: -103, -230
[19:23:57] [Server thread/INFO]: [Chunky] Task running for Gabito. Processed: 258753 chunks (0.66%), ETA: 574:47:11, Rate: 18.8 cps, Current: -97, -233
[19:23:58] [Server thread/INFO]: [Chunky] Task running for Gabito. Processed: 258791 chunks (0.66%), ETA: 552:10:44, Rate: 19.5 cps, Current: -97, -238
[19:23:59] [Server thread/INFO]: [Chunky] Task running for Gabito. Processed: 258822 chunks (0.66%), ETA: 534:38:10, Rate: 20.2 cps, Current: -97, -244
[19:24:01] [Server thread/INFO]: [Chunky] Task running for Gabito. Processed: 258846 chunks (0.66%), ETA: 542:05:27, Rate: 19.9 cps, Current: -102, -241
[19:24:02] [Server thread/INFO]: [Chunky] Task running for Gabito. Processed: 258869 chunks (0.66%), ETA: 537:16:56, Rate: 20.1 cps, Current: -104, -242
[19:24:03] [Server thread/INFO]: [Chunky] Task running for Gabito. Processed: 258899 chunks (0.66%), ETA: 530:52:06, Rate: 20.3 cps, Current: -112, -245
[19:24:04] [Server thread/INFO]: [Chunky] Task running for Gabito. Processed: 258945 chunks (0.66%), ETA: 507:58:42, Rate: 21.2 cps, Current: -112, -249
[19:24:05] [Server thread/INFO]: [Chunky] Task running for Gabito. Processed: 258969 chunks (0.66%), ETA: 495:50:57, Rate: 21.7 cps, Current: -110, -251
[19:24:06] [Server thread/INFO]: [Chunky] Task running for Gabito. Processed: 258987 chunks (0.66%), ETA: 492:23:57, Rate: 21.9 cps, Current: -106, -252
[19:24:07] [Server thread/INFO]: [Chunky] Task running for Gabito. Processed: 259010 chunks (0.66%), ETA: 463:55:46, Rate: 23.2 cps, Current: -99, -249
[19:24:09] [Server thread/INFO]: [Chunky] Task running for Gabito. Processed: 259053 chunks (0.66%), ETA: 453:42:41, Rate: 23.8 cps, Current: -97, -254
[19:24:12] [Server thread/INFO]: [Chunky] Task running for Gabito. Processed: 259073 chunks (0.66%), ETA: 478:51:55, Rate: 22.5 cps, Current: -158, -251
[19:24:14] [Server thread/INFO]: [Chunky] Task running for Gabito. Processed: 259091 chunks (0.66%), ETA: 486:30:31, Rate: 22.2 cps, Current: -157, -250
[19:24:15] [Server thread/INFO]: [Chunky] Task running for Gabito. Processed: 259102 chunks (0.66%), ETA: 496:11:11, Rate: 21.7 cps, Current: -160, -253
[19:24:16] [Server thread/INFO]: [Chunky] Task running for Gabito. Processed: 259123 chunks (0.66%), ETA: 497:33:23, Rate: 21.7 cps, Current: -153, -253
[19:24:17] [Server thread/INFO]: [Chunky] Task running for Gabito. Processed: 259135 chunks (0.66%), ETA: 530:48:44, Rate: 20.3 cps, Current: -152, -254
[19:24:18] [Server thread/INFO]: [Chunky] Task running for Gabito. Processed: 259143 chunks (0.66%), ETA: 535:12:00, Rate: 20.1 cps, Current: -151, -253
[19:24:19] [Server thread/INFO]: [Chunky] Task running for Gabito. Processed: 259172 chunks (0.66%), ETA: 528:19:35, Rate: 20.4 cps, Current: -146, -253
[19:24:20] [Server thread/INFO]: [Chunky] Task running for Gabito. Processed: 259193 chunks (0.66%), ETA: 514:09:08, Rate: 21.0 cps, Current: -149, -249
[19:24:21] [Server thread/INFO]: [Chunky] Task running for Gabito. Processed: 259209 chunks (0.66%), ETA: 520:22:42, Rate: 20.7 cps, Current: -151, -246
[19:24:23] [Server thread/INFO]: [Chunky] Task running for Gabito. Processed: 259225 chunks (0.66%), ETA: 523:30:51, Rate: 20.6 cps, Current: -150, -245
[19:24:24] [Server thread/INFO]: [Chunky] Task running for Gabito. Processed: 259245 chunks (0.66%), ETA: 527:39:25, Rate: 20.4 cps, Current: -147, -242
[19:24:25] [Server thread/INFO]: [Chunky] Task running for Gabito. Processed: 259268 chunks (0.66%), ETA: 539:12:58, Rate: 20.0 cps, Current: -145, -242
[19:24:26] [Server thread/INFO]: [Chunky] Task running for Gabito. Processed: 259294 chunks (0.66%), ETA: 533:28:53, Rate: 20.2 cps, Current: -156, -246
[19:24:27] [Server thread/INFO]: [Chunky] Task running for Gabito. Processed: 259313 chunks (0.66%), ETA: 566:38:53, Rate: 19.0 cps, Current: -159, -246
[19:24:28] [Server thread/INFO]: [Chunky] Task running for Gabito. Processed: 259328 chunks (0.66%), ETA: 594:03:33, Rate: 18.1 cps, Current: -159, -243
[19:24:30] [Server thread/INFO]: [Chunky] Task running for Gabito. Processed: 259346 chunks (0.66%), ETA: 623:38:29, Rate: 17.3 cps, Current: -154, -238
[19:24:31] [Server thread/INFO]: [Chunky] Task running for Gabito. Processed: 259365 chunks (0.66%), ETA: 631:21:02, Rate: 17.1 cps, Current: -157, -236
[19:24:32] [Server thread/INFO]: [Chunky] Task running for Gabito. Processed: 259378 chunks (0.66%), ETA: 655:56:04, Rate: 16.4 cps, Current: -153, -236
[19:24:33] [Server thread/INFO]: [Chunky] Task running for Gabito. Processed: 259404 chunks (0.66%), ETA: 676:34:38, Rate: 15.9 cps, Current: -157, -225
[19:24:34] [Server thread/INFO]: [Chunky] Task running for Gabito. Processed: 259433 chunks (0.66%), ETA: 659:37:35, Rate: 16.3 cps, Current: -155, -225
[19:24:36] [Server thread/INFO]: [Chunky] Task running for Gabito. Processed: 259458 chunks (0.66%), ETA: 666:34:15, Rate: 16.2 cps, Current: -152, -225
[19:24:37] [Server thread/INFO]: [Chunky] Task running for Gabito. Processed: 259481 chunks (0.66%), ETA: 666:12:18, Rate: 16.2 cps, Current: -148, -226
[19:24:38] [Server thread/INFO]: [Chunky] Task running for Gabito. Processed: 259499 chunks (0.66%), ETA: 701:43:40, Rate: 15.4 cps, Current: -150, -232
[19:24:39] [Server thread/INFO]: [Chunky] Task running for Gabito. Processed: 259537 chunks (0.66%), ETA: 615:19:12, Rate: 17.5 cps, Current: -146, -230
[19:24:40] [Server thread/INFO]: [Chunky] Task running for Gabito. Processed: 259575 chunks (0.66%), ETA: 591:05:03, Rate: 18.2 cps, Current: -145, -231
[19:24:42] [Server thread/INFO]: [Chunky] Task running for Gabito. Processed: 259587 chunks (0.66%), ETA: 613:18:01, Rate: 17.6 cps, Current: -144, -238
[19:24:43] [Server thread/INFO]: [Chunky] Task running for Gabito. Processed: 259614 chunks (0.66%), ETA: 602:57:04, Rate: 17.9 cps, Current: -141, -239
[19:24:44] [Server thread/INFO]: [Chunky] Task running for Gabito. Processed: 259636 chunks (0.66%), ETA: 592:58:19, Rate: 18.2 cps, Current: -144, -229
[19:24:45] [Server thread/INFO]: [Chunky] Task running for Gabito. Processed: 259659 chunks (0.66%), ETA: 595:43:21, Rate: 18.1 cps, Current: -137, -234
[19:24:47] [Server thread/INFO]: [Chunky] Task running for Gabito. Processed: 259707 chunks (0.66%), ETA: 556:57:30, Rate: 19.4 cps, Current: -137, -226
[19:24:48] [Server thread/INFO]: [Chunky] Task running for Gabito. Processed: 259721 chunks (0.66%), ETA: 549:26:10, Rate: 19.6 cps, Current: -135, -230
[19:24:49] [Server thread/INFO]: [Chunky] Task running for Gabito. Processed: 259780 chunks (0.66%), ETA: 523:02:32, Rate: 20.6 cps, Current: -129, -236
[19:24:50] [Server thread/INFO]: [Chunky] Task running for Gabito. Processed: 259827 chunks (0.66%), ETA: 501:31:26, Rate: 21.5 cps, Current: -135, -239
[19:24:51] [Server thread/INFO]: [Chunky] Task running for Gabito. Processed: 259849 chunks (0.67%), ETA: 495:43:08, Rate: 21.8 cps, Current: -130, -241
[19:24:52] [Server thread/INFO]: [Chunky] Task running for Gabito. Processed: 259882 chunks (0.67%), ETA: 482:54:40, Rate: 22.3 cps, Current: -135, -241
[19:24:53] [Server thread/INFO]: [Chunky] Task running for Gabito. Processed: 259911 chunks (0.67%), ETA: 473:33:57, Rate: 22.8 cps, Current: -132, -248
[19:24:54] [Server thread/INFO]: [Chunky] Task running for Gabito. Processed: 259944 chunks (0.67%), ETA: 466:27:32, Rate: 23.1 cps, Current: -142, -246
[19:24:55] [Server thread/INFO]: [Chunky] Task running for Gabito. Processed: 259969 chunks (0.67%), ETA: 468:48:27, Rate: 23.0 cps, Current: -138, -249
[19:24:56] [Server thread/INFO]: [Chunky] Task running for Gabito. Processed: 259994 chunks (0.67%), ETA: 464:12:31, Rate: 23.2 cps, Current: -137, -250
[19:24:57] [Server thread/INFO]: [Chunky] Task running for Gabito. Processed: 260018 chunks (0.67%), ETA: 458:50:55, Rate: 23.5 cps, Current: -138, -254
[19:24:59] [Server thread/INFO]: [Chunky] Task running for Gabito. Processed: 260052 chunks (0.67%), ETA: 442:37:24, Rate: 24.4 cps, Current: -134, -251
[19:25:00] [Server thread/INFO]: [Chunky] Task running for Gabito. Processed: 260089 chunks (0.67%), ETA: 428:28:51, Rate: 25.2 cps, Current: -136, -256
[19:25:03] [Server thread/INFO]: [Chunky] Task running for Gabito. Processed: 260097 chunks (0.67%), ETA: 464:31:24, Rate: 23.2 cps, Current: -190, -251
[19:25:04] [Server thread/INFO]: [Chunky] Task running for Gabito. Processed: 260115 chunks (0.67%), ETA: 473:34:06, Rate: 22.8 cps, Current: -189, -250
[19:25:06] [Server thread/INFO]: [Chunky] Task running for Gabito. Processed: 260128 chunks (0.67%), ETA: 480:52:46, Rate: 22.4 cps, Current: -192, -255
[19:25:07] [Server thread/INFO]: [Chunky] Task running for Gabito. Processed: 260148 chunks (0.67%), ETA: 481:01:42, Rate: 22.4 cps, Current: -188, -255
[19:25:08] [Server thread/INFO]: [Chunky] Task running for Gabito. Processed: 260159 chunks (0.67%), ETA: 501:07:07, Rate: 21.5 cps, Current: -184, -254
[19:25:09] [Server thread/INFO]: [Chunky] Task running for Gabito. Processed: 260171 chunks (0.67%), ETA: 522:11:24, Rate: 20.6 cps, Current: -186, -256
[19:25:10] [Server thread/INFO]: [Chunky] Task running for Gabito. Processed: 260196 chunks (0.67%), ETA: 503:12:49, Rate: 21.4 cps, Current: -178, -253
[19:25:11] [Server thread/INFO]: [Chunky] Task running for Gabito. Processed: 260220 chunks (0.67%), ETA: 506:04:05, Rate: 21.3 cps, Current: -180, -249
[19:25:13] [Server thread/INFO]: [Chunky] Task running for Gabito. Processed: 260241 chunks (0.67%), ETA: 513:32:49, Rate: 21.0 cps, Current: -178, -248
[19:25:14] [Server thread/INFO]: [Chunky] Task running for Gabito. Processed: 260256 chunks (0.67%), ETA: 515:30:57, Rate: 20.9 cps, Current: -184, -245
[19:25:15] [Server thread/INFO]: [Chunky] Task running for Gabito. Processed: 260270 chunks (0.67%), ETA: 518:33:05, Rate: 20.8 cps, Current: -184, -243
[19:25:16] [Server thread/INFO]: [Chunky] Task running for Gabito. Processed: 260298 chunks (0.67%), ETA: 539:08:51, Rate: 20.0 cps, Current: -185, -242
[19:25:17] [Server thread/INFO]: [Chunky] Task running for Gabito. Processed: 260323 chunks (0.67%), ETA: 532:49:00, Rate: 20.2 cps, Current: -190, -246
[19:25:18] [Server thread/INFO]: [Chunky] Task running for Gabito. Processed: 260344 chunks (0.67%), ETA: 567:46:26, Rate: 19.0 cps, Current: -188, -240
[19:25:19] [Server thread/INFO]: [Chunky] Task running for Gabito. Processed: 260359 chunks (0.67%), ETA: 599:05:25, Rate: 18.0 cps, Current: -191, -240
[19:25:21] [Server thread/INFO]: [Chunky] Task running for Gabito. Processed: 260372 chunks (0.67%), ETA: 612:19:19, Rate: 17.6 cps, Current: -192, -242
[19:25:22] [Server thread/INFO]: [Chunky] Task running for Gabito. Processed: 260391 chunks (0.67%), ETA: 630:21:24, Rate: 17.1 cps, Current: -189, -235
[19:25:23] [Server thread/INFO]: [Chunky] Task running for Gabito. Processed: 260401 chunks (0.67%), ETA: 657:48:05, Rate: 16.4 cps, Current: -185, -236
[19:25:24] [Server thread/INFO]: [Chunky] Task running for Gabito. Processed: 260420 chunks (0.67%), ETA: 676:56:58, Rate: 15.9 cps, Current: -190, -226
[19:25:25] [Server thread/INFO]: [Chunky] Task running for Gabito. Processed: 260457 chunks (0.67%), ETA: 657:05:44, Rate: 16.4 cps, Current: -187, -225
[19:25:26] [Server thread/INFO]: [Chunky] Task running for Gabito. Processed: 260482 chunks (0.67%), ETA: 657:18:56, Rate: 16.4 cps, Current: -184, -225
[19:25:27] [Server thread/INFO]: [Chunky] Task running for Gabito. Processed: 260505 chunks (0.67%), ETA: 653:41:27, Rate: 16.5 cps, Current: -180, -226
[19:25:28] [Server thread/INFO]: [Chunky] Task running for Gabito. Processed: 260532 chunks (0.67%), ETA: 667:18:20, Rate: 16.2 cps, Current: -178, -227
[19:25:29] [Server thread/INFO]: [Chunky] Task running for Gabito. Processed: 260567 chunks (0.67%), ETA: 670:20:20, Rate: 16.1 cps, Current: -180, -235
[19:25:31] [Server thread/INFO]: [Chunky] Task running for Gabito. Processed: 260610 chunks (0.67%), ETA: 583:04:33, Rate: 18.5 cps, Current: -176, -239
[19:25:32] [Server thread/INFO]: [Chunky] Task running for Gabito. Processed: 260613 chunks (0.67%), ETA: 601:27:52, Rate: 17.9 cps, Current: -175, -239
[19:25:33] [Server thread/INFO]: [Chunky] Task running for Gabito. Processed: 260638 chunks (0.67%), ETA: 594:47:15, Rate: 18.1 cps, Current: -173, -239
[19:25:34] [Server thread/INFO]: [Chunky] Task running for Gabito. Processed: 260660 chunks (0.67%), ETA: 583:16:53, Rate: 18.5 cps, Current: -176, -229
[19:25:35] [Server thread/INFO]: [Chunky] Task running for Gabito. Processed: 260684 chunks (0.67%), ETA: 574:56:11, Rate: 18.8 cps, Current: -169, -234
[19:25:37] [Server thread/INFO]: [Chunky] Task running for Gabito. Processed: 260738 chunks (0.67%), ETA: 542:39:22, Rate: 19.9 cps, Current: -168, -231
[19:25:38] [Server thread/INFO]: [Chunky] Task running for Gabito. Processed: 260801 chunks (0.67%), ETA: 498:45:41, Rate: 21.6 cps, Current: -161, -233
[19:25:39] [Server thread/INFO]: [Chunky] Task running for Gabito. Processed: 260851 chunks (0.67%), ETA: 476:44:43, Rate: 22.6 cps, Current: -167, -239
[19:25:40] [Server thread/INFO]: [Chunky] Task running for Gabito. Processed: 260872 chunks (0.67%), ETA: 476:30:29, Rate: 22.6 cps, Current: -161, -248
[19:25:42] [Server thread/INFO]: [Chunky] Task running for Gabito. Processed: 260906 chunks (0.67%), ETA: 468:39:49, Rate: 23.0 cps, Current: -167, -241
[19:25:43] [Server thread/INFO]: [Chunky] Task running for Gabito. Processed: 260937 chunks (0.67%), ETA: 463:55:18, Rate: 23.2 cps, Current: -176, -244
[19:25:44] [Server thread/INFO]: [Chunky] Task running for Gabito. Processed: 260979 chunks (0.67%), ETA: 445:54:20, Rate: 24.2 cps, Current: -169, -247
[19:25:45] [Server thread/INFO]: [Chunky] Task running for Gabito. Processed: 261002 chunks (0.67%), ETA: 440:37:17, Rate: 24.5 cps, Current: -176, -251
[19:25:46] [Server thread/INFO]: [Chunky] Task running for Gabito. Processed: 261028 chunks (0.67%), ETA: 439:26:14, Rate: 24.5 cps, Current: -171, -251
[19:25:47] [Server thread/INFO]: [Chunky] Task running for Gabito. Processed: 261052 chunks (0.67%), ETA: 438:38:09, Rate: 24.6 cps, Current: -169, -254
[19:25:48] [Server thread/INFO]: [Chunky] Task running for Gabito. Processed: 261090 chunks (0.67%), ETA: 428:05:25, Rate: 25.2 cps, Current: -166, -255
[19:25:52] [Server thread/INFO]: [Chunky] Task running for Gabito. Processed: 261121 chunks (0.67%), ETA: 437:18:23, Rate: 24.7 cps, Current: -222, -251
[19:25:53] [Server thread/INFO]: [Chunky] Task running for Gabito. Processed: 261136 chunks (0.67%), ETA: 437:53:31, Rate: 24.6 cps, Current: -221, -252
[19:25:55] [Server thread/INFO]: [Chunky] Task running for Gabito. Processed: 261149 chunks (0.67%), ETA: 460:25:13, Rate: 23.4 cps, Current: -224, -255
[19:25:56] [Server thread/INFO]: [Chunky] Task running for Gabito. Processed: 261168 chunks (0.67%), ETA: 467:20:41, Rate: 23.1 cps, Current: -220, -249
[19:25:57] [Server thread/INFO]: [Chunky] Task running for Gabito. Processed: 261179 chunks (0.67%), ETA: 478:32:38, Rate: 22.5 cps, Current: -219, -255
[19:25:58] [Server thread/INFO]: [Chunky] Task running for Gabito. Processed: 261187 chunks (0.67%), ETA: 489:14:55, Rate: 22.0 cps, Current: -215, -255
[19:25:59] [Server thread/INFO]: [Chunky] Task running for Gabito. Processed: 261199 chunks (0.67%), ETA: 507:33:11, Rate: 21.2 cps, Current: -215, -256
[19:26:00] [Server thread/INFO]: [Chunky] Task running for Gabito. Processed: 261220 chunks (0.67%), ETA: 517:14:05, Rate: 20.8 cps, Current: -213, -256
[19:26:01] [Server thread/INFO]: [Chunky] Task running for Gabito. Processed: 261237 chunks (0.67%), ETA: 505:18:12, Rate: 21.3 cps, Current: -215, -248
[19:26:02] [Server thread/INFO]: [Chunky] Task running for Gabito. Processed: 261256 chunks (0.67%), ETA: 510:34:00, Rate: 21.1 cps, Current: -216, -247
[19:26:03] [Server thread/INFO]: [Chunky] Task running for Gabito. Processed: 261268 chunks (0.67%), ETA: 519:20:23, Rate: 20.8 cps, Current: -216, -246
[19:26:04] [Server thread/INFO]: [Chunky] Task running for Gabito. Processed: 261291 chunks (0.67%), ETA: 518:52:53, Rate: 20.8 cps, Current: -214, -243
[19:26:06] [Server thread/INFO]: [Chunky] Task running for Gabito. Processed: 261305 chunks (0.67%), ETA: 539:25:14, Rate: 20.0 cps, Current: -214, -242
[19:26:07] [Server thread/INFO]: [Chunky] Task running for Gabito. Processed: 261337 chunks (0.67%), ETA: 532:08:33, Rate: 20.3 cps, Current: -215, -241
[19:26:08] [Server thread/INFO]: [Chunky] Task running for Gabito. Processed: 261361 chunks (0.67%), ETA: 574:35:38, Rate: 18.8 cps, Current: -223, -246
[19:26:09] [Server thread/INFO]: [Chunky] Task running for Gabito. Processed: 261375 chunks (0.67%), ETA: 614:29:14, Rate: 17.5 cps, Current: -222, -239
[19:26:10] [Server thread/INFO]: [Chunky] Task running for Gabito. Processed: 261392 chunks (0.67%), ETA: 618:23:52, Rate: 17.4 cps, Current: -224, -243
[19:26:11] [Server thread/INFO]: [Chunky] Task running for Gabito. Processed: 261406 chunks (0.67%), ETA: 635:38:17, Rate: 17.0 cps, Current: -219, -235
[19:26:13] [Server thread/INFO]: [Chunky] Task running for Gabito. Processed: 261424 chunks (0.67%), ETA: 659:43:45, Rate: 16.3 cps, Current: -223, -236
[19:26:14] [Server thread/INFO]: [Chunky] Task running for Gabito. Processed: 261432 chunks (0.67%), ETA: 710:50:45, Rate: 15.2 cps, Current: -223, -233
[19:26:15] [Server thread/INFO]: [Chunky] Task running for Gabito. Processed: 261474 chunks (0.67%), ETA: 686:55:05, Rate: 15.7 cps, Current: -219, -225
[19:26:16] [Server thread/INFO]: [Chunky] Task running for Gabito. Processed: 261519 chunks (0.67%), ETA: 675:59:15, Rate: 15.9 cps, Current: -215, -231
[19:26:18] [Server thread/INFO]: [Chunky] Task running for Gabito. Processed: 261545 chunks (0.67%), ETA: 697:16:32, Rate: 15.5 cps, Current: -210, -226
[19:26:19] [Server thread/INFO]: [Chunky] Task running for Gabito. Processed: 261566 chunks (0.67%), ETA: 637:50:58, Rate: 16.9 cps, Current: -211, -234
[19:26:20] [Server thread/INFO]: [Chunky] Task running for Gabito. Processed: 261613 chunks (0.67%), ETA: 600:15:53, Rate: 18.0 cps, Current: -209, -229
[19:26:21] [Server thread/INFO]: [Chunky] Task running for Gabito. Processed: 261634 chunks (0.67%), ETA: 599:05:09, Rate: 18.0 cps, Current: -208, -239
[19:26:22] [Server thread/INFO]: [Chunky] Task running for Gabito. Processed: 261640 chunks (0.67%), ETA: 613:42:55, Rate: 17.6 cps, Current: -204, -238
[19:26:23] [Server thread/INFO]: [Chunky] Task running for Gabito. Processed: 261662 chunks (0.67%), ETA: 606:36:24, Rate: 17.8 cps, Current: -205, -239
[19:26:25] [Server thread/INFO]: [Chunky] Task running for Gabito. Processed: 261670 chunks (0.67%), ETA: 627:12:43, Rate: 17.2 cps, Current: -208, -233
[19:26:26] [Server thread/INFO]: [Chunky] Task running for Gabito. Processed: 261684 chunks (0.67%), ETA: 623:57:43, Rate: 17.3 cps, Current: -208, -229
[19:26:28] [Server thread/INFO]: [Chunky] Task running for Gabito. Processed: 261692 chunks (0.67%), ETA: 632:44:25, Rate: 17.0 cps, Current: -207, -225
[19:26:29] [Server thread/INFO]: [Chunky] Task running for Gabito. Processed: 261705 chunks (0.67%), ETA: 646:37:19, Rate: 16.7 cps, Current: -206, -232
[19:26:30] [Server thread/INFO]: [Chunky] Task running for Gabito. Processed: 261728 chunks (0.67%), ETA: 639:18:20, Rate: 16.9 cps, Current: -205, -228
[19:26:31] [Server thread/INFO]: [Chunky] Task running for Gabito. Processed: 261761 chunks (0.67%), ETA: 621:52:21, Rate: 17.3 cps, Current: -200, -232
[19:26:33] [Server thread/INFO]: [Chunky] Task running for Gabito. Processed: 261812 chunks (0.67%), ETA: 576:40:42, Rate: 18.7 cps, Current: -199, -232
[19:26:34] [Server thread/INFO]: [Chunky] Task running for Gabito. Processed: 261857 chunks (0.67%), ETA: 553:37:04, Rate: 19.5 cps, Current: -200, -237
[19:26:35] [Server thread/INFO]: [Chunky] Task running for Gabito. Processed: 261891 chunks (0.67%), ETA: 534:37:34, Rate: 20.2 cps, Current: -193, -245
[19:26:36] [Server thread/INFO]: [Chunky] Task running for Gabito. Processed: 261912 chunks (0.67%), ETA: 540:12:09, Rate: 20.0 cps, Current: -197, -242
[19:26:37] [Server thread/INFO]: [Chunky] Task running for Gabito. Processed: 261941 chunks (0.67%), ETA: 533:37:29, Rate: 20.2 cps, Current: -200, -242
[19:26:38] [Server thread/INFO]: [Chunky] Task running for Gabito. Processed: 261971 chunks (0.67%), ETA: 522:51:43, Rate: 20.6 cps, Current: -207, -244
[19:26:40] [Server thread/INFO]: [Chunky] Task running for Gabito. Processed: 262017 chunks (0.67%), ETA: 506:43:30, Rate: 21.3 cps, Current: -202, -249
[19:26:41] [Server thread/INFO]: [Chunky] Task running for Gabito. Processed: 262037 chunks (0.67%), ETA: 501:44:13, Rate: 21.5 cps, Current: -202, -250
[19:26:42] [Server thread/INFO]: [Chunky] Task running for Gabito. Processed: 262055 chunks (0.67%), ETA: 502:09:33, Rate: 21.5 cps, Current: -207, -255
[19:26:43] [Server thread/INFO]: [Chunky] Task running for Gabito. Processed: 262077 chunks (0.67%), ETA: 490:17:46, Rate: 22.0 cps, Current: -204, -255
[19:26:44] [Server thread/INFO]: [Chunky] Task running for Gabito. Processed: 262104 chunks (0.67%), ETA: 495:03:38, Rate: 21.8 cps, Current: -200, -255
[19:26:45] [Server thread/INFO]: [Chunky] Task running for Gabito. Processed: 262135 chunks (0.67%), ETA: 503:36:59, Rate: 21.4 cps, Current: -202, -256
[19:26:48] [Server thread/INFO]: [Chunky] Task running for Gabito. Processed: 262145 chunks (0.67%), ETA: 555:13:15, Rate: 19.4 cps, Current: -254, -251
[19:26:50] [Server thread/INFO]: [Chunky] Task running for Gabito. Processed: 262165 chunks (0.67%), ETA: 597:39:18, Rate: 18.0 cps, Current: -251, -250
[19:26:51] [Server thread/INFO]: [Chunky] Task running for Gabito. Processed: 262185 chunks (0.67%), ETA: 583:04:50, Rate: 18.5 cps, Current: -252, -254
[19:26:53] [Server thread/INFO]: [Chunky] Task running for Gabito. Processed: 262203 chunks (0.67%), ETA: 591:39:37, Rate: 18.2 cps, Current: -251, -255
[19:26:54] [Server thread/INFO]: [Chunky] Task running for Gabito. Processed: 262213 chunks (0.67%), ETA: 571:38:53, Rate: 18.9 cps, Current: -245, -254
[19:26:55] [Server thread/INFO]: [Chunky] Task running for Gabito. Processed: 262242 chunks (0.67%), ETA: 563:23:40, Rate: 19.1 cps, Current: -242, -254
[19:26:56] [Server thread/INFO]: [Chunky] Task running for Gabito. Processed: 262256 chunks (0.67%), ETA: 561:12:42, Rate: 19.2 cps, Current: -248, -249
[19:26:57] [Server thread/INFO]: [Chunky] Task running for Gabito. Processed: 262270 chunks (0.67%), ETA: 548:38:12, Rate: 19.7 cps, Current: -241, -252
[19:26:58] [Server thread/INFO]: [Chunky] Task running for Gabito. Processed: 262289 chunks (0.67%), ETA: 535:22:46, Rate: 20.1 cps, Current: -242, -248
[19:27:00] [Server thread/INFO]: [Chunky] Task running for Gabito. Processed: 262304 chunks (0.67%), ETA: 544:48:05, Rate: 19.8 cps, Current: -248, -245
[19:27:01] [Server thread/INFO]: [Chunky] Task running for Gabito. Processed: 262322 chunks (0.67%), ETA: 559:13:37, Rate: 19.3 cps, Current: -241, -245
[19:27:02] [Server thread/INFO]: [Chunky] Task running for Gabito. Processed: 262345 chunks (0.67%), ETA: 588:03:54, Rate: 18.3 cps, Current: -252, -248
[19:27:03] [Server thread/INFO]: [Chunky] Task running for Gabito. Processed: 262368 chunks (0.67%), ETA: 616:00:26, Rate: 17.5 cps, Current: -254, -247
[19:27:04] [Server thread/INFO]: [Chunky] Task running for Gabito. Processed: 262385 chunks (0.67%), ETA: 637:50:17, Rate: 16.9 cps, Current: -254, -244
[19:27:05] [Server thread/INFO]: [Chunky] Task running for Gabito. Processed: 262403 chunks (0.67%), ETA: 645:04:47, Rate: 16.7 cps, Current: -255, -243
[19:27:06] [Server thread/INFO]: [Chunky] Task running for Gabito. Processed: 262418 chunks (0.67%), ETA: 662:56:07, Rate: 16.3 cps, Current: -250, -238
[19:27:07] [Server thread/INFO]: [Chunky] Task running for Gabito. Processed: 262437 chunks (0.67%), ETA: 681:04:00, Rate: 15.8 cps, Current: -250, -236
[19:27:08] [Server thread/INFO]: [Chunky] Task running for Gabito. Processed: 262450 chunks (0.67%), ETA: 719:39:42, Rate: 15.0 cps, Current: -256, -236
[19:27:10] [Server thread/INFO]: [Chunky] Task running for Gabito. Processed: 262454 chunks (0.67%), ETA: 745:05:36, Rate: 14.5 cps, Current: -254, -233
[19:27:11] [Server thread/INFO]: [Chunky] Task running for Gabito. Processed: 262469 chunks (0.67%), ETA: 745:15:05, Rate: 14.5 cps, Current: -254, -229
[19:27:12] [Server thread/INFO]: [Chunky] Task running for Gabito. Processed: 262493 chunks (0.67%), ETA: 748:36:42, Rate: 14.4 cps, Current: -252, -227
[19:27:13] [Server thread/INFO]: [Chunky] Task running for Gabito. Processed: 262509 chunks (0.67%), ETA: 745:58:21, Rate: 14.5 cps, Current: -248, -232
[19:27:14] [Server thread/INFO]: [Chunky] Task running for Gabito. Processed: 262531 chunks (0.67%), ETA: 788:46:07, Rate: 13.7 cps, Current: -251, -225
[19:27:15] [Server thread/INFO]: [Chunky] Task running for Gabito. Processed: 262547 chunks (0.67%), ETA: 710:26:16, Rate: 15.2 cps, Current: -246, -232
[19:27:16] [Server thread/INFO]: [Chunky] Task running for Gabito. Processed: 262564 chunks (0.67%), ETA: 709:39:42, Rate: 15.2 cps, Current: -247, -225
[19:27:18] [Server thread/INFO]: [Chunky] Task running for Gabito. Processed: 262585 chunks (0.67%), ETA: 711:18:59, Rate: 15.2 cps, Current: -242, -230
[19:27:19] [Server thread/INFO]: [Chunky] Task running for Gabito. Processed: 262639 chunks (0.67%), ETA: 647:53:38, Rate: 16.6 cps, Current: -241, -231
[19:27:20] [Server thread/INFO]: [Chunky] Task running for Gabito. Processed: 262657 chunks (0.67%), ETA: 655:54:14, Rate: 16.4 cps, Current: -240, -240
[19:27:21] [Server thread/INFO]: [Chunky] Task running for Gabito. Processed: 262663 chunks (0.67%), ETA: 673:25:53, Rate: 16.0 cps, Current: -236, -238
[19:27:22] [Server thread/INFO]: [Chunky] Task running for Gabito. Processed: 262690 chunks (0.67%), ETA: 652:32:58, Rate: 16.5 cps, Current: -234, -238
[19:27:23] [Server thread/INFO]: [Chunky] Task running for Gabito. Processed: 262708 chunks (0.67%), ETA: 640:21:02, Rate: 16.8 cps, Current: -236, -240
[19:27:24] [Server thread/INFO]: [Chunky] Task running for Gabito. Processed: 262731 chunks (0.67%), ETA: 647:54:19, Rate: 16.6 cps, Current: -239, -227
[19:27:26] [Server thread/INFO]: [Chunky] Task running for Gabito. Processed: 262746 chunks (0.67%), ETA: 646:11:24, Rate: 16.7 cps, Current: -236, -232
[19:27:27] [Server thread/INFO]: [Chunky] Task running for Gabito. Processed: 262765 chunks (0.67%), ETA: 637:37:57, Rate: 16.9 cps, Current: -237, -226
[19:27:28] [Server thread/INFO]: [Chunky] Task running for Gabito. Processed: 262771 chunks (0.67%), ETA: 657:00:15, Rate: 16.4 cps, Current: -236, -226
[19:27:29] [Server thread/INFO]: [Chunky] Task running for Gabito. Processed: 262787 chunks (0.67%), ETA: 653:35:50, Rate: 16.5 cps, Current: -233, -227
[19:27:30] [Server thread/INFO]: [Chunky] Task running for Gabito. Processed: 262798 chunks (0.67%), ETA: 663:08:36, Rate: 16.3 cps, Current: -230, -227
[19:27:31] [Server thread/INFO]: [Chunky] Task running for Gabito. Processed: 262854 chunks (0.67%), ETA: 622:15:45, Rate: 17.3 cps, Current: -228, -233
[19:27:32] [Server thread/INFO]: [Chunky] Task running for Gabito. Processed: 262899 chunks (0.67%), ETA: 594:21:39, Rate: 18.1 cps, Current: -231, -239
[19:27:33] [Server thread/INFO]: [Chunky] Task running for Gabito. Processed: 262919 chunks (0.67%), ETA: 591:19:48, Rate: 18.2 cps, Current: -225, -247
[19:27:34] [Server thread/INFO]: [Chunky] Task running for Gabito. Processed: 262952 chunks (0.67%), ETA: 574:42:44, Rate: 18.8 cps, Current: -226, -248
[19:27:36] [Server thread/INFO]: [Chunky] Task running for Gabito. Processed: 262983 chunks (0.67%), ETA: 563:41:05, Rate: 19.1 cps, Current: -228, -248
[19:27:37] [Server thread/INFO]: [Chunky] Task running for Gabito. Processed: 263027 chunks (0.67%), ETA: 537:22:36, Rate: 20.1 cps, Current: -233, -247
[19:27:38] [Server thread/INFO]: [Chunky] Task running for Gabito. Processed: 263052 chunks (0.67%), ETA: 526:49:31, Rate: 20.5 cps, Current: -239, -250
[19:27:39] [Server thread/INFO]: [Chunky] Task running for Gabito. Processed: 263070 chunks (0.67%), ETA: 514:45:59, Rate: 20.9 cps, Current: -237, -251
[19:27:40] [Server thread/INFO]: [Chunky] Task running for Gabito. Processed: 263090 chunks (0.67%), ETA: 512:13:22, Rate: 21.0 cps, Current: -238, -255
[19:27:41] [Server thread/INFO]: [Chunky] Task running for Gabito. Processed: 263126 chunks (0.67%), ETA: 499:00:26, Rate: 21.6 cps, Current: -234, -255
[19:27:44] [Server thread/INFO]: [Chunky] Task running for Gabito. Processed: 263169 chunks (0.67%), ETA: 499:23:15, Rate: 21.6 cps, Current: -256, -224
[19:27:45] [Server thread/INFO]: [Chunky] Task running for Gabito. Processed: 263177 chunks (0.67%), ETA: 508:33:18, Rate: 21.2 cps, Current: -253, -223
[19:27:46] [Server thread/INFO]: [Chunky] Task running for Gabito. Processed: 263203 chunks (0.67%), ETA: 501:12:04, Rate: 21.5 cps, Current: -255, -218
[19:27:47] [Server thread/INFO]: [Chunky] Task running for Gabito. Processed: 263220 chunks (0.67%), ETA: 497:42:29, Rate: 21.7 cps, Current: -249, -222
[19:27:48] [Server thread/INFO]: [Chunky] Task running for Gabito. Processed: 263247 chunks (0.67%), ETA: 516:18:14, Rate: 20.9 cps, Current: -247, -222
[19:27:49] [Server thread/INFO]: [Chunky] Task running for Gabito. Processed: 263265 chunks (0.67%), ETA: 508:58:29, Rate: 21.2 cps, Current: -247, -219
[19:27:50] [Server thread/INFO]: [Chunky] Task running for Gabito. Processed: 263282 chunks (0.67%), ETA: 512:31:46, Rate: 21.0 cps, Current: -246, -218
[19:27:51] [Server thread/INFO]: [Chunky] Task running for Gabito. Processed: 263303 chunks (0.67%), ETA: 502:15:04, Rate: 21.5 cps, Current: -243, -216
[19:27:52] [Server thread/INFO]: [Chunky] Task running for Gabito. Processed: 263315 chunks (0.67%), ETA: 515:02:36, Rate: 20.9 cps, Current: -242, -216
[19:27:54] [Server thread/INFO]: [Chunky] Task running for Gabito. Processed: 263335 chunks (0.67%), ETA: 519:37:38, Rate: 20.7 cps, Current: -242, -212
[19:27:55] [Server thread/INFO]: [Chunky] Task running for Gabito. Processed: 263361 chunks (0.67%), ETA: 519:18:31, Rate: 20.8 cps, Current: -249, -210
[19:27:56] [Server thread/INFO]: [Chunky] Task running for Gabito. Processed: 263391 chunks (0.67%), ETA: 513:55:43, Rate: 21.0 cps, Current: -248, -209
[19:27:57] [Server thread/INFO]: [Chunky] Task running for Gabito. Processed: 263411 chunks (0.67%), ETA: 499:34:32, Rate: 21.6 cps, Current: -254, -209
[19:27:59] [Server thread/INFO]: [Chunky] Task running for Gabito. Processed: 263429 chunks (0.67%), ETA: 499:03:39, Rate: 21.6 cps, Current: -255, -210
[19:28:00] [Server thread/INFO]: [Chunky] Task running for Gabito. Processed: 263444 chunks (0.67%), ETA: 497:36:30, Rate: 21.7 cps, Current: -256, -210
[19:28:01] [Server thread/INFO]: [Chunky] Task running for Gabito. Processed: 263462 chunks (0.67%), ETA: 529:42:07, Rate: 20.4 cps, Current: -254, -204
[19:28:02] [Server thread/INFO]: [Chunky] Task running for Gabito. Processed: 263475 chunks (0.67%), ETA: 564:32:24, Rate: 19.1 cps, Current: -255, -203
[19:28:04] [Server thread/INFO]: [Chunky] Task running for Gabito. Processed: 263492 chunks (0.67%), ETA: 588:41:20, Rate: 18.3 cps, Current: -255, -198
[19:28:05] [Server thread/INFO]: [Chunky] Task running for Gabito. Processed: 263524 chunks (0.67%), ETA: 587:07:30, Rate: 18.4 cps, Current: -253, -194
[19:28:06] [Server thread/INFO]: [Chunky] Task running for Gabito. Processed: 263546 chunks (0.67%), ETA: 613:37:23, Rate: 17.6 cps, Current: -249, -198
[19:28:08] [Server thread/INFO]: [Chunky] Task running for Gabito. Processed: 263564 chunks (0.67%), ETA: 621:52:11, Rate: 17.3 cps, Current: -249, -193
[19:28:09] [Server thread/INFO]: [Chunky] Task running for Gabito. Processed: 263578 chunks (0.67%), ETA: 628:51:12, Rate: 17.1 cps, Current: -246, -194
[19:28:10] [Server thread/INFO]: [Chunky] Task running for Gabito. Processed: 263595 chunks (0.67%), ETA: 630:12:59, Rate: 17.1 cps, Current: -246, -193
[19:28:11] [Server thread/INFO]: [Chunky] Task running for Gabito. Processed: 263609 chunks (0.67%), ETA: 659:30:30, Rate: 16.3 cps, Current: -248, -202
[19:28:12] [Server thread/INFO]: [Chunky] Task running for Gabito. Processed: 263666 chunks (0.67%), ETA: 613:50:30, Rate: 17.6 cps, Current: -241, -199
[19:28:13] [Server thread/INFO]: [Chunky] Task running for Gabito. Processed: 263681 chunks (0.67%), ETA: 618:51:45, Rate: 17.4 cps, Current: -240, -208
[19:28:14] [Server thread/INFO]: [Chunky] Task running for Gabito. Processed: 263683 chunks (0.67%), ETA: 624:41:53, Rate: 17.3 cps, Current: -240, -206
[19:28:16] [Server thread/INFO]: [Chunky] Task running for Gabito. Processed: 263710 chunks (0.67%), ETA: 629:24:36, Rate: 17.1 cps, Current: -237, -207
[19:28:17] [Server thread/INFO]: [Chunky] Task running for Gabito. Processed: 263732 chunks (0.67%), ETA: 644:14:12, Rate: 16.7 cps, Current: -239, -200
[19:28:18] [Server thread/INFO]: [Chunky] Task running for Gabito. Processed: 263762 chunks (0.68%), ETA: 630:03:17, Rate: 17.1 cps, Current: -238, -197
[19:28:19] [Server thread/INFO]: [Chunky] Task running for Gabito. Processed: 263789 chunks (0.68%), ETA: 623:48:22, Rate: 17.3 cps, Current: -237, -194
[19:28:21] [Server thread/INFO]: [Chunky] Task running for Gabito. Processed: 263805 chunks (0.68%), ETA: 631:03:25, Rate: 17.1 cps, Current: -233, -196
[19:28:22] [Server thread/INFO]: [Chunky] Task running for Gabito. Processed: 263820 chunks (0.68%), ETA: 628:27:57, Rate: 17.2 cps, Current: -230, -200
[19:28:23] [Server thread/INFO]: [Chunky] Task running for Gabito. Processed: 263875 chunks (0.68%), ETA: 582:53:03, Rate: 18.5 cps, Current: -225, -203
[19:28:24] [Server thread/INFO]: [Chunky] Task running for Gabito. Processed: 263923 chunks (0.68%), ETA: 551:15:35, Rate: 19.6 cps, Current: -225, -207
[19:28:25] [Server thread/INFO]: [Chunky] Task running for Gabito. Processed: 263946 chunks (0.68%), ETA: 558:50:22, Rate: 19.3 cps, Current: -225, -216
[19:28:26] [Server thread/INFO]: [Chunky] Task running for Gabito. Processed: 263977 chunks (0.68%), ETA: 548:24:31, Rate: 19.7 cps, Current: -227, -215
[19:28:28] [Server thread/INFO]: [Chunky] Task running for Gabito. Processed: 264007 chunks (0.68%), ETA: 538:12:13, Rate: 20.0 cps, Current: -228, -216
[19:28:29] [Server thread/INFO]: [Chunky] Task running for Gabito. Processed: 264041 chunks (0.68%), ETA: 520:01:17, Rate: 20.7 cps, Current: -239, -214
[19:28:31] [Server thread/INFO]: [Chunky] Task running for Gabito. Processed: 264065 chunks (0.68%), ETA: 529:29:29, Rate: 20.4 cps, Current: -234, -217
[19:28:32] [Server thread/INFO]: [Chunky] Task running for Gabito. Processed: 264074 chunks (0.68%), ETA: 533:14:13, Rate: 20.2 cps, Current: -240, -221
[19:28:33] [Server thread/INFO]: [Chunky] Task running for Gabito. Processed: 264122 chunks (0.68%), ETA: 498:39:01, Rate: 21.6 cps, Current: -233, -218
[19:28:40] [Server thread/INFO]: [Chunky] Task running for Gabito. Processed: 264193 chunks (0.68%), ETA: 538:26:57, Rate: 20.0 cps, Current: -254, -192
[19:28:41] [Server thread/INFO]: [Chunky] Task running for Gabito. Processed: 264208 chunks (0.68%), ETA: 577:35:43, Rate: 18.7 cps, Current: -251, -187
[19:28:42] [Server thread/INFO]: [Chunky] Task running for Gabito. Processed: 264231 chunks (0.68%), ETA: 567:32:45, Rate: 19.0 cps, Current: -256, -191
[19:28:43] [Server thread/INFO]: [Chunky] Task running for Gabito. Processed: 264239 chunks (0.68%), ETA: 565:18:11, Rate: 19.1 cps, Current: -247, -192
[19:28:45] [Server thread/INFO]: [Chunky] Task running for Gabito. Processed: 264271 chunks (0.68%), ETA: 560:08:20, Rate: 19.2 cps, Current: -248, -190
[19:28:46] [Server thread/INFO]: [Chunky] Task running for Gabito. Processed: 264295 chunks (0.68%), ETA: 551:16:15, Rate: 19.6 cps, Current: -248, -186
[19:28:47] [Server thread/INFO]: [Chunky] Task running for Gabito. Processed: 264311 chunks (0.68%), ETA: 554:41:16, Rate: 19.4 cps, Current: -246, -185
[19:28:48] [Server thread/INFO]: [Chunky] Task running for Gabito. Processed: 264331 chunks (0.68%), ETA: 570:42:15, Rate: 18.9 cps, Current: -245, -182
[19:28:49] [Server thread/INFO]: [Chunky] Task running for Gabito. Processed: 264352 chunks (0.68%), ETA: 570:39:09, Rate: 18.9 cps, Current: -242, -181
[19:28:50] [Server thread/INFO]: [Chunky] Task running for Gabito. Processed: 264364 chunks (0.68%), ETA: 572:47:03, Rate: 18.8 cps, Current: -248, -179
[19:28:51] [Server thread/INFO]: [Chunky] Task running for Gabito. Processed: 264385 chunks (0.68%), ETA: 566:33:34, Rate: 19.0 cps, Current: -247, -178
[19:28:53] [Server thread/INFO]: [Chunky] Task running for Gabito. Processed: 264412 chunks (0.68%), ETA: 596:58:02, Rate: 18.1 cps, Current: -254, -183
[19:28:54] [Server thread/INFO]: [Chunky] Task running for Gabito. Processed: 264434 chunks (0.68%), ETA: 629:48:30, Rate: 17.1 cps, Current: -255, -182
[19:28:55] [Server thread/INFO]: [Chunky] Task running for Gabito. Processed: 264451 chunks (0.68%), ETA: 632:41:43, Rate: 17.0 cps, Current: -251, -175
[19:28:56] [Server thread/INFO]: [Chunky] Task running for Gabito. Processed: 264466 chunks (0.68%), ETA: 658:06:25, Rate: 16.4 cps, Current: -256, -178
[19:28:57] [Server thread/INFO]: [Chunky] Task running for Gabito. Processed: 264481 chunks (0.68%), ETA: 675:54:57, Rate: 15.9 cps, Current: -256, -173
[19:28:59] [Server thread/INFO]: [Chunky] Task running for Gabito. Processed: 264498 chunks (0.68%), ETA: 697:35:25, Rate: 15.5 cps, Current: -256, -172
[19:29:00] [Server thread/INFO]: [Chunky] Task running for Gabito. Processed: 264500 chunks (0.68%), ETA: 720:25:38, Rate: 15.0 cps, Current: -249, -171
[19:29:01] [Server thread/INFO]: [Chunky] Task running for Gabito. Processed: 264512 chunks (0.68%), ETA: 706:20:38, Rate: 15.3 cps, Current: -254, -167
[19:29:03] [Server thread/INFO]: [Chunky] Task running for Gabito. Processed: 264516 chunks (0.68%), ETA: 802:16:27, Rate: 13.4 cps, Current: -256, -170
[19:29:04] [Server thread/INFO]: [Chunky] Task running for Gabito. Processed: 264530 chunks (0.68%), ETA: 754:17:49, Rate: 14.3 cps, Current: -256, -168
[19:29:05] [Server thread/INFO]: [Chunky] Task running for Gabito. Processed: 264541 chunks (0.68%), ETA: 761:56:16, Rate: 14.1 cps, Current: -256, -166
[19:29:06] [Server thread/INFO]: [Chunky] Task running for Gabito. Processed: 264548 chunks (0.68%), ETA: 777:36:07, Rate: 13.9 cps, Current: -253, -162
[19:29:07] [Server thread/INFO]: [Chunky] Task running for Gabito. Processed: 264570 chunks (0.68%), ETA: 767:49:25, Rate: 14.0 cps, Current: -249, -166
[19:29:08] [Server thread/INFO]: [Chunky] Task running for Gabito. Processed: 264593 chunks (0.68%), ETA: 759:50:07, Rate: 14.2 cps, Current: -248, -162
[19:29:10] [Server thread/INFO]: [Chunky] Task running for Gabito. Processed: 264611 chunks (0.68%), ETA: 761:04:43, Rate: 14.2 cps, Current: -244, -167
[19:29:11] [Server thread/INFO]: [Chunky] Task running for Gabito. Processed: 264633 chunks (0.68%), ETA: 776:42:56, Rate: 13.9 cps, Current: -242, -166
[19:29:12] [Server thread/INFO]: [Chunky] Task running for Gabito. Processed: 264683 chunks (0.68%), ETA: 696:18:30, Rate: 15.5 cps, Current: -244, -176
[19:29:14] [Server thread/INFO]: [Chunky] Task running for Gabito. Processed: 264705 chunks (0.68%), ETA: 714:49:05, Rate: 15.1 cps, Current: -240, -176
[19:29:15] [Server thread/INFO]: [Chunky] Task running for Gabito. Processed: 264710 chunks (0.68%), ETA: 732:35:35, Rate: 14.7 cps, Current: -239, -175
[19:29:16] [Server thread/INFO]: [Chunky] Task running for Gabito. Processed: 264737 chunks (0.68%), ETA: 727:07:14, Rate: 14.8 cps, Current: -240, -170
[19:29:17] [Server thread/INFO]: [Chunky] Task running for Gabito. Processed: 264756 chunks (0.68%), ETA: 726:30:09, Rate: 14.8 cps, Current: -239, -168
[19:29:18] [Server thread/INFO]: [Chunky] Task running for Gabito. Processed: 264781 chunks (0.68%), ETA: 713:43:11, Rate: 15.1 cps, Current: -238, -167
[19:29:19] [Server thread/INFO]: [Chunky] Task running for Gabito. Processed: 264810 chunks (0.68%), ETA: 702:14:33, Rate: 15.4 cps, Current: -234, -168
[19:29:20] [Server thread/INFO]: [Chunky] Task running for Gabito. Processed: 264817 chunks (0.68%), ETA: 708:54:28, Rate: 15.2 cps, Current: -233, -167
[19:29:21] [Server thread/INFO]: [Chunky] Task running for Gabito. Processed: 264819 chunks (0.68%), ETA: 742:23:58, Rate: 14.5 cps, Current: -234, -165
[19:29:23] [Server thread/INFO]: [Chunky] Task running for Gabito. Processed: 264837 chunks (0.68%), ETA: 781:37:12, Rate: 13.8 cps, Current: -231, -166
[19:29:25] [Server thread/INFO]: [Chunky] Task running for Gabito. Processed: 264847 chunks (0.68%), ETA: 802:26:05, Rate: 13.4 cps, Current: -235, -161
[19:29:26] [Server thread/INFO]: [Chunky] Task running for Gabito. Processed: 264900 chunks (0.68%), ETA: 727:24:15, Rate: 14.8 cps, Current: -225, -172
[19:29:27] [Server thread/INFO]: [Chunky] Task running for Gabito. Processed: 264947 chunks (0.68%), ETA: 678:35:55, Rate: 15.9 cps, Current: -231, -175
[19:29:28] [Server thread/INFO]: [Chunky] Task running for Gabito. Processed: 264970 chunks (0.68%), ETA: 660:51:03, Rate: 16.3 cps, Current: -225, -183
[19:29:29] [Server thread/INFO]: [Chunky] Task running for Gabito. Processed: 264991 chunks (0.68%), ETA: 634:20:37, Rate: 17.0 cps, Current: -226, -183
[19:29:30] [Server thread/INFO]: [Chunky] Task running for Gabito. Processed: 265014 chunks (0.68%), ETA: 621:36:25, Rate: 17.3 cps, Current: -228, -183
[19:29:31] [Server thread/INFO]: [Chunky] Task running for Gabito. Processed: 265042 chunks (0.68%), ETA: 582:07:44, Rate: 18.5 cps, Current: -239, -180
[19:29:32] [Server thread/INFO]: [Chunky] Task running for Gabito. Processed: 265089 chunks (0.68%), ETA: 561:55:15, Rate: 19.2 cps, Current: -240, -185
[19:29:33] [Server thread/INFO]: [Chunky] Task running for Gabito. Processed: 265148 chunks (0.68%), ETA: 519:27:00, Rate: 20.8 cps, Current: -233, -187
[19:29:37] [Server thread/INFO]: [Chunky] Task running for Gabito. Processed: 265217 chunks (0.68%), ETA: 496:06:35, Rate: 21.7 cps, Current: -253, -160
[19:29:38] [Server thread/INFO]: [Chunky] Task running for Gabito. Processed: 265238 chunks (0.68%), ETA: 492:37:25, Rate: 21.9 cps, Current: -252, -158
[19:29:40] [Server thread/INFO]: [Chunky] Task running for Gabito. Processed: 265268 chunks (0.68%), ETA: 493:18:31, Rate: 21.9 cps, Current: -248, -159
[19:29:41] [Server thread/INFO]: [Chunky] Task running for Gabito. Processed: 265301 chunks (0.68%), ETA: 507:35:16, Rate: 21.2 cps, Current: -247, -157
[19:29:42] [Server thread/INFO]: [Chunky] Task running for Gabito. Processed: 265325 chunks (0.68%), ETA: 501:38:51, Rate: 21.5 cps, Current: -242, -157
[19:29:43] [Server thread/INFO]: [Chunky] Task running for Gabito. Processed: 265341 chunks (0.68%), ETA: 506:01:17, Rate: 21.3 cps, Current: -245, -153
[19:29:45] [Server thread/INFO]: [Chunky] Task running for Gabito. Processed: 265360 chunks (0.68%), ETA: 494:18:40, Rate: 21.8 cps, Current: -245, -150
[19:29:46] [Server thread/INFO]: [Chunky] Task running for Gabito. Processed: 265376 chunks (0.68%), ETA: 501:32:37, Rate: 21.5 cps, Current: -241, -152
[19:29:47] [Server thread/INFO]: [Chunky] Task running for Gabito. Processed: 265391 chunks (0.68%), ETA: 502:31:41, Rate: 21.5 cps, Current: -245, -146
[19:29:48] [Server thread/INFO]: [Chunky] Task running for Gabito. Processed: 265409 chunks (0.68%), ETA: 509:46:58, Rate: 21.1 cps, Current: -241, -147
[19:29:49] [Server thread/INFO]: [Chunky] Task running for Gabito. Processed: 265436 chunks (0.68%), ETA: 510:25:43, Rate: 21.1 cps, Current: -254, -151
[19:29:50] [Server thread/INFO]: [Chunky] Task running for Gabito. Processed: 265457 chunks (0.68%), ETA: 500:08:16, Rate: 21.6 cps, Current: -254, -148
[19:29:51] [Server thread/INFO]: [Chunky] Task running for Gabito. Processed: 265473 chunks (0.68%), ETA: 487:08:36, Rate: 22.1 cps, Current: -255, -147
[19:29:52] [Server thread/INFO]: [Chunky] Task running for Gabito. Processed: 265489 chunks (0.68%), ETA: 475:29:38, Rate: 22.7 cps, Current: -249, -143
[19:29:53] [Server thread/INFO]: [Chunky] Task running for Gabito. Processed: 265507 chunks (0.68%), ETA: 481:10:56, Rate: 22.4 cps, Current: -249, -142
[19:29:54] [Server thread/INFO]: [Chunky] Task running for Gabito. Processed: 265520 chunks (0.68%), ETA: 474:22:12, Rate: 22.7 cps, Current: -255, -140
[19:29:55] [Server thread/INFO]: [Chunky] Task running for Gabito. Processed: 265525 chunks (0.68%), ETA: 514:07:07, Rate: 21.0 cps, Current: -255, -138
[19:29:57] [Server thread/INFO]: [Chunky] Task running for Gabito. Processed: 265540 chunks (0.68%), ETA: 549:42:22, Rate: 19.6 cps, Current: -256, -138
[19:29:58] [Server thread/INFO]: [Chunky] Task running for Gabito. Processed: 265572 chunks (0.68%), ETA: 548:15:46, Rate: 19.7 cps, Current: -253, -130
[19:29:59] [Server thread/INFO]: [Chunky] Task running for Gabito. Processed: 265595 chunks (0.68%), ETA: 548:15:45, Rate: 19.7 cps, Current: -252, -129
[19:30:01] [Server thread/INFO]: [Chunky] Task running for Gabito. Processed: 265617 chunks (0.68%), ETA: 558:48:07, Rate: 19.3 cps, Current: -248, -130
[19:30:02] [Server thread/INFO]: [Chunky] Task running for Gabito. Processed: 265632 chunks (0.68%), ETA: 584:28:44, Rate: 18.4 cps, Current: -245, -136
[19:30:03] [Server thread/INFO]: [Chunky] Task running for Gabito. Processed: 265650 chunks (0.68%), ETA: 633:50:04, Rate: 17.0 cps, Current: -245, -129
[19:30:04] [Server thread/INFO]: [Chunky] Task running for Gabito. Processed: 265676 chunks (0.68%), ETA: 634:00:10, Rate: 17.0 cps, Current: -248, -144
[19:30:05] [Server thread/INFO]: [Chunky] Task running for Gabito. Processed: 265722 chunks (0.68%), ETA: 600:04:40, Rate: 18.0 cps, Current: -241, -138
[19:30:06] [Server thread/INFO]: [Chunky] Task running for Gabito. Processed: 265730 chunks (0.68%), ETA: 613:25:53, Rate: 17.6 cps, Current: -240, -143
[19:30:07] [Server thread/INFO]: [Chunky] Task running for Gabito. Processed: 265734 chunks (0.68%), ETA: 631:16:07, Rate: 17.1 cps, Current: -239, -143
[19:30:09] [Server thread/INFO]: [Chunky] Task running for Gabito. Processed: 265760 chunks (0.68%), ETA: 618:00:00, Rate: 17.4 cps, Current: -235, -143
[19:30:10] [Server thread/INFO]: [Chunky] Task running for Gabito. Processed: 265781 chunks (0.68%), ETA: 614:40:05, Rate: 17.5 cps, Current: -239, -135
[19:30:11] [Server thread/INFO]: [Chunky] Task running for Gabito. Processed: 265810 chunks (0.68%), ETA: 632:07:44, Rate: 17.1 cps, Current: -237, -136
[19:30:12] [Server thread/INFO]: [Chunky] Task running for Gabito. Processed: 265837 chunks (0.68%), ETA: 625:11:44, Rate: 17.2 cps, Current: -237, -130
[19:30:13] [Server thread/INFO]: [Chunky] Task running for Gabito. Processed: 265853 chunks (0.68%), ETA: 627:12:46, Rate: 17.2 cps, Current: -233, -132
[19:30:14] [Server thread/INFO]: [Chunky] Task running for Gabito. Processed: 265868 chunks (0.68%), ETA: 634:19:22, Rate: 17.0 cps, Current: -230, -136
[19:30:16] [Server thread/INFO]: [Chunky] Task running for Gabito. Processed: 265922 chunks (0.68%), ETA: 588:43:18, Rate: 18.3 cps, Current: -225, -138
[19:30:17] [Server thread/INFO]: [Chunky] Task running for Gabito. Processed: 265971 chunks (0.68%), ETA: 553:28:15, Rate: 19.5 cps, Current: -231, -143
[19:30:18] [Server thread/INFO]: [Chunky] Task running for Gabito. Processed: 265988 chunks (0.68%), ETA: 565:50:17, Rate: 19.1 cps, Current: -225, -148
[19:30:19] [Server thread/INFO]: [Chunky] Task running for Gabito. Processed: 266014 chunks (0.68%), ETA: 560:11:16, Rate: 19.2 cps, Current: -230, -145
[19:30:20] [Server thread/INFO]: [Chunky] Task running for Gabito. Processed: 266037 chunks (0.68%), ETA: 552:57:39, Rate: 19.5 cps, Current: -228, -151
[19:30:21] [Server thread/INFO]: [Chunky] Task running for Gabito. Processed: 266065 chunks (0.68%), ETA: 542:53:56, Rate: 19.9 cps, Current: -228, -152
[19:30:22] [Server thread/INFO]: [Chunky] Task running for Gabito. Processed: 266106 chunks (0.68%), ETA: 523:13:09, Rate: 20.6 cps, Current: -239, -152
[19:30:23] [Server thread/INFO]: [Chunky] Task running for Gabito. Processed: 266139 chunks (0.68%), ETA: 507:26:10, Rate: 21.2 cps, Current: -234, -154
[19:30:24] [Server thread/INFO]: [Chunky] Task running for Gabito. Processed: 266239 chunks (0.68%), ETA: 436:17:22, Rate: 24.7 cps, Current: -226, -160
[19:30:28] [Server thread/INFO]: [Chunky] Task running for Gabito. Processed: 266241 chunks (0.68%), ETA: 470:28:03, Rate: 22.9 cps, Current: -253, -128
[19:30:29] [Server thread/INFO]: [Chunky] Task running for Gabito. Processed: 266261 chunks (0.68%), ETA: 471:49:26, Rate: 22.8 cps, Current: -252, -126
[19:30:30] [Server thread/INFO]: [Chunky] Task running for Gabito. Processed: 266288 chunks (0.68%), ETA: 469:13:38, Rate: 23.0 cps, Current: -249, -127
[19:30:31] [Server thread/INFO]: [Chunky] Task running for Gabito. Processed: 266322 chunks (0.68%), ETA: 457:28:45, Rate: 23.6 cps, Current: -248, -125
[19:30:32] [Server thread/INFO]: [Chunky] Task running for Gabito. Processed: 266345 chunks (0.68%), ETA: 454:05:03, Rate: 23.7 cps, Current: -244, -123
[19:30:33] [Server thread/INFO]: [Chunky] Task running for Gabito. Processed: 266356 chunks (0.68%), ETA: 465:24:56, Rate: 23.2 cps, Current: -245, -122
[19:30:35] [Server thread/INFO]: [Chunky] Task running for Gabito. Processed: 266379 chunks (0.68%), ETA: 480:34:10, Rate: 22.4 cps, Current: -242, -121
[19:30:36] [Server thread/INFO]: [Chunky] Task running for Gabito. Processed: 266397 chunks (0.68%), ETA: 473:03:08, Rate: 22.8 cps, Current: -243, -115
[19:30:37] [Server thread/INFO]: [Chunky] Task running for Gabito. Processed: 266407 chunks (0.68%), ETA: 467:11:37, Rate: 23.1 cps, Current: -241, -119
[19:30:38] [Server thread/INFO]: [Chunky] Task running for Gabito. Processed: 266433 chunks (0.68%), ETA: 472:32:08, Rate: 22.8 cps, Current: -247, -114
[19:30:39] [Server thread/INFO]: [Chunky] Task running for Gabito. Processed: 266460 chunks (0.68%), ETA: 468:26:42, Rate: 23.0 cps, Current: -254, -119
[19:30:40] [Server thread/INFO]: [Chunky] Task running for Gabito. Processed: 266481 chunks (0.68%), ETA: 466:06:46, Rate: 23.1 cps, Current: -254, -116
[19:30:41] [Server thread/INFO]: [Chunky] Task running for Gabito. Processed: 266497 chunks (0.68%), ETA: 473:56:05, Rate: 22.7 cps, Current: -255, -115
[19:30:43] [Server thread/INFO]: [Chunky] Task running for Gabito. Processed: 266514 chunks (0.68%), ETA: 475:31:51, Rate: 22.7 cps, Current: -250, -110
[19:30:44] [Server thread/INFO]: [Chunky] Task running for Gabito. Processed: 266531 chunks (0.68%), ETA: 473:43:30, Rate: 22.8 cps, Current: -249, -110
[19:30:45] [Server thread/INFO]: [Chunky] Task running for Gabito. Processed: 266545 chunks (0.68%), ETA: 516:39:05, Rate: 20.9 cps, Current: -249, -108
[19:30:47] [Server thread/INFO]: [Chunky] Task running for Gabito. Processed: 266547 chunks (0.68%), ETA: 555:09:26, Rate: 19.4 cps, Current: -255, -107
[19:30:48] [Server thread/INFO]: [Chunky] Task running for Gabito. Processed: 266553 chunks (0.68%), ETA: 586:07:09, Rate: 18.4 cps, Current: -249, -106
[19:30:50] [Server thread/INFO]: [Chunky] Task running for Gabito. Processed: 266561 chunks (0.68%), ETA: 628:59:58, Rate: 17.1 cps, Current: -254, -103
[19:30:51] [Server thread/INFO]: [Chunky] Task running for Gabito. Processed: 266564 chunks (0.68%), ETA: 683:26:44, Rate: 15.8 cps, Current: -256, -106
[19:30:52] [Server thread/INFO]: [Chunky] Task running for Gabito. Processed: 266581 chunks (0.68%), ETA: 706:57:41, Rate: 15.2 cps, Current: -252, -101
[19:30:54] [Server thread/INFO]: [Chunky] Task running for Gabito. Processed: 266597 chunks (0.68%), ETA: 875:21:04, Rate: 12.3 cps, Current: -250, -104
[19:30:55] [Server thread/INFO]: [Chunky] Task running for Gabito. Processed: 266618 chunks (0.68%), ETA: 774:51:20, Rate: 13.9 cps, Current: -252, -97
[19:30:56] [Server thread/INFO]: [Chunky] Task running for Gabito. Processed: 266635 chunks (0.68%), ETA: 771:23:28, Rate: 14.0 cps, Current: -247, -101
[19:30:57] [Server thread/INFO]: [Chunky] Task running for Gabito. Processed: 266648 chunks (0.68%), ETA: 777:02:20, Rate: 13.9 cps, Current: -246, -98
[19:30:58] [Server thread/INFO]: [Chunky] Task running for Gabito. Processed: 266666 chunks (0.68%), ETA: 779:32:19, Rate: 13.8 cps, Current: -243, -102
[19:30:59] [Server thread/INFO]: [Chunky] Task running for Gabito. Processed: 266681 chunks (0.68%), ETA: 798:14:47, Rate: 13.5 cps, Current: -242, -102
[19:31:00] [Server thread/INFO]: [Chunky] Task running for Gabito. Processed: 266723 chunks (0.68%), ETA: 779:50:21, Rate: 13.8 cps, Current: -245, -112
[19:31:01] [Server thread/INFO]: [Chunky] Task running for Gabito. Processed: 266753 chunks (0.68%), ETA: 764:51:27, Rate: 14.1 cps, Current: -240, -112
[19:31:02] [Server thread/INFO]: [Chunky] Task running for Gabito. Processed: 266755 chunks (0.68%), ETA: 781:33:17, Rate: 13.8 cps, Current: -240, -110
[19:31:04] [Server thread/INFO]: [Chunky] Task running for Gabito. Processed: 266782 chunks (0.68%), ETA: 776:45:05, Rate: 13.9 cps, Current: -237, -111
[19:31:05] [Server thread/INFO]: [Chunky] Task running for Gabito. Processed: 266803 chunks (0.68%), ETA: 777:18:10, Rate: 13.9 cps, Current: -240, -102
[19:31:06] [Server thread/INFO]: [Chunky] Task running for Gabito. Processed: 266832 chunks (0.68%), ETA: 751:23:22, Rate: 14.3 cps, Current: -238, -103
[19:31:08] [Server thread/INFO]: [Chunky] Task running for Gabito. Processed: 266848 chunks (0.68%), ETA: 764:28:33, Rate: 14.1 cps, Current: -239, -97
[19:31:09] [Server thread/INFO]: [Chunky] Task running for Gabito. Processed: 266861 chunks (0.68%), ETA: 800:38:44, Rate: 13.5 cps, Current: -237, -98
[19:31:10] [Server thread/INFO]: [Chunky] Task running for Gabito. Processed: 266867 chunks (0.68%), ETA: 833:52:44, Rate: 12.9 cps, Current: -236, -98
[19:31:11] [Server thread/INFO]: [Chunky] Task running for Gabito. Processed: 266883 chunks (0.68%), ETA: 839:17:54, Rate: 12.8 cps, Current: -233, -99
[19:31:12] [Server thread/INFO]: [Chunky] Task running for Gabito. Processed: 266892 chunks (0.68%), ETA: 850:39:19, Rate: 12.7 cps, Current: -230, -100
[19:31:14] [Server thread/INFO]: [Chunky] Task running for Gabito. Processed: 266955 chunks (0.68%), ETA: 743:27:13, Rate: 14.5 cps, Current: -225, -108
[19:31:15] [Server thread/INFO]: [Chunky] Task running for Gabito. Processed: 266988 chunks (0.68%), ETA: 715:26:15, Rate: 15.1 cps, Current: -225, -110
[19:31:17] [Server thread/INFO]: [Chunky] Task running for Gabito. Processed: 267018 chunks (0.68%), ETA: 680:45:40, Rate: 15.8 cps, Current: -225, -120
[19:31:18] [Server thread/INFO]: [Chunky] Task running for Gabito. Processed: 267049 chunks (0.68%), ETA: 635:39:01, Rate: 17.0 cps, Current: -227, -119
[19:31:18] [DefaultDispatcher-worker-3/WARN]: [Waypoints] The world 'Gabito' has no translation present. Using actual name as a fallback.
[19:31:19] [Server thread/INFO]: [Chunky] Task running for Gabito. Processed: 267079 chunks (0.68%), ETA: 593:01:24, Rate: 18.2 cps, Current: -232, -115
[19:31:20] [Server thread/INFO]: [Chunky] Task running for Gabito. Processed: 267106 chunks (0.68%), ETA: 583:28:50, Rate: 18.5 cps, Current: -233, -117
[19:31:21] [Server thread/INFO]: Tsuyoi issued server command: /wp select Public/h
[19:31:21] [Server thread/INFO]: [Chunky] Task running for Gabito. Processed: 267137 chunks (0.68%), ETA: 553:41:03, Rate: 19.5 cps, Current: -240, -121
[19:31:22] [Server thread/INFO]: [Chunky] Task running for Gabito. Processed: 267194 chunks (0.68%), ETA: 519:40:01, Rate: 20.7 cps, Current: -233, -122
[19:31:26] [Server thread/INFO]: [Chunky] Task running for Gabito. Processed: 267265 chunks (0.68%), ETA: 507:29:37, Rate: 21.2 cps, Current: -254, -96
[19:31:27] [Server thread/INFO]: [Chunky] Task running for Gabito. Processed: 267289 chunks (0.68%), ETA: 498:03:33, Rate: 21.6 cps, Current: -251, -96
[19:31:28] [Server thread/INFO]: [Chunky] Task running for Gabito. Processed: 267313 chunks (0.68%), ETA: 496:20:30, Rate: 21.7 cps, Current: -247, -96
[19:31:29] [Server thread/INFO]: [Chunky] Task running for Gabito. Processed: 267329 chunks (0.68%), ETA: 492:34:13, Rate: 21.9 cps, Current: -243, -96
[19:31:30] [Server thread/INFO]: [Chunky] Task running for Gabito. Processed: 267355 chunks (0.68%), ETA: 507:48:48, Rate: 21.2 cps, Current: -248, -92
[19:31:31] [Server thread/INFO]: [Chunky] Task running for Gabito. Processed: 267378 chunks (0.68%), ETA: 516:35:28, Rate: 20.9 cps, Current: -242, -92
[19:31:32] [Server thread/INFO]: [Chunky] Task running for Gabito. Processed: 267399 chunks (0.68%), ETA: 500:27:15, Rate: 21.5 cps, Current: -243, -88
[19:31:34] [Server thread/INFO]: [Chunky] Task running for Gabito. Processed: 267411 chunks (0.68%), ETA: 511:34:57, Rate: 21.1 cps, Current: -242, -88
[19:31:35] [Server thread/INFO]: [Chunky] Task running for Gabito. Processed: 267431 chunks (0.68%), ETA: 512:27:51, Rate: 21.0 cps, Current: -242, -84
[19:31:36] [Server thread/INFO]: [Chunky] Task running for Gabito. Processed: 267457 chunks (0.68%), ETA: 513:46:59, Rate: 21.0 cps, Current: -247, -82
[19:31:37] [Server thread/INFO]: [Chunky] Task running for Gabito. Processed: 267483 chunks (0.68%), ETA: 505:01:35, Rate: 21.3 cps, Current: -253, -87
[19:31:38] [Server thread/INFO]: [Chunky] Task running for Gabito. Processed: 267504 chunks (0.68%), ETA: 494:20:00, Rate: 21.8 cps, Current: -254, -84
[19:31:39] [Server thread/INFO]: [Chunky] Task running for Gabito. Processed: 267521 chunks (0.68%), ETA: 482:18:43, Rate: 22.4 cps, Current: -255, -83
[19:31:41] [Server thread/INFO]: [Chunky] Task running for Gabito. Processed: 267538 chunks (0.68%), ETA: 486:13:37, Rate: 22.2 cps, Current: -250, -78
[19:31:42] [Server thread/INFO]: [Chunky] Task running for Gabito. Processed: 267557 chunks (0.68%), ETA: 480:30:44, Rate: 22.4 cps, Current: -253, -75
[19:31:43] [Server thread/INFO]: [Chunky] Task running for Gabito. Processed: 267570 chunks (0.68%), ETA: 513:40:11, Rate: 21.0 cps, Current: -256, -76
[19:31:44] [Server thread/INFO]: [Chunky] Task running for Gabito. Processed: 267575 chunks (0.68%), ETA: 536:47:31, Rate: 20.1 cps, Current: -249, -74
[19:31:45] [Server thread/INFO]: [Chunky] Task running for Gabito. Processed: 267588 chunks (0.68%), ETA: 544:23:28, Rate: 19.8 cps, Current: -254, -69
[19:31:47] [Server thread/INFO]: [Chunky] Task running for Gabito. Processed: 267610 chunks (0.68%), ETA: 545:13:36, Rate: 19.8 cps, Current: -255, -66
[19:31:48] [Server thread/INFO]: [Chunky] Task running for Gabito. Processed: 267627 chunks (0.68%), ETA: 569:25:34, Rate: 18.9 cps, Current: -248, -72
[19:31:49] [Server thread/INFO]: [Chunky] Task running for Gabito. Processed: 267643 chunks (0.68%), ETA: 581:48:35, Rate: 18.5 cps, Current: -252, -65
[19:31:50] [Server thread/INFO]: [Chunky] Task running for Gabito. Processed: 267664 chunks (0.69%), ETA: 593:03:11, Rate: 18.2 cps, Current: -249, -65
[19:31:51] [Server thread/INFO]: [Chunky] Task running for Gabito. Processed: 267673 chunks (0.69%), ETA: 649:23:38, Rate: 16.6 cps, Current: -245, -69
[19:31:52] [Server thread/INFO]: [Chunky] Task running for Gabito. Processed: 267692 chunks (0.69%), ETA: 669:45:30, Rate: 16.1 cps, Current: -242, -66
[19:31:53] [Server thread/INFO]: [Chunky] Task running for Gabito. Processed: 267705 chunks (0.69%), ETA: 677:04:27, Rate: 15.9 cps, Current: -242, -70
[19:31:55] [Server thread/INFO]: [Chunky] Task running for Gabito. Processed: 267762 chunks (0.69%), ETA: 627:00:09, Rate: 17.2 cps, Current: -241, -71
[19:31:56] [Server thread/INFO]: [Chunky] Task running for Gabito. Processed: 267778 chunks (0.69%), ETA: 642:06:04, Rate: 16.8 cps, Current: -240, -79
[19:31:57] [Server thread/INFO]: [Chunky] Task running for Gabito. Processed: 267782 chunks (0.69%), ETA: 668:56:34, Rate: 16.1 cps, Current: -239, -79
[19:31:58] [Server thread/INFO]: [Chunky] Task running for Gabito. Processed: 267806 chunks (0.69%), ETA: 658:44:20, Rate: 16.4 cps, Current: -237, -79
[19:31:59] [Server thread/INFO]: [Chunky] Task running for Gabito. Processed: 267828 chunks (0.69%), ETA: 663:19:11, Rate: 16.3 cps, Current: -239, -72
[19:32:01] [Server thread/INFO]: [Chunky] Task running for Gabito. Processed: 267846 chunks (0.69%), ETA: 669:02:05, Rate: 16.1 cps, Current: -237, -73
[19:32:02] [Server thread/INFO]: [Chunky] Task running for Gabito. Processed: 267872 chunks (0.69%), ETA: 661:43:37, Rate: 16.3 cps, Current: -239, -65
[19:32:03] [Server thread/INFO]: [Chunky] Task running for Gabito. Processed: 267886 chunks (0.69%), ETA: 656:31:23, Rate: 16.4 cps, Current: -234, -71
[19:32:04] [Server thread/INFO]: [Chunky] Task running for Gabito. Processed: 267900 chunks (0.69%), ETA: 658:34:26, Rate: 16.4 cps, Current: -231, -72
[19:32:05] [Server thread/INFO]: [Chunky] Task running for Gabito. Processed: 267913 chunks (0.69%), ETA: 665:23:53, Rate: 16.2 cps, Current: -235, -65
[19:32:06] [Server thread/INFO]: [Chunky] Task running for Gabito. Processed: 267971 chunks (0.69%), ETA: 626:38:51, Rate: 17.2 cps, Current: -225, -75
[19:32:07] [Server thread/INFO]: [Chunky] Task running for Gabito. Processed: 268019 chunks (0.69%), ETA: 601:14:06, Rate: 17.9 cps, Current: -225, -79
[19:32:09] [Server thread/INFO]: [Chunky] Task running for Gabito. Processed: 268045 chunks (0.69%), ETA: 599:48:12, Rate: 18.0 cps, Current: -227, -82
[19:32:10] [Server thread/INFO]: [Chunky] Task running for Gabito. Processed: 268069 chunks (0.69%), ETA: 583:20:23, Rate: 18.5 cps, Current: -226, -88
[19:32:11] [Server thread/INFO]: [Chunky] Task running for Gabito. Processed: 268093 chunks (0.69%), ETA: 578:20:32, Rate: 18.6 cps, Current: -227, -88
[19:32:12] [Server thread/INFO]: [Chunky] Task running for Gabito. Processed: 268115 chunks (0.69%), ETA: 571:55:17, Rate: 18.8 cps, Current: -240, -86
[19:32:13] [Server thread/INFO]: [Chunky] Task running for Gabito. Processed: 268156 chunks (0.69%), ETA: 550:01:14, Rate: 19.6 cps, Current: -239, -88
[19:32:15] [Server thread/INFO]: [Chunky] Task running for Gabito. Processed: 268182 chunks (0.69%), ETA: 543:09:01, Rate: 19.8 cps, Current: -233, -89
[19:32:16] [Server thread/INFO]: [Chunky] Task running for Gabito. Processed: 268197 chunks (0.69%), ETA: 547:37:05, Rate: 19.7 cps, Current: -237, -91
[19:32:19] [Server thread/INFO]: [Chunky] Task running for Gabito. Processed: 268289 chunks (0.69%), ETA: 496:42:47, Rate: 21.7 cps, Current: -255, -64
[19:32:20] [Server thread/INFO]: [Chunky] Task running for Gabito. Processed: 268290 chunks (0.69%), ETA: 506:17:39, Rate: 21.3 cps, Current: -254, -64
[19:32:21] [Server thread/INFO]: [Chunky] Task running for Gabito. Processed: 268312 chunks (0.69%), ETA: 505:10:02, Rate: 21.3 cps, Current: -252, -63
[19:32:23] [Server thread/INFO]: [Chunky] Task running for Gabito. Processed: 268334 chunks (0.69%), ETA: 501:20:18, Rate: 21.5 cps, Current: -249, -64
[19:32:24] [Server thread/INFO]: [Chunky] Task running for Gabito. Processed: 268341 chunks (0.69%), ETA: 550:36:57, Rate: 19.6 cps, Current: -245, -64
[19:32:25] [Server thread/INFO]: [Chunky] Task running for Gabito. Processed: 268371 chunks (0.69%), ETA: 533:45:16, Rate: 20.2 cps, Current: -245, -62
[19:32:26] [Server thread/INFO]: [Chunky] Task running for Gabito. Processed: 268384 chunks (0.69%), ETA: 524:30:02, Rate: 20.6 cps, Current: -248, -59
[19:32:28] [Server thread/INFO]: [Chunky] Task running for Gabito. Processed: 268400 chunks (0.69%), ETA: 532:45:59, Rate: 20.2 cps, Current: -247, -57
[19:32:29] [Server thread/INFO]: [Chunky] Task running for Gabito. Processed: 268419 chunks (0.69%), ETA: 532:47:21, Rate: 20.2 cps, Current: -247, -54
[19:32:30] [Server thread/INFO]: [Chunky] Task running for Gabito. Processed: 268433 chunks (0.69%), ETA: 534:15:01, Rate: 20.2 cps, Current: -243, -54
[19:32:31] [Server thread/INFO]: [Chunky] Task running for Gabito. Processed: 268448 chunks (0.69%), ETA: 546:31:38, Rate: 19.7 cps, Current: -242, -53
[19:32:33] [Server thread/INFO]: [Chunky] Task running for Gabito. Processed: 268455 chunks (0.69%), ETA: 568:59:31, Rate: 18.9 cps, Current: -242, -52
[19:32:34] [Server thread/INFO]: [Chunky] Task running for Gabito. Processed: 268467 chunks (0.69%), ETA: 573:48:16, Rate: 18.8 cps, Current: -249, -51
[19:32:36] [Server thread/INFO]: [Chunky] Task running for Gabito. Processed: 268481 chunks (0.69%), ETA: 623:53:13, Rate: 17.3 cps, Current: -247, -50
[19:32:37] [Server thread/INFO]: [Chunky] Task running for Gabito. Processed: 268505 chunks (0.69%), ETA: 653:34:12, Rate: 16.5 cps, Current: -247, -49
[19:32:38] [Server thread/INFO]: [Chunky] Task running for Gabito. Processed: 268525 chunks (0.69%), ETA: 654:43:49, Rate: 16.5 cps, Current: -256, -55
[19:32:39] [Server thread/INFO]: [Chunky] Task running for Gabito. Processed: 268543 chunks (0.69%), ETA: 665:18:54, Rate: 16.2 cps, Current: -254, -47
[19:32:40] [Server thread/INFO]: [Chunky] Task running for Gabito. Processed: 268559 chunks (0.69%), ETA: 677:13:11, Rate: 15.9 cps, Current: -256, -52
[19:32:41] [Server thread/INFO]: [Chunky] Task running for Gabito. Processed: 268568 chunks (0.69%), ETA: 700:36:01, Rate: 15.4 cps, Current: -252, -45
[19:32:42] [Server thread/INFO]: [Chunky] Task running for Gabito. Processed: 268587 chunks (0.69%), ETA: 728:20:38, Rate: 14.8 cps, Current: -253, -42
[19:32:44] [Server thread/INFO]: [Chunky] Task running for Gabito. Processed: 268595 chunks (0.69%), ETA: 733:34:57, Rate: 14.7 cps, Current: -255, -43
[19:32:45] [Server thread/INFO]: [Chunky] Task running for Gabito. Processed: 268607 chunks (0.69%), ETA: 740:40:36, Rate: 14.6 cps, Current: -254, -40
[19:32:46] [Server thread/INFO]: [Chunky] Task running for Gabito. Processed: 268613 chunks (0.69%), ETA: 755:48:34, Rate: 14.3 cps, Current: -254, -37
[19:32:47] [Server thread/INFO]: [Chunky] Task running for Gabito. Processed: 268637 chunks (0.69%), ETA: 871:08:07, Rate: 12.4 cps, Current: -256, -38
[19:32:48] [Server thread/INFO]: [Chunky] Task running for Gabito. Processed: 268649 chunks (0.69%), ETA: 873:06:47, Rate: 12.3 cps, Current: -256, -34
[19:32:49] [Server thread/INFO]: [Chunky] Task running for Gabito. Processed: 268669 chunks (0.69%), ETA: 821:39:21, Rate: 13.1 cps, Current: -247, -39
[19:32:50] [Server thread/INFO]: [Chunky] Task running for Gabito. Processed: 268688 chunks (0.69%), ETA: 821:42:12, Rate: 13.1 cps, Current: -246, -36
[19:32:51] [Server thread/INFO]: [Chunky] Task running for Gabito. Processed: 268694 chunks (0.69%), ETA: 838:09:27, Rate: 12.9 cps, Current: -247, -34
[19:32:52] [Server thread/INFO]: [Chunky] Task running for Gabito. Processed: 268711 chunks (0.69%), ETA: 840:55:01, Rate: 12.8 cps, Current: -244, -40
[19:32:54] [Server thread/INFO]: [Chunky] Task running for Gabito. Processed: 268729 chunks (0.69%), ETA: 816:18:22, Rate: 13.2 cps, Current: -242, -38
[19:32:55] [Server thread/INFO]: [Chunky] Task running for Gabito. Processed: 268773 chunks (0.69%), ETA: 789:21:53, Rate: 13.7 cps, Current: -241, -41
[19:32:56] [Server thread/INFO]: [Chunky] Task running for Gabito. Processed: 268802 chunks (0.69%), ETA: 765:45:21, Rate: 14.1 cps, Current: -240, -47
[19:32:57] [Server thread/INFO]: [Chunky] Task running for Gabito. Processed: 268805 chunks (0.69%), ETA: 787:24:28, Rate: 13.7 cps, Current: -240, -45
[19:32:58] [Server thread/INFO]: [Chunky] Task running for Gabito. Processed: 268830 chunks (0.69%), ETA: 782:11:36, Rate: 13.8 cps, Current: -237, -47
[19:33:00] [Server thread/INFO]: [Chunky] Task running for Gabito. Processed: 268851 chunks (0.69%), ETA: 772:16:50, Rate: 14.0 cps, Current: -240, -38
[19:33:01] [Server thread/INFO]: [Chunky] Task running for Gabito. Processed: 268870 chunks (0.69%), ETA: 722:24:23, Rate: 14.9 cps, Current: -237, -41
[19:33:02] [Server thread/INFO]: [Chunky] Task running for Gabito. Processed: 268896 chunks (0.69%), ETA: 707:50:09, Rate: 15.2 cps, Current: -239, -33
[19:33:03] [Server thread/INFO]: [Chunky] Task running for Gabito. Processed: 268910 chunks (0.69%), ETA: 698:37:34, Rate: 15.4 cps, Current: -238, -33
[19:33:04] [Server thread/INFO]: [Chunky] Task running for Gabito. Processed: 268924 chunks (0.69%), ETA: 701:54:45, Rate: 15.4 cps, Current: -231, -40
[19:33:05] [Server thread/INFO]: [Chunky] Task running for Gabito. Processed: 268941 chunks (0.69%), ETA: 688:19:07, Rate: 15.7 cps, Current: -230, -36
[19:33:06] [Server thread/INFO]: [Chunky] Task running for Gabito. Processed: 268995 chunks (0.69%), ETA: 645:07:12, Rate: 16.7 cps, Current: -227, -41
[19:33:07] [Server thread/INFO]: [Chunky] Task running for Gabito. Processed: 269033 chunks (0.69%), ETA: 621:09:44, Rate: 17.4 cps, Current: -225, -46
[19:33:09] [Server thread/INFO]: [Chunky] Task running for Gabito. Processed: 269053 chunks (0.69%), ETA: 626:32:09, Rate: 17.2 cps, Current: -226, -48
[19:33:12] [Server thread/INFO]: [Chunky] Task running for Gabito. Processed: 269066 chunks (0.69%), ETA: 657:23:16, Rate: 16.4 cps, Current: -227, -49
[19:33:13] [Server thread/INFO]: [Chunky] Task running for Gabito. Processed: 269075 chunks (0.69%), ETA: 652:22:04, Rate: 16.5 cps, Current: -227, -53
[19:33:14] [Server thread/INFO]: [Chunky] Task running for Gabito. Processed: 269097 chunks (0.69%), ETA: 638:04:16, Rate: 16.9 cps, Current: -227, -55
[19:33:15] [Server thread/INFO]: [Chunky] Task running for Gabito. Processed: 269117 chunks (0.69%), ETA: 620:04:58, Rate: 17.4 cps, Current: -231, -55
[19:33:16] [Server thread/INFO]: [Chunky] Task running for Gabito. Processed: 269139 chunks (0.69%), ETA: 624:28:36, Rate: 17.3 cps, Current: -240, -53
[19:33:17] [Server thread/INFO]: [Chunky] Task running for Gabito. Processed: 269179 chunks (0.69%), ETA: 590:52:38, Rate: 18.2 cps, Current: -239, -56
[19:33:18] [Server thread/INFO]: [Chunky] Task running for Gabito. Processed: 269193 chunks (0.69%), ETA: 594:28:04, Rate: 18.1 cps, Current: -235, -58
[19:33:19] [Server thread/INFO]: [Chunky] Task running for Gabito. Processed: 269250 chunks (0.69%), ETA: 555:42:09, Rate: 19.4 cps, Current: -229, -64
[19:33:24] [Server thread/INFO]: [Chunky] Task running for Gabito. Processed: 269313 chunks (0.69%), ETA: 551:43:07, Rate: 19.5 cps, Current: -254, -32
[19:33:25] [Server thread/INFO]: [Chunky] Task running for Gabito. Processed: 269333 chunks (0.69%), ETA: 574:20:29, Rate: 18.8 cps, Current: -255, -31
[19:33:26] [Server thread/INFO]: [Chunky] Task running for Gabito. Processed: 269360 chunks (0.69%), ETA: 564:11:24, Rate: 19.1 cps, Current: -247, -32
[19:33:27] [Server thread/INFO]: [Chunky] Task running for Gabito. Processed: 269388 chunks (0.69%), ETA: 555:33:01, Rate: 19.4 cps, Current: -245, -31
[19:33:29] [Server thread/INFO]: [Chunky] Task running for Gabito. Processed: 269409 chunks (0.69%), ETA: 555:35:19, Rate: 19.4 cps, Current: -241, -31
[19:33:30] [Server thread/INFO]: [Chunky] Task running for Gabito. Processed: 269424 chunks (0.69%), ETA: 560:45:01, Rate: 19.2 cps, Current: -247, -25
[19:33:31] [Server thread/INFO]: [Chunky] Task running for Gabito. Processed: 269442 chunks (0.69%), ETA: 568:58:43, Rate: 18.9 cps, Current: -243, -25
[19:33:32] [Server thread/INFO]: [Chunky] Task running for Gabito. Processed: 269459 chunks (0.69%), ETA: 574:52:14, Rate: 18.8 cps, Current: -242, -24
[19:33:34] [Server thread/INFO]: [Chunky] Task running for Gabito. Processed: 269479 chunks (0.69%), ETA: 577:15:19, Rate: 18.7 cps, Current: -242, -20
[19:33:35] [Server thread/INFO]: [Chunky] Task running for Gabito. Processed: 269505 chunks (0.69%), ETA: 615:20:54, Rate: 17.5 cps, Current: -241, -19
[19:33:36] [Server thread/INFO]: [Chunky] Task running for Gabito. Processed: 269533 chunks (0.69%), ETA: 629:17:13, Rate: 17.1 cps, Current: -252, -22
[19:33:38] [Server thread/INFO]: [Chunky] Task running for Gabito. Processed: 269553 chunks (0.69%), ETA: 620:31:48, Rate: 17.4 cps, Current: -254, -20
[19:33:39] [Server thread/INFO]: [Chunky] Task running for Gabito. Processed: 269567 chunks (0.69%), ETA: 583:49:14, Rate: 18.5 cps, Current: -255, -19
[19:33:40] [Server thread/INFO]: [Chunky] Task running for Gabito. Processed: 269585 chunks (0.69%), ETA: 586:19:50, Rate: 18.4 cps, Current: -249, -15
[19:33:41] [Server thread/INFO]: [Chunky] Task running for Gabito. Processed: 269591 chunks (0.69%), ETA: 600:33:56, Rate: 17.9 cps, Current: -252, -13
[19:33:42] [Server thread/INFO]: [Chunky] Task running for Gabito. Processed: 269608 chunks (0.69%), ETA: 593:24:18, Rate: 18.2 cps, Current: -249, -13
[19:33:43] [Server thread/INFO]: [Chunky] Task running for Gabito. Processed: 269619 chunks (0.69%), ETA: 610:56:07, Rate: 17.6 cps, Current: -255, -11
[19:33:44] [Server thread/INFO]: [Chunky] Task running for Gabito. Processed: 269631 chunks (0.69%), ETA: 619:22:09, Rate: 17.4 cps, Current: -254, -8
[19:33:45] [Server thread/INFO]: [Chunky] Task running for Gabito. Processed: 269637 chunks (0.69%), ETA: 639:22:05, Rate: 16.9 cps, Current: -254, -5
[19:33:47] [Server thread/INFO]: [Chunky] Task running for Gabito. Processed: 269668 chunks (0.69%), ETA: 656:30:56, Rate: 16.4 cps, Current: -253, -2
[19:33:48] [Server thread/INFO]: [Chunky] Task running for Gabito. Processed: 269688 chunks (0.69%), ETA: 710:18:04, Rate: 15.2 cps, Current: -248, -7
[19:33:49] [Server thread/INFO]: [Chunky] Task running for Gabito. Processed: 269700 chunks (0.69%), ETA: 708:20:48, Rate: 15.2 cps, Current: -246, -7
[19:33:50] [Server thread/INFO]: [Chunky] Task running for Gabito. Processed: 269716 chunks (0.69%), ETA: 710:53:47, Rate: 15.2 cps, Current: -245, -3
[19:33:51] [Server thread/INFO]: [Chunky] Task running for Gabito. Processed: 269732 chunks (0.69%), ETA: 713:10:30, Rate: 15.1 cps, Current: -244, -2
[19:33:52] [Server thread/INFO]: [Chunky] Task running for Gabito. Processed: 269747 chunks (0.69%), ETA: 717:12:12, Rate: 15.0 cps, Current: -243, -9
[19:33:54] [Server thread/INFO]: [Chunky] Task running for Gabito. Processed: 269772 chunks (0.69%), ETA: 702:53:58, Rate: 15.3 cps, Current: -247, -11
[19:33:55] [Server thread/INFO]: [Chunky] Task running for Gabito. Processed: 269812 chunks (0.69%), ETA: 671:43:30, Rate: 16.0 cps, Current: -241, -9
[19:33:56] [Server thread/INFO]: [Chunky] Task running for Gabito. Processed: 269825 chunks (0.69%), ETA: 680:59:14, Rate: 15.8 cps, Current: -240, -16
[19:33:57] [Server thread/INFO]: [Chunky] Task running for Gabito. Processed: 269828 chunks (0.69%), ETA: 720:15:23, Rate: 15.0 cps, Current: -239, -14
[19:33:58] [Server thread/INFO]: [Chunky] Task running for Gabito. Processed: 269854 chunks (0.69%), ETA: 713:05:43, Rate: 15.1 cps, Current: -237, -15
[19:33:59] [Server thread/INFO]: [Chunky] Task running for Gabito. Processed: 269873 chunks (0.69%), ETA: 706:02:15, Rate: 15.3 cps, Current: -237, -16
[19:34:00] [Server thread/INFO]: [Chunky] Task running for Gabito. Processed: 269884 chunks (0.69%), ETA: 714:41:15, Rate: 15.1 cps, Current: -240, -3
[19:34:01] [Server thread/INFO]: [Chunky] Task running for Gabito. Processed: 269906 chunks (0.69%), ETA: 697:03:45, Rate: 15.5 cps, Current: -238, -5
[19:34:02] [Server thread/INFO]: [Chunky] Task running for Gabito. Processed: 269932 chunks (0.69%), ETA: 677:25:36, Rate: 15.9 cps, Current: -232, -8
[19:34:04] [Server thread/INFO]: [Chunky] Task running for Gabito. Processed: 269939 chunks (0.69%), ETA: 698:45:10, Rate: 15.4 cps, Current: -236, -2
[19:34:05] [Server thread/INFO]: [Chunky] Task running for Gabito. Processed: 269955 chunks (0.69%), ETA: 702:39:15, Rate: 15.3 cps, Current: -233, -3
[19:34:06] [Server thread/INFO]: [Chunky] Task running for Gabito. Processed: 269967 chunks (0.69%), ETA: 729:02:38, Rate: 14.8 cps, Current: -233, -2
[19:34:07] [Server thread/INFO]: [Chunky] Task running for Gabito. Processed: 270019 chunks (0.69%), ETA: 681:40:20, Rate: 15.8 cps, Current: -225, -11
[19:34:09] [Server thread/INFO]: [Chunky] Task running for Gabito. Processed: 270067 chunks (0.69%), ETA: 640:27:59, Rate: 16.8 cps, Current: -231, -15
[19:34:10] [Server thread/INFO]: [Chunky] Task running for Gabito. Processed: 270092 chunks (0.69%), ETA: 635:22:30, Rate: 17.0 cps, Current: -227, -18
[19:34:11] [Server thread/INFO]: [Chunky] Task running for Gabito. Processed: 270122 chunks (0.69%), ETA: 610:13:28, Rate: 17.7 cps, Current: -227, -23
[19:34:12] [Server thread/INFO]: [Chunky] Task running for Gabito. Processed: 270151 chunks (0.69%), ETA: 587:40:28, Rate: 18.3 cps, Current: -232, -19
[19:34:13] [Server thread/INFO]: [Chunky] Task running for Gabito. Processed: 270164 chunks (0.69%), ETA: 587:05:55, Rate: 18.4 cps, Current: -236, -20
[19:34:14] [Server thread/INFO]: [Chunky] Task running for Gabito. Processed: 270203 chunks (0.69%), ETA: 551:40:25, Rate: 19.5 cps, Current: -239, -24
[19:34:16] [Server thread/INFO]: [Chunky] Task running for Gabito. Processed: 270235 chunks (0.69%), ETA: 546:06:34, Rate: 19.7 cps, Current: -234, -26
[19:34:17] [Server thread/INFO]: [Chunky] Task running for Gabito. Processed: 270284 chunks (0.69%), ETA: 521:44:46, Rate: 20.7 cps, Current: -228, -32
[19:34:20] [Server thread/INFO]: [Chunky] Task running for Gabito. Processed: 270337 chunks (0.69%), ETA: 516:55:58, Rate: 20.9 cps, Current: -253, 0
[19:34:21] [Server thread/INFO]: [Chunky] Task running for Gabito. Processed: 270364 chunks (0.69%), ETA: 505:48:49, Rate: 21.3 cps, Current: -250, 0
[19:34:23] [Server thread/INFO]: [Chunky] Task running for Gabito. Processed: 270383 chunks (0.69%), ETA: 515:56:16, Rate: 20.9 cps, Current: -247, 0
[19:34:24] [Server thread/INFO]: [Chunky] Task running for Gabito. Processed: 270411 chunks (0.69%), ETA: 526:40:56, Rate: 20.5 cps, Current: -248, 2
[19:34:25] [Server thread/INFO]: [Chunky] Task running for Gabito. Processed: 270432 chunks (0.69%), ETA: 519:22:47, Rate: 20.8 cps, Current: -244, 4
[19:34:26] [Server thread/INFO]: [Chunky] Task running for Gabito. Processed: 270448 chunks (0.69%), ETA: 510:21:51, Rate: 21.1 cps, Current: -247, 7
[19:34:27] [Server thread/INFO]: [Chunky] Task running for Gabito. Processed: 270466 chunks (0.69%), ETA: 516:04:29, Rate: 20.9 cps, Current: -247, 10
[19:34:29] [Server thread/INFO]: [Chunky] Task running for Gabito. Processed: 270482 chunks (0.69%), ETA: 521:49:44, Rate: 20.7 cps, Current: -243, 10
[19:34:30] [Server thread/INFO]: [Chunky] Task running for Gabito. Processed: 270500 chunks (0.69%), ETA: 518:20:12, Rate: 20.8 cps, Current: -248, 12
[19:34:31] [Server thread/INFO]: [Chunky] Task running for Gabito. Processed: 270521 chunks (0.69%), ETA: 520:31:31, Rate: 20.7 cps, Current: -246, 14
[19:34:32] [Server thread/INFO]: [Chunky] Task running for Gabito. Processed: 270534 chunks (0.69%), ETA: 533:09:33, Rate: 20.2 cps, Current: -251, 8
[19:34:33] [Server thread/INFO]: [Chunky] Task running for Gabito. Processed: 270561 chunks (0.69%), ETA: 510:37:39, Rate: 21.1 cps, Current: -250, 15
[19:34:34] [Server thread/INFO]: [Chunky] Task running for Gabito. Processed: 270579 chunks (0.69%), ETA: 508:16:08, Rate: 21.2 cps, Current: -254, 13
[19:34:35] [Server thread/INFO]: [Chunky] Task running for Gabito. Processed: 270595 chunks (0.69%), ETA: 506:54:15, Rate: 21.3 cps, Current: -255, 14
[19:34:37] [Server thread/INFO]: [Chunky] Task running for Gabito. Processed: 270610 chunks (0.69%), ETA: 539:23:12, Rate: 20.0 cps, Current: -250, 18
[19:34:38] [Server thread/INFO]: [Chunky] Task running for Gabito. Processed: 270626 chunks (0.69%), ETA: 564:11:02, Rate: 19.1 cps, Current: -249, 18
[19:34:39] [Server thread/INFO]: [Chunky] Task running for Gabito. Processed: 270642 chunks (0.69%), ETA: 574:09:43, Rate: 18.8 cps, Current: -256, 20
[19:34:40] [Server thread/INFO]: [Chunky] Task running for Gabito. Processed: 270649 chunks (0.69%), ETA: 591:53:05, Rate: 18.2 cps, Current: -253, 23
[19:34:41] [Server thread/INFO]: [Chunky] Task running for Gabito. Processed: 270660 chunks (0.69%), ETA: 610:26:59, Rate: 17.7 cps, Current: -256, 22
[19:34:43] [Server thread/INFO]: [Chunky] Task running for Gabito. Processed: 270687 chunks (0.69%), ETA: 603:55:52, Rate: 17.8 cps, Current: -251, 25
[19:34:44] [Server thread/INFO]: [Chunky] Task running for Gabito. Processed: 270708 chunks (0.69%), ETA: 626:30:03, Rate: 17.2 cps, Current: -248, 25
[19:34:45] [Server thread/INFO]: [Chunky] Task running for Gabito. Processed: 270726 chunks (0.69%), ETA: 640:09:55, Rate: 16.8 cps, Current: -250, 31
[19:34:46] [Server thread/INFO]: [Chunky] Task running for Gabito. Processed: 270740 chunks (0.69%), ETA: 689:31:23, Rate: 15.6 cps, Current: -245, 29
[19:34:47] [Server thread/INFO]: [Chunky] Task running for Gabito. Processed: 270756 chunks (0.69%), ETA: 682:44:39, Rate: 15.8 cps, Current: -247, 31
[19:34:49] [Server thread/INFO]: [Chunky] Task running for Gabito. Processed: 270777 chunks (0.69%), ETA: 691:52:53, Rate: 15.6 cps, Current: -244, 31
[19:34:50] [Server thread/INFO]: [Chunky] Task running for Gabito. Processed: 270835 chunks (0.69%), ETA: 636:07:47, Rate: 16.9 cps, Current: -242, 20
[19:34:51] [Server thread/INFO]: [Chunky] Task running for Gabito. Processed: 270850 chunks (0.69%), ETA: 658:49:14, Rate: 16.4 cps, Current: -240, 17
[19:34:52] [Server thread/INFO]: [Chunky] Task running for Gabito. Processed: 270855 chunks (0.69%), ETA: 670:23:24, Rate: 16.1 cps, Current: -236, 18
[19:34:53] [Server thread/INFO]: [Chunky] Task running for Gabito. Processed: 270880 chunks (0.69%), ETA: 675:50:18, Rate: 15.9 cps, Current: -235, 17
[19:34:55] [Server thread/INFO]: [Chunky] Task running for Gabito. Processed: 270900 chunks (0.69%), ETA: 681:31:51, Rate: 15.8 cps, Current: -239, 24
[19:34:56] [Server thread/INFO]: [Chunky] Task running for Gabito. Processed: 270921 chunks (0.69%), ETA: 670:01:14, Rate: 16.1 cps, Current: -237, 23
[19:34:57] [Server thread/INFO]: [Chunky] Task running for Gabito. Processed: 270943 chunks (0.69%), ETA: 661:41:05, Rate: 16.3 cps, Current: -239, 30
[19:34:58] [Server thread/INFO]: [Chunky] Task running for Gabito. Processed: 270958 chunks (0.69%), ETA: 663:39:33, Rate: 16.2 cps, Current: -234, 25
[19:34:59] [Server thread/INFO]: [Chunky] Task running for Gabito. Processed: 270977 chunks (0.69%), ETA: 657:05:03, Rate: 16.4 cps, Current: -232, 28
[19:35:00] [Server thread/INFO]: [Chunky] Task running for Gabito. Processed: 270991 chunks (0.69%), ETA: 665:10:44, Rate: 16.2 cps, Current: -235, 31
[19:35:01] [Server thread/INFO]: [Chunky] Task running for Gabito. Processed: 271043 chunks (0.69%), ETA: 614:46:35, Rate: 17.5 cps, Current: -225, 20
[19:35:02] [Server thread/INFO]: [Chunky] Task running for Gabito. Processed: 271058 chunks (0.69%), ETA: 629:14:37, Rate: 17.1 cps, Current: -226, 21
[19:35:03] [Server thread/INFO]: [Chunky] Task running for Gabito. Processed: 271107 chunks (0.69%), ETA: 592:57:34, Rate: 18.2 cps, Current: -226, 15
[19:35:04] [Server thread/INFO]: [Chunky] Task running for Gabito. Processed: 271114 chunks (0.69%), ETA: 598:47:10, Rate: 18.0 cps, Current: -227, 15
[19:35:06] [Server thread/INFO]: [Chunky] Task running for Gabito. Processed: 271145 chunks (0.69%), ETA: 578:58:51, Rate: 18.6 cps, Current: -231, 15
[19:35:07] [Server thread/INFO]: [Chunky] Task running for Gabito. Processed: 271174 chunks (0.69%), ETA: 569:23:23, Rate: 18.9 cps, Current: -227, 8
[19:35:08] [Server thread/INFO]: [Chunky] Task running for Gabito. Processed: 271186 chunks (0.69%), ETA: 571:02:52, Rate: 18.9 cps, Current: -232, 12
[19:35:09] [Server thread/INFO]: [Chunky] Task running for Gabito. Processed: 271219 chunks (0.69%), ETA: 549:10:45, Rate: 19.6 cps, Current: -239, 9
[19:35:10] [Server thread/INFO]: [Chunky] Task running for Gabito. Processed: 271233 chunks (0.69%), ETA: 545:25:36, Rate: 19.8 cps, Current: -234, 7
[19:35:12] [Server thread/INFO]: [Chunky] Task running for Gabito. Processed: 271292 chunks (0.69%), ETA: 512:23:04, Rate: 21.0 cps, Current: -233, 5
[19:35:14] [Server thread/INFO]: [Chunky] Task running for Gabito. Processed: 271298 chunks (0.69%), ETA: 540:28:20, Rate: 19.9 cps, Current: -229, 0
[19:35:16] [Server thread/INFO]: [Chunky] Task running for Gabito. Processed: 271361 chunks (0.69%), ETA: 519:23:30, Rate: 20.8 cps, Current: -254, 32
[19:35:17] [Server thread/INFO]: [Chunky] Task running for Gabito. Processed: 271366 chunks (0.69%), ETA: 521:15:17, Rate: 20.7 cps, Current: -253, 33
[19:35:19] [Server thread/INFO]: [Chunky] Task running for Gabito. Processed: 271392 chunks (0.69%), ETA: 523:03:02, Rate: 20.6 cps, Current: -250, 34
[19:35:20] [Server thread/INFO]: [Chunky] Task running for Gabito. Processed: 271412 chunks (0.69%), ETA: 557:26:16, Rate: 19.3 cps, Current: -256, 35
[19:35:21] [Server thread/INFO]: [Chunky] Task running for Gabito. Processed: 271440 chunks (0.69%), ETA: 537:48:27, Rate: 20.0 cps, Current: -247, 34
[19:35:22] [Server thread/INFO]: [Chunky] Task running for Gabito. Processed: 271451 chunks (0.69%), ETA: 532:14:23, Rate: 20.3 cps, Current: -248, 36
[19:35:23] [Server thread/INFO]: [Chunky] Task running for Gabito. Processed: 271470 chunks (0.69%), ETA: 536:42:46, Rate: 20.1 cps, Current: -241, 34
[19:35:24] [Server thread/INFO]: [Chunky] Task running for Gabito. Processed: 271490 chunks (0.69%), ETA: 531:36:21, Rate: 20.3 cps, Current: -241, 36
[19:35:25] [Server thread/INFO]: [Chunky] Task running for Gabito. Processed: 271504 chunks (0.69%), ETA: 540:34:48, Rate: 19.9 cps, Current: -241, 38
[19:35:26] [Server thread/INFO]: [Chunky] Task running for Gabito. Processed: 271521 chunks (0.69%), ETA: 544:30:12, Rate: 19.8 cps, Current: -245, 44
[19:35:27] [Server thread/INFO]: [Chunky] Task running for Gabito. Processed: 271533 chunks (0.69%), ETA: 544:58:52, Rate: 19.8 cps, Current: -248, 45
[19:35:28] [Server thread/INFO]: [Chunky] Task running for Gabito. Processed: 271553 chunks (0.69%), ETA: 546:30:08, Rate: 19.7 cps, Current: -247, 46
[19:35:29] [Server thread/INFO]: [Chunky] Task running for Gabito. Processed: 271567 chunks (0.69%), ETA: 545:34:05, Rate: 19.8 cps, Current: -246, 47
[19:35:30] [Server thread/INFO]: [Chunky] Task running for Gabito. Processed: 271590 chunks (0.70%), ETA: 572:15:21, Rate: 18.8 cps, Current: -254, 42
[19:35:31] [Server thread/INFO]: [Chunky] Task running for Gabito. Processed: 271603 chunks (0.70%), ETA: 576:18:22, Rate: 18.7 cps, Current: -254, 45
[19:35:32] [Server thread/INFO]: [Chunky] Task running for Gabito. Processed: 271618 chunks (0.70%), ETA: 613:35:12, Rate: 17.6 cps, Current: -251, 49
[19:35:34] [Server thread/INFO]: [Chunky] Task running for Gabito. Processed: 271634 chunks (0.70%), ETA: 608:19:29, Rate: 17.7 cps, Current: -250, 50
[19:35:35] [Server thread/INFO]: [Chunky] Task running for Gabito. Processed: 271645 chunks (0.70%), ETA: 631:47:29, Rate: 17.1 cps, Current: -256, 50
[19:35:36] [Server thread/INFO]: [Chunky] Task running for Gabito. Processed: 271657 chunks (0.70%), ETA: 654:41:42, Rate: 16.5 cps, Current: -253, 54
[19:35:37] [Server thread/INFO]: [Chunky] Task running for Gabito. Processed: 271667 chunks (0.70%), ETA: 667:15:03, Rate: 16.2 cps, Current: -255, 53
[19:35:39] [Server thread/INFO]: [Chunky] Task running for Gabito. Processed: 271682 chunks (0.70%), ETA: 693:45:45, Rate: 15.5 cps, Current: -254, 58
[19:35:40] [Server thread/INFO]: [Chunky] Task running for Gabito. Processed: 271686 chunks (0.70%), ETA: 706:00:17, Rate: 15.3 cps, Current: -253, 57
[19:35:41] [Server thread/INFO]: [Chunky] Task running for Gabito. Processed: 271709 chunks (0.70%), ETA: 747:38:57, Rate: 14.4 cps, Current: -256, 58
[19:35:42] [Server thread/INFO]: [Chunky] Task running for Gabito. Processed: 271720 chunks (0.70%), ETA: 716:59:57, Rate: 15.0 cps, Current: -256, 61
[19:35:43] [Server thread/INFO]: [Chunky] Task running for Gabito. Processed: 271740 chunks (0.70%), ETA: 710:17:53, Rate: 15.2 cps, Current: -249, 59
[19:35:44] [Server thread/INFO]: [Chunky] Task running for Gabito. Processed: 271756 chunks (0.70%), ETA: 749:49:33, Rate: 14.4 cps, Current: -247, 60
[19:35:45] [Server thread/INFO]: [Chunky] Task running for Gabito. Processed: 271766 chunks (0.70%), ETA: 766:00:10, Rate: 14.1 cps, Current: -247, 62
[19:35:46] [Server thread/INFO]: [Chunky] Task running for Gabito. Processed: 271784 chunks (0.70%), ETA: 761:20:43, Rate: 14.2 cps, Current: -243, 62
[19:35:48] [Server thread/INFO]: [Chunky] Task running for Gabito. Processed: 271801 chunks (0.70%), ETA: 766:18:38, Rate: 14.1 cps, Current: -242, 58
[19:35:49] [Server thread/INFO]: [Chunky] Task running for Gabito. Processed: 271838 chunks (0.70%), ETA: 737:18:56, Rate: 14.6 cps, Current: -246, 48
[19:35:51] [Server thread/INFO]: [Chunky] Task running for Gabito. Processed: 271873 chunks (0.70%), ETA: 742:38:01, Rate: 14.5 cps, Current: -240, 48
[19:35:52] [Server thread/INFO]: [Chunky] Task running for Gabito. Processed: 271875 chunks (0.70%), ETA: 775:39:51, Rate: 13.9 cps, Current: -240, 50
[19:35:53] [Server thread/INFO]: [Chunky] Task running for Gabito. Processed: 271901 chunks (0.70%), ETA: 763:44:23, Rate: 14.1 cps, Current: -235, 53
[19:35:54] [Server thread/INFO]: [Chunky] Task running for Gabito. Processed: 271918 chunks (0.70%), ETA: 758:27:08, Rate: 14.2 cps, Current: -237, 48
[19:35:55] [Server thread/INFO]: [Chunky] Task running for Gabito. Processed: 271928 chunks (0.70%), ETA: 774:04:48, Rate: 13.9 cps, Current: -239, 57
[19:35:56] [Server thread/INFO]: [Chunky] Task running for Gabito. Processed: 271952 chunks (0.70%), ETA: 750:40:47, Rate: 14.4 cps, Current: -238, 57
[19:35:57] [Server thread/INFO]: [Chunky] Task running for Gabito. Processed: 271968 chunks (0.70%), ETA: 754:59:44, Rate: 14.3 cps, Current: -235, 56
[19:35:59] [Server thread/INFO]: [Chunky] Task running for Gabito. Processed: 271981 chunks (0.70%), ETA: 760:09:22, Rate: 14.2 cps, Current: -237, 62
[19:36:00] [Server thread/INFO]: [Chunky] Task running for Gabito. Processed: 271987 chunks (0.70%), ETA: 798:38:47, Rate: 13.5 cps, Current: -236, 62
[19:36:01] [Server thread/INFO]: [Chunky] Task running for Gabito. Processed: 272003 chunks (0.70%), ETA: 796:32:31, Rate: 13.5 cps, Current: -233, 61
[19:36:02] [Server thread/INFO]: [Chunky] Task running for Gabito. Processed: 272007 chunks (0.70%), ETA: 819:05:29, Rate: 13.2 cps, Current: -232, 61
[19:36:04] [Server thread/INFO]: [Chunky] Task running for Gabito. Processed: 272061 chunks (0.70%), ETA: 754:44:03, Rate: 14.3 cps, Current: -230, 63
[19:36:05] [Server thread/INFO]: [Chunky] Task running for Gabito. Processed: 272068 chunks (0.70%), ETA: 766:58:50, Rate: 14.1 cps, Current: -227, 55
[19:36:06] [Server thread/INFO]: [Chunky] Task running for Gabito. Processed: 272101 chunks (0.70%), ETA: 718:47:42, Rate: 15.0 cps, Current: -225, 51
[19:36:07] [Server thread/INFO]: [Chunky] Task running for Gabito. Processed: 272129 chunks (0.70%), ETA: 696:31:02, Rate: 15.5 cps, Current: -225, 47
[19:36:08] [Server thread/INFO]: [Chunky] Task running for Gabito. Processed: 272135 chunks (0.70%), ETA: 712:01:36, Rate: 15.1 cps, Current: -225, 41
[19:36:10] [Server thread/INFO]: [Chunky] Task running for Gabito. Processed: 272159 chunks (0.70%), ETA: 693:59:12, Rate: 15.5 cps, Current: -226, 41
[19:36:11] [Server thread/INFO]: [Chunky] Task running for Gabito. Processed: 272172 chunks (0.70%), ETA: 689:51:06, Rate: 15.6 cps, Current: -231, 46
[19:36:12] [Server thread/INFO]: [Chunky] Task running for Gabito. Processed: 272204 chunks (0.70%), ETA: 666:37:32, Rate: 16.2 cps, Current: -235, 45
[19:36:13] [Server thread/INFO]: [Chunky] Task running for Gabito. Processed: 272236 chunks (0.70%), ETA: 650:47:28, Rate: 16.6 cps, Current: -240, 41
[19:36:14] [Server thread/INFO]: [Chunky] Task running for Gabito. Processed: 272250 chunks (0.70%), ETA: 638:44:03, Rate: 16.9 cps, Current: -233, 40
[19:36:15] [Server thread/INFO]: [Chunky] Task running for Gabito. Processed: 272282 chunks (0.70%), ETA: 620:16:35, Rate: 17.4 cps, Current: -233, 39
[19:36:16] [Server thread/INFO]: [Chunky] Task running for Gabito. Processed: 272321 chunks (0.70%), ETA: 594:57:44, Rate: 18.1 cps, Current: -232, 32
[19:36:24] [Server thread/INFO]: [Chunky] Task running for Gabito. Processed: 272385 chunks (0.70%), ETA: 683:20:35, Rate: 15.8 cps, Current: -254, 64
[19:36:26] [Server thread/INFO]: [Chunky] Task running for Gabito. Processed: 272387 chunks (0.70%), ETA: 729:43:45, Rate: 14.8 cps, Current: -253, 64
[19:36:27] [Server thread/INFO]: [Chunky] Task running for Gabito. Processed: 272399 chunks (0.70%), ETA: 738:24:49, Rate: 14.6 cps, Current: -255, 65
[19:36:28] [Server thread/INFO]: [Chunky] Task running for Gabito. Processed: 272418 chunks (0.70%), ETA: 710:15:28, Rate: 15.2 cps, Current: -250, 66
[19:36:29] [Server thread/INFO]: [Chunky] Task running for Gabito. Processed: 272435 chunks (0.70%), ETA: 710:45:22, Rate: 15.2 cps, Current: -256, 67
[19:36:31] [Server thread/INFO]: [Chunky] Task running for Gabito. Processed: 272463 chunks (0.70%), ETA: 688:23:48, Rate: 15.7 cps, Current: -243, 65
[19:36:32] [Server thread/INFO]: [Chunky] Task running for Gabito. Processed: 272480 chunks (0.70%), ETA: 673:14:44, Rate: 16.0 cps, Current: -248, 69
[19:36:33] [Server thread/INFO]: [Chunky] Task running for Gabito. Processed: 272499 chunks (0.70%), ETA: 706:57:35, Rate: 15.2 cps, Current: -242, 68
[19:36:34] [Server thread/INFO]: [Chunky] Task running for Gabito. Processed: 272518 chunks (0.70%), ETA: 702:19:06, Rate: 15.3 cps, Current: -246, 74
[19:36:35] [Server thread/INFO]: [Chunky] Task running for Gabito. Processed: 272531 chunks (0.70%), ETA: 696:13:58, Rate: 15.5 cps, Current: -242, 72
[19:36:36] [Server thread/INFO]: [Chunky] Task running for Gabito. Processed: 272550 chunks (0.70%), ETA: 736:32:11, Rate: 14.6 cps, Current: -245, 77
[19:36:38] [Server thread/INFO]: [Chunky] Task running for Gabito. Processed: 272570 chunks (0.70%), ETA: 718:58:02, Rate: 15.0 cps, Current: -246, 78
[19:36:39] [Server thread/INFO]: [Chunky] Task running for Gabito. Processed: 272592 chunks (0.70%), ETA: 719:20:58, Rate: 15.0 cps, Current: -253, 72
[19:36:40] [Server thread/INFO]: [Chunky] Task running for Gabito. Processed: 272613 chunks (0.70%), ETA: 709:32:53, Rate: 15.2 cps, Current: -254, 74
[19:36:41] [Server thread/INFO]: [Chunky] Task running for Gabito. Processed: 272630 chunks (0.70%), ETA: 734:35:58, Rate: 14.7 cps, Current: -255, 75
[19:36:42] [Server thread/INFO]: [Chunky] Task running for Gabito. Processed: 272644 chunks (0.70%), ETA: 764:12:52, Rate: 14.1 cps, Current: -256, 75
[19:36:43] [Server thread/INFO]: [Chunky] Task running for Gabito. Processed: 272658 chunks (0.70%), ETA: 765:44:34, Rate: 14.1 cps, Current: -250, 82
[19:36:44] [Server thread/INFO]: [Chunky] Task running for Gabito. Processed: 272671 chunks (0.70%), ETA: 804:57:17, Rate: 13.4 cps, Current: -256, 82
[19:36:45] [Server thread/INFO]: [Chunky] Task running for Gabito. Processed: 272688 chunks (0.70%), ETA: 859:38:15, Rate: 12.5 cps, Current: -249, 84
[19:36:46] [Server thread/INFO]: [Chunky] Task running for Gabito. Processed: 272692 chunks (0.70%), ETA: 768:20:50, Rate: 14.0 cps, Current: -254, 87
[19:36:47] [Server thread/INFO]: [Chunky] Task running for Gabito. Processed: 272706 chunks (0.70%), ETA: 770:03:15, Rate: 14.0 cps, Current: -256, 85
[19:36:48] [Server thread/INFO]: [Chunky] Task running for Gabito. Processed: 272718 chunks (0.70%), ETA: 777:25:59, Rate: 13.9 cps, Current: -256, 87
[19:36:49] [Server thread/INFO]: Tsuyoi issued server command: /chunky progress
[19:36:49] [Server thread/INFO]: [Chunky] Task running for Gabito. Processed: 272740 chunks (0.70%), ETA: 761:38:01, Rate: 14.2 cps, Current: -253, 94
[19:36:50] [Server thread/INFO]: [Chunky] Task running for Gabito. Processed: 272758 chunks (0.70%), ETA: 754:36:12, Rate: 14.3 cps, Current: -254, 95
[19:36:52] [Server thread/INFO]: [Chunky] Task running for Gabito. Processed: 272773 chunks (0.70%), ETA: 755:59:02, Rate: 14.3 cps, Current: -251, 95
[19:36:53] [Server thread/INFO]: [Chunky] Task running for Gabito. Processed: 272788 chunks (0.70%), ETA: 757:52:32, Rate: 14.2 cps, Current: -245, 93
[19:36:54] [Server thread/INFO]: [Chunky] Task running for Gabito. Processed: 272807 chunks (0.70%), ETA: 750:26:08, Rate: 14.4 cps, Current: -244, 88
[19:36:55] [Server thread/INFO]: [Chunky] Task running for Gabito. Processed: 272825 chunks (0.70%), ETA: 715:29:52, Rate: 15.1 cps, Current: -242, 90
[19:36:56] [Server thread/INFO]: [Chunky] Task running for Gabito. Processed: 272861 chunks (0.70%), ETA: 677:31:27, Rate: 15.9 cps, Current: -242, 85
[19:36:57] [Server thread/INFO]: [Chunky] Task running for Gabito. Processed: 272897 chunks (0.70%), ETA: 655:22:09, Rate: 16.4 cps, Current: -240, 80
[19:36:59] [Server thread/INFO]: [Chunky] Task running for Gabito. Processed: 272899 chunks (0.70%), ETA: 677:55:27, Rate: 15.9 cps, Current: -240, 82
[19:37:00] [Server thread/INFO]: [Chunky] Task running for Gabito. Processed: 272926 chunks (0.70%), ETA: 691:06:55, Rate: 15.6 cps, Current: -237, 81
[19:37:01] [Server thread/INFO]: [Chunky] Task running for Gabito. Processed: 272948 chunks (0.70%), ETA: 681:43:29, Rate: 15.8 cps, Current: -239, 88
[19:37:02] [Server thread/INFO]: [Chunky] Task running for Gabito. Processed: 272967 chunks (0.70%), ETA: 678:06:58, Rate: 15.9 cps, Current: -236, 87
[19:37:03] [Server thread/INFO]: [Chunky] Task running for Gabito. Processed: 272987 chunks (0.70%), ETA: 677:18:55, Rate: 15.9 cps, Current: -236, 88
[19:37:05] [Server thread/INFO]: [Chunky] Task running for Gabito. Processed: 273006 chunks (0.70%), ETA: 667:25:07, Rate: 16.1 cps, Current: -238, 95
[19:37:06] [Server thread/INFO]: [Chunky] Task running for Gabito. Processed: 273018 chunks (0.70%), ETA: 673:28:23, Rate: 16.0 cps, Current: -233, 90
[19:37:07] [Server thread/INFO]: [Chunky] Task running for Gabito. Processed: 273030 chunks (0.70%), ETA: 684:19:06, Rate: 15.8 cps, Current: -230, 90
[19:37:08] [Server thread/INFO]: [Chunky] Task running for Gabito. Processed: 273089 chunks (0.70%), ETA: 646:01:39, Rate: 16.7 cps, Current: -225, 87
[19:37:10] [Server thread/INFO]: [Chunky] Task running for Gabito. Processed: 273140 chunks (0.70%), ETA: 608:19:13, Rate: 17.7 cps, Current: -230, 81
[19:37:11] [Server thread/INFO]: [Chunky] Task running for Gabito. Processed: 273157 chunks (0.70%), ETA: 611:27:49, Rate: 17.6 cps, Current: -225, 75
[19:37:12] [Server thread/INFO]: [Chunky] Task running for Gabito. Processed: 273175 chunks (0.70%), ETA: 606:48:19, Rate: 17.8 cps, Current: -228, 75
[19:37:13] [Server thread/INFO]: [Chunky] Task running for Gabito. Processed: 273195 chunks (0.70%), ETA: 594:35:29, Rate: 18.1 cps, Current: -233, 79
[19:37:14] [Server thread/INFO]: [Chunky] Task running for Gabito. Processed: 273233 chunks (0.70%), ETA: 575:15:20, Rate: 18.7 cps, Current: -228, 72
[19:37:16] [Server thread/INFO]: [Chunky] Task running for Gabito. Processed: 273275 chunks (0.70%), ETA: 543:18:19, Rate: 19.8 cps, Current: -239, 72
[19:37:17] [Server thread/INFO]: [Chunky] Task running for Gabito. Processed: 273296 chunks (0.70%), ETA: 537:43:37, Rate: 20.0 cps, Current: -239, 64
[19:37:18] [Server thread/INFO]: [Chunky] Task running for Gabito. Processed: 273345 chunks (0.70%), ETA: 510:30:26, Rate: 21.1 cps, Current: -232, 64
[19:37:22] [Server thread/INFO]: [Chunky] Task running for Gabito. Processed: 273409 chunks (0.70%), ETA: 501:39:18, Rate: 21.5 cps, Current: -255, 96
[19:37:23] [Server thread/INFO]: [Chunky] Task running for Gabito. Processed: 273430 chunks (0.70%), ETA: 500:10:04, Rate: 21.5 cps, Current: -252, 97
[19:37:24] [Server thread/INFO]: [Chunky] Task running for Gabito. Processed: 273458 chunks (0.70%), ETA: 498:21:52, Rate: 21.6 cps, Current: -249, 98
[19:37:25] [Server thread/INFO]: [Chunky] Task running for Gabito. Processed: 273490 chunks (0.70%), ETA: 500:27:01, Rate: 21.5 cps, Current: -248, 99
[19:37:27] [Server thread/INFO]: [Chunky] Task running for Gabito. Processed: 273517 chunks (0.70%), ETA: 506:08:27, Rate: 21.3 cps, Current: -242, 99
[19:37:28] [Server thread/INFO]: [Chunky] Task running for Gabito. Processed: 273531 chunks (0.70%), ETA: 493:31:55, Rate: 21.8 cps, Current: -241, 99
[19:37:29] [Server thread/INFO]: [Chunky] Task running for Gabito. Processed: 273547 chunks (0.70%), ETA: 492:43:45, Rate: 21.9 cps, Current: -242, 103
[19:37:30] [Server thread/INFO]: [Chunky] Task running for Gabito. Processed: 273568 chunks (0.70%), ETA: 498:44:46, Rate: 21.6 cps, Current: -241, 104
[19:37:31] [Server thread/INFO]: [Chunky] Task running for Gabito. Processed: 273585 chunks (0.70%), ETA: 502:13:56, Rate: 21.5 cps, Current: -241, 106
[19:37:33] [Server thread/INFO]: [Chunky] Task running for Gabito. Processed: 273601 chunks (0.70%), ETA: 513:58:10, Rate: 21.0 cps, Current: -241, 109
[19:37:34] [Server thread/INFO]: [Chunky] Task running for Gabito. Processed: 273628 chunks (0.70%), ETA: 504:45:24, Rate: 21.4 cps, Current: -254, 105
[19:37:35] [Server thread/INFO]: [Chunky] Task running for Gabito. Processed: 273649 chunks (0.70%), ETA: 499:50:12, Rate: 21.6 cps, Current: -254, 108
[19:37:36] [Server thread/INFO]: [Chunky] Task running for Gabito. Processed: 273665 chunks (0.70%), ETA: 498:36:28, Rate: 21.6 cps, Current: -252, 113
[19:37:37] [Server thread/INFO]: [Chunky] Task running for Gabito. Processed: 273681 chunks (0.70%), ETA: 525:09:59, Rate: 20.5 cps, Current: -249, 113
[19:37:39] [Server thread/INFO]: [Chunky] Task running for Gabito. Processed: 273695 chunks (0.70%), ETA: 562:05:29, Rate: 19.2 cps, Current: -256, 114
[19:37:40] [Server thread/INFO]: [Chunky] Task running for Gabito. Processed: 273712 chunks (0.70%), ETA: 563:01:18, Rate: 19.1 cps, Current: -255, 116
[19:37:41] [Server thread/INFO]: [Chunky] Task running for Gabito. Processed: 273718 chunks (0.70%), ETA: 577:38:26, Rate: 18.7 cps, Current: -255, 118
[19:37:42] [Server thread/INFO]: [Chunky] Task running for Gabito. Processed: 273732 chunks (0.70%), ETA: 591:24:53, Rate: 18.2 cps, Current: -256, 118
[19:37:43] [Server thread/INFO]: [Chunky] Task running for Gabito. Processed: 273757 chunks (0.70%), ETA: 598:04:22, Rate: 18.0 cps, Current: -256, 122
[19:37:45] [Server thread/INFO]: [Chunky] Task running for Gabito. Processed: 273770 chunks (0.70%), ETA: 627:54:44, Rate: 17.2 cps, Current: -256, 126
[19:37:46] [Server thread/INFO]: [Chunky] Task running for Gabito. Processed: 273788 chunks (0.70%), ETA: 627:07:21, Rate: 17.2 cps, Current: -252, 127
[19:37:47] [Server thread/INFO]: [Chunky] Task running for Gabito. Processed: 273809 chunks (0.70%), ETA: 666:51:07, Rate: 16.2 cps, Current: -248, 126
[19:37:48] [Server thread/INFO]: [Chunky] Task running for Gabito. Processed: 273821 chunks (0.70%), ETA: 674:47:42, Rate: 16.0 cps, Current: -243, 124
[19:37:49] [Server thread/INFO]: [Chunky] Task running for Gabito. Processed: 273838 chunks (0.70%), ETA: 686:36:54, Rate: 15.7 cps, Current: -243, 120
[19:37:50] [Server thread/INFO]: [Chunky] Task running for Gabito. Processed: 273849 chunks (0.70%), ETA: 694:05:58, Rate: 15.5 cps, Current: -242, 122
[19:37:51] [Server thread/INFO]: [Chunky] Task running for Gabito. Processed: 273903 chunks (0.70%), ETA: 644:16:05, Rate: 16.7 cps, Current: -243, 113
[19:37:52] [Server thread/INFO]: [Chunky] Task running for Gabito. Processed: 273922 chunks (0.70%), ETA: 648:10:16, Rate: 16.6 cps, Current: -240, 113
[19:37:53] [Server thread/INFO]: [Chunky] Task running for Gabito. Processed: 273923 chunks (0.70%), ETA: 671:49:32, Rate: 16.0 cps, Current: -240, 114
[19:37:55] [Server thread/INFO]: [Chunky] Task running for Gabito. Processed: 273950 chunks (0.70%), ETA: 684:48:59, Rate: 15.7 cps, Current: -237, 113
[19:37:56] [Server thread/INFO]: [Chunky] Task running for Gabito. Processed: 273972 chunks (0.70%), ETA: 693:40:20, Rate: 15.5 cps, Current: -238, 119
[19:37:57] [Server thread/INFO]: [Chunky] Task running for Gabito. Processed: 273997 chunks (0.70%), ETA: 679:59:12, Rate: 15.9 cps, Current: -233, 119
[19:37:58] [Server thread/INFO]: [Chunky] Task running for Gabito. Processed: 274010 chunks (0.70%), ETA: 684:53:39, Rate: 15.7 cps, Current: -236, 120
[19:37:59] [Server thread/INFO]: [Chunky] Task running for Gabito. Processed: 274029 chunks (0.70%), ETA: 683:15:46, Rate: 15.8 cps, Current: -237, 126
[19:38:01] [Server thread/INFO]: [Chunky] Task running for Gabito. Processed: 274035 chunks (0.70%), ETA: 707:45:58, Rate: 15.2 cps, Current: -234, 123
[19:38:02] [Server thread/INFO]: [Chunky] Task running for Gabito. Processed: 274053 chunks (0.70%), ETA: 693:26:05, Rate: 15.5 cps, Current: -231, 122
[19:38:03] [Server thread/INFO]: [Chunky] Task running for Gabito. Processed: 274113 chunks (0.70%), ETA: 654:27:56, Rate: 16.5 cps, Current: -225, 119
[19:38:05] [Server thread/INFO]: [Chunky] Task running for Gabito. Processed: 274151 chunks (0.70%), ETA: 630:37:53, Rate: 17.1 cps, Current: -225, 114
[19:38:06] [Server thread/INFO]: [Chunky] Task running for Gabito. Processed: 274183 chunks (0.70%), ETA: 607:55:45, Rate: 17.7 cps, Current: -225, 107
[19:38:07] [Server thread/INFO]: [Chunky] Task running for Gabito. Processed: 274206 chunks (0.70%), ETA: 600:29:39, Rate: 17.9 cps, Current: -230, 111
[19:38:08] [Server thread/INFO]: [Chunky] Task running for Gabito. Processed: 274223 chunks (0.70%), ETA: 594:41:04, Rate: 18.1 cps, Current: -231, 110
[19:38:09] [Server thread/INFO]: [Chunky] Task running for Gabito. Processed: 274258 chunks (0.70%), ETA: 584:17:48, Rate: 18.4 cps, Current: -239, 108
[19:38:11] [Server thread/INFO]: [Chunky] Task running for Gabito. Processed: 274283 chunks (0.70%), ETA: 564:26:04, Rate: 19.1 cps, Current: -239, 106
[19:38:12] [Server thread/INFO]: [Chunky] Task running for Gabito. Processed: 274299 chunks (0.70%), ETA: 556:44:07, Rate: 19.4 cps, Current: -239, 104
[19:38:15] [Server thread/INFO]: [Chunky] Task running for Gabito. Processed: 274305 chunks (0.70%), ETA: 613:39:27, Rate: 17.6 cps, Current: -240, 103
[19:38:16] [Server thread/INFO]: [Chunky] Task running for Gabito. Processed: 274357 chunks (0.70%), ETA: 574:54:10, Rate: 18.7 cps, Current: -234, 96
[19:38:20] [Server thread/INFO]: [Chunky] Task running for Gabito. Processed: 274433 chunks (0.70%), ETA: 589:09:11, Rate: 18.3 cps, Current: -253, 128
[19:38:21] [Server thread/INFO]: [Chunky] Task running for Gabito. Processed: 274454 chunks (0.70%), ETA: 585:54:39, Rate: 18.4 cps, Current: -252, 128
[19:38:23] [Server thread/INFO]: [Chunky] Task running for Gabito. Processed: 274482 chunks (0.70%), ETA: 567:34:23, Rate: 19.0 cps, Current: -249, 130
[19:38:24] [Server thread/INFO]: [Chunky] Task running for Gabito. Processed: 274514 chunks (0.70%), ETA: 560:05:20, Rate: 19.2 cps, Current: -248, 131
[19:38:25] [Server thread/INFO]: [Chunky] Task running for Gabito. Processed: 274541 chunks (0.70%), ETA: 554:51:14, Rate: 19.4 cps, Current: -242, 131
[19:38:26] [Server thread/INFO]: [Chunky] Task running for Gabito. Processed: 274556 chunks (0.70%), ETA: 563:50:17, Rate: 19.1 cps, Current: -245, 135
[19:38:27] [Server thread/INFO]: [Chunky] Task running for Gabito. Processed: 274571 chunks (0.70%), ETA: 560:38:32, Rate: 19.2 cps, Current: -248, 138
[19:38:28] [Server thread/INFO]: [Chunky] Task running for Gabito. Processed: 274589 chunks (0.70%), ETA: 560:03:58, Rate: 19.2 cps, Current: -243, 141
[19:38:30] [Server thread/INFO]: [Chunky] Task running for Gabito. Processed: 274599 chunks (0.70%), ETA: 549:12:52, Rate: 19.6 cps, Current: -242, 140
[19:38:31] [Server thread/INFO]: [Chunky] Task running for Gabito. Processed: 274619 chunks (0.70%), ETA: 549:01:38, Rate: 19.6 cps, Current: -250, 141
[19:38:32] [Server thread/INFO]: [Chunky] Task running for Gabito. Processed: 274636 chunks (0.70%), ETA: 548:26:07, Rate: 19.7 cps, Current: -251, 137
[19:38:33] [Server thread/INFO]: [Chunky] Task running for Gabito. Processed: 274659 chunks (0.70%), ETA: 576:19:49, Rate: 18.7 cps, Current: -252, 139
[19:38:34] [Server thread/INFO]: [Chunky] Task running for Gabito. Processed: 274675 chunks (0.70%), ETA: 601:48:56, Rate: 17.9 cps, Current: -254, 141
[19:38:35] [Server thread/INFO]: [Chunky] Task running for Gabito. Processed: 274692 chunks (0.70%), ETA: 621:31:24, Rate: 17.3 cps, Current: -256, 139
[19:38:36] [Server thread/INFO]: [Chunky] Task running for Gabito. Processed: 274707 chunks (0.70%), ETA: 631:10:13, Rate: 17.1 cps, Current: -251, 147
[19:38:37] [Server thread/INFO]: [Chunky] Task running for Gabito. Processed: 274723 chunks (0.70%), ETA: 633:23:52, Rate: 17.0 cps, Current: -249, 146
[19:38:38] [Server thread/INFO]: [Chunky] Task running for Gabito. Processed: 274737 chunks (0.70%), ETA: 648:52:17, Rate: 16.6 cps, Current: -249, 148
[19:38:39] [Server thread/INFO]: [Chunky] Task running for Gabito. Processed: 274741 chunks (0.70%), ETA: 668:06:55, Rate: 16.1 cps, Current: -249, 149
[19:38:41] [Server thread/INFO]: [Chunky] Task running for Gabito. Processed: 274756 chunks (0.70%), ETA: 686:16:32, Rate: 15.7 cps, Current: -256, 150
[19:38:42] [Server thread/INFO]: [Chunky] Task running for Gabito. Processed: 274788 chunks (0.70%), ETA: 610:14:21, Rate: 17.7 cps, Current: -253, 158
[19:38:44] [Server thread/INFO]: [Chunky] Task running for Gabito. Processed: 274810 chunks (0.70%), ETA: 608:23:37, Rate: 17.7 cps, Current: -249, 154
[19:38:45] [Server thread/INFO]: [Chunky] Task running for Gabito. Processed: 274826 chunks (0.70%), ETA: 614:23:52, Rate: 17.5 cps, Current: -249, 159
[19:38:46] [Server thread/INFO]: [Chunky] Task running for Gabito. Processed: 274838 chunks (0.70%), ETA: 664:07:58, Rate: 16.2 cps, Current: -248, 159
[19:38:47] [Server thread/INFO]: [Chunky] Task running for Gabito. Processed: 274858 chunks (0.70%), ETA: 680:09:58, Rate: 15.8 cps, Current: -243, 154
[19:38:48] [Server thread/INFO]: [Chunky] Task running for Gabito. Processed: 274873 chunks (0.70%), ETA: 687:21:37, Rate: 15.7 cps, Current: -242, 154
[19:38:49] [Server thread/INFO]: [Chunky] Task running for Gabito. Processed: 274911 chunks (0.70%), ETA: 655:23:54, Rate: 16.4 cps, Current: -246, 144
[19:38:51] [Server thread/INFO]: [Chunky] Task running for Gabito. Processed: 274946 chunks (0.70%), ETA: 650:44:01, Rate: 16.6 cps, Current: -240, 145
[19:38:52] [Server thread/INFO]: [Chunky] Task running for Gabito. Processed: 274950 chunks (0.70%), ETA: 671:56:45, Rate: 16.0 cps, Current: -239, 145
[19:38:53] [Server thread/INFO]: [Chunky] Task running for Gabito. Processed: 274974 chunks (0.70%), ETA: 681:37:08, Rate: 15.8 cps, Current: -240, 150
[19:38:54] [Server thread/INFO]: [Chunky] Task running for Gabito. Processed: 274996 chunks (0.70%), ETA: 686:38:03, Rate: 15.7 cps, Current: -239, 152
[19:38:55] [Server thread/INFO]: [Chunky] Task running for Gabito. Processed: 275015 chunks (0.70%), ETA: 678:41:42, Rate: 15.9 cps, Current: -233, 150
[19:38:57] [Server thread/INFO]: [Chunky] Task running for Gabito. Processed: 275040 chunks (0.70%), ETA: 667:58:09, Rate: 16.1 cps, Current: -239, 159
[19:38:58] [Server thread/INFO]: [Chunky] Task running for Gabito. Processed: 275056 chunks (0.70%), ETA: 673:28:19, Rate: 16.0 cps, Current: -233, 153
[19:38:59] [Server thread/INFO]: [Chunky] Task running for Gabito. Processed: 275074 chunks (0.70%), ETA: 662:30:54, Rate: 16.3 cps, Current: -230, 153
[19:39:00] [Server thread/INFO]: [Chunky] Task running for Gabito. Processed: 275109 chunks (0.70%), ETA: 643:06:31, Rate: 16.8 cps, Current: -228, 153
[19:39:02] [Server thread/INFO]: [Chunky] Task running for Gabito. Processed: 275147 chunks (0.70%), ETA: 627:59:33, Rate: 17.2 cps, Current: -225, 148
[19:39:03] [Server thread/INFO]: [Chunky] Task running for Gabito. Processed: 275201 chunks (0.70%), ETA: 591:51:15, Rate: 18.2 cps, Current: -225, 143
[19:39:04] [Server thread/INFO]: [Chunky] Task running for Gabito. Processed: 275210 chunks (0.70%), ETA: 602:05:03, Rate: 17.9 cps, Current: -226, 140
[19:39:05] [Server thread/INFO]: [Chunky] Task running for Gabito. Processed: 275239 chunks (0.70%), ETA: 587:06:35, Rate: 18.4 cps, Current: -226, 137
[19:39:06] [Server thread/INFO]: [Chunky] Task running for Gabito. Processed: 275264 chunks (0.70%), ETA: 575:23:25, Rate: 18.7 cps, Current: -235, 142
[19:39:07] [Server thread/INFO]: [Chunky] Task running for Gabito. Processed: 275283 chunks (0.70%), ETA: 575:17:27, Rate: 18.7 cps, Current: -229, 136
[19:39:08] [Server thread/INFO]: [Chunky] Task running for Gabito. Processed: 275329 chunks (0.70%), ETA: 533:23:09, Rate: 20.2 cps, Current: -240, 135
[19:39:09] [Server thread/INFO]: [Chunky] Task running for Gabito. Processed: 275371 chunks (0.70%), ETA: 500:03:34, Rate: 21.6 cps, Current: -236, 131
[19:39:11] [Server thread/INFO]: [Chunky] Task running for Gabito. Processed: 275401 chunks (0.70%), ETA: 493:37:13, Rate: 21.8 cps, Current: -232, 134
[19:39:14] [Server thread/INFO]: [Chunky] Task running for Gabito. Processed: 275457 chunks (0.70%), ETA: 498:38:12, Rate: 21.6 cps, Current: -254, 160
[19:39:15] [Server thread/INFO]: [Chunky] Task running for Gabito. Processed: 275477 chunks (0.70%), ETA: 494:19:24, Rate: 21.8 cps, Current: -255, 161
[19:39:17] [Server thread/INFO]: [Chunky] Task running for Gabito. Processed: 275504 chunks (0.71%), ETA: 490:51:26, Rate: 22.0 cps, Current: -256, 162
[19:39:18] [Server thread/INFO]: [Chunky] Task running for Gabito. Processed: 275536 chunks (0.71%), ETA: 476:27:20, Rate: 22.6 cps, Current: -244, 161
[19:39:19] [Server thread/INFO]: [Chunky] Task running for Gabito. Processed: 275555 chunks (0.71%), ETA: 490:31:26, Rate: 22.0 cps, Current: -242, 162
[19:39:20] [Server thread/INFO]: [Chunky] Task running for Gabito. Processed: 275571 chunks (0.71%), ETA: 495:34:52, Rate: 21.7 cps, Current: -247, 169
[19:39:21] [Server thread/INFO]: [Chunky] Task running for Gabito. Processed: 275595 chunks (0.71%), ETA: 485:17:34, Rate: 22.2 cps, Current: -248, 170
[19:39:22] [Server thread/INFO]: [Chunky] Task running for Gabito. Processed: 275613 chunks (0.71%), ETA: 488:38:47, Rate: 22.1 cps, Current: -243, 173
[19:39:23] [Server thread/INFO]: [Chunky] Task running for Gabito. Processed: 275623 chunks (0.71%), ETA: 497:12:41, Rate: 21.7 cps, Current: -246, 173
[19:39:24] [Server thread/INFO]: [Chunky] Task running for Gabito. Processed: 275643 chunks (0.71%), ETA: 498:28:36, Rate: 21.6 cps, Current: -250, 173
[19:39:26] [Server thread/INFO]: [Chunky] Task running for Gabito. Processed: 275664 chunks (0.71%), ETA: 500:30:41, Rate: 21.5 cps, Current: -254, 168
[19:39:27] [Server thread/INFO]: [Chunky] Task running for Gabito. Processed: 275678 chunks (0.71%), ETA: 499:55:15, Rate: 21.6 cps, Current: -254, 169
[19:39:28] [Server thread/INFO]: [Chunky] Task running for Gabito. Processed: 275691 chunks (0.71%), ETA: 511:28:54, Rate: 21.1 cps, Current: -255, 169
[19:39:29] [Server thread/INFO]: [Chunky] Task running for Gabito. Processed: 275700 chunks (0.71%), ETA: 533:32:42, Rate: 20.2 cps, Current: -255, 170
[19:39:30] [Server thread/INFO]: [Chunky] Task running for Gabito. Processed: 275708 chunks (0.71%), ETA: 549:39:23, Rate: 19.6 cps, Current: -250, 176
[19:39:31] [Server thread/INFO]: [Chunky] Task running for Gabito. Processed: 275716 chunks (0.71%), ETA: 562:18:21, Rate: 19.2 cps, Current: -255, 174
[19:39:33] [Server thread/INFO]: [Chunky] Task running for Gabito. Processed: 275729 chunks (0.71%), ETA: 601:17:06, Rate: 17.9 cps, Current: -249, 177
[19:39:34] [Server thread/INFO]: [Chunky] Task running for Gabito. Processed: 275738 chunks (0.71%), ETA: 626:09:19, Rate: 17.2 cps, Current: -250, 179
[19:39:35] [Server thread/INFO]: [Chunky] Task running for Gabito. Processed: 275754 chunks (0.71%), ETA: 637:08:58, Rate: 16.9 cps, Current: -254, 181
[19:39:36] [Server thread/INFO]: [Chunky] Task running for Gabito. Processed: 275763 chunks (0.71%), ETA: 648:13:20, Rate: 16.6 cps, Current: -255, 181
[19:39:37] [Server thread/INFO]: [Chunky] Task running for Gabito. Processed: 275775 chunks (0.71%), ETA: 690:59:37, Rate: 15.6 cps, Current: -254, 184
[19:39:38] [Server thread/INFO]: [Chunky] Task running for Gabito. Processed: 275786 chunks (0.71%), ETA: 699:16:14, Rate: 15.4 cps, Current: -256, 183
[19:39:40] [Server thread/INFO]: [Chunky] Task running for Gabito. Processed: 275812 chunks (0.71%), ETA: 761:09:05, Rate: 14.2 cps, Current: -253, 190
[19:39:41] [Server thread/INFO]: [Chunky] Task running for Gabito. Processed: 275835 chunks (0.71%), ETA: 757:52:08, Rate: 14.2 cps, Current: -249, 187
[19:39:42] [Server thread/INFO]: [Chunky] Task running for Gabito. Processed: 275854 chunks (0.71%), ETA: 749:16:58, Rate: 14.4 cps, Current: -249, 191
[19:39:43] [Server thread/INFO]: [Chunky] Task running for Gabito. Processed: 275862 chunks (0.71%), ETA: 762:02:46, Rate: 14.1 cps, Current: -247, 190
[19:39:44] [Server thread/INFO]: [Chunky] Task running for Gabito. Processed: 275881 chunks (0.71%), ETA: 755:52:22, Rate: 14.3 cps, Current: -243, 187
[19:39:45] [Server thread/INFO]: [Chunky] Task running for Gabito. Processed: 275897 chunks (0.71%), ETA: 766:47:30, Rate: 14.1 cps, Current: -244, 191
[19:39:46] [Server thread/INFO]: [Chunky] Task running for Gabito. Processed: 275954 chunks (0.71%), ETA: 713:53:48, Rate: 15.1 cps, Current: -242, 180
[19:39:48] [Server thread/INFO]: [Chunky] Task running for Gabito. Processed: 275970 chunks (0.71%), ETA: 755:50:49, Rate: 14.3 cps, Current: -240, 177
[19:39:49] [Server thread/INFO]: [Chunky] Task running for Gabito. Processed: 275974 chunks (0.71%), ETA: 779:20:30, Rate: 13.8 cps, Current: -239, 177
[19:39:50] [Server thread/INFO]: [Chunky] Task running for Gabito. Processed: 275998 chunks (0.71%), ETA: 769:52:15, Rate: 14.0 cps, Current: -237, 177
[19:39:51] [Server thread/INFO]: [Chunky] Task running for Gabito. Processed: 276020 chunks (0.71%), ETA: 766:29:47, Rate: 14.1 cps, Current: -239, 184
[19:39:52] [Server thread/INFO]: [Chunky] Task running for Gabito. Processed: 276045 chunks (0.71%), ETA: 738:05:32, Rate: 14.6 cps, Current: -238, 184
[19:39:54] [Server thread/INFO]: [Chunky] Task running for Gabito. Processed: 276065 chunks (0.71%), ETA: 740:03:13, Rate: 14.6 cps, Current: -237, 189
[19:39:55] [Server thread/INFO]: [Chunky] Task running for Gabito. Processed: 276080 chunks (0.71%), ETA: 748:41:08, Rate: 14.4 cps, Current: -236, 190
[19:39:56] [Server thread/INFO]: [Chunky] Task running for Gabito. Processed: 276093 chunks (0.71%), ETA: 751:32:27, Rate: 14.3 cps, Current: -233, 188
[19:39:57] [Server thread/INFO]: [Chunky] Task running for Gabito. Processed: 276109 chunks (0.71%), ETA: 734:18:30, Rate: 14.7 cps, Current: -230, 184
[19:39:58] [Server thread/INFO]: [Chunky] Task running for Gabito. Processed: 276161 chunks (0.71%), ETA: 676:29:07, Rate: 15.9 cps, Current: -225, 183
[19:39:59] [Server thread/INFO]: [Chunky] Task running for Gabito. Processed: 276206 chunks (0.71%), ETA: 629:58:51, Rate: 17.1 cps, Current: -227, 179
[19:40:00] [Server thread/INFO]: [Chunky] Task running for Gabito. Processed: 276230 chunks (0.71%), ETA: 611:49:13, Rate: 17.6 cps, Current: -225, 171
[19:40:01] [Server thread/INFO]: [Chunky] Task running for Gabito. Processed: 276250 chunks (0.71%), ETA: 596:49:40, Rate: 18.1 cps, Current: -229, 173
[19:40:02] [Server thread/INFO]: [Chunky] Task running for Gabito. Processed: 276270 chunks (0.71%), ETA: 580:11:28, Rate: 18.6 cps, Current: -231, 174
[19:40:03] [Server thread/INFO]: [Chunky] Task running for Gabito. Processed: 276297 chunks (0.71%), ETA: 560:42:51, Rate: 19.2 cps, Current: -233, 173
[19:40:04] [Server thread/INFO]: [Chunky] Task running for Gabito. Processed: 276339 chunks (0.71%), ETA: 535:40:12, Rate: 20.1 cps, Current: -233, 169
[19:40:05] [Server thread/INFO]: [Chunky] Task running for Gabito. Processed: 276362 chunks (0.71%), ETA: 521:40:48, Rate: 20.7 cps, Current: -239, 166
[19:40:06] [Server thread/INFO]: [Chunky] Task running for Gabito. Processed: 276417 chunks (0.71%), ETA: 490:07:40, Rate: 22.0 cps, Current: -232, 160
[19:40:10] [Server thread/INFO]: [Chunky] Task running for Gabito. Processed: 276481 chunks (0.71%), ETA: 481:00:30, Rate: 22.4 cps, Current: -254, 192
[19:40:11] [Server thread/INFO]: [Chunky] Task running for Gabito. Processed: 276501 chunks (0.71%), ETA: 482:14:03, Rate: 22.3 cps, Current: -252, 194
[19:40:12] [Server thread/INFO]: [Chunky] Task running for Gabito. Processed: 276527 chunks (0.71%), ETA: 471:01:54, Rate: 22.9 cps, Current: -247, 192
[19:40:13] [Server thread/INFO]: [Chunky] Task running for Gabito. Processed: 276557 chunks (0.71%), ETA: 463:58:58, Rate: 23.2 cps, Current: -244, 193
[19:40:14] [Server thread/INFO]: [Chunky] Task running for Gabito. Processed: 276578 chunks (0.71%), ETA: 460:08:19, Rate: 23.4 cps, Current: -242, 194
[19:40:15] [Server thread/INFO]: [Chunky] Task running for Gabito. Processed: 276595 chunks (0.71%), ETA: 485:54:12, Rate: 22.2 cps, Current: -242, 196
[19:40:16] [Server thread/INFO]: [Chunky] Task running for Gabito. Processed: 276615 chunks (0.71%), ETA: 487:34:06, Rate: 22.1 cps, Current: -243, 200
[19:40:18] [Server thread/INFO]: [Chunky] Task running for Gabito. Processed: 276628 chunks (0.71%), ETA: 484:51:54, Rate: 22.2 cps, Current: -242, 201
[19:40:19] [Server thread/INFO]: [Chunky] Task running for Gabito. Processed: 276647 chunks (0.71%), ETA: 475:34:38, Rate: 22.7 cps, Current: -241, 201
[19:40:20] [Server thread/INFO]: [Chunky] Task running for Gabito. Processed: 276667 chunks (0.71%), ETA: 477:42:30, Rate: 22.6 cps, Current: -250, 205
[19:40:21] [Server thread/INFO]: [Chunky] Task running for Gabito. Processed: 276694 chunks (0.71%), ETA: 472:42:59, Rate: 22.8 cps, Current: -254, 200
[19:40:22] [Server thread/INFO]: [Chunky] Task running for Gabito. Processed: 276714 chunks (0.71%), ETA: 477:41:30, Rate: 22.6 cps, Current: -255, 201
[19:40:23] [Server thread/INFO]: [Chunky] Task running for Gabito. Processed: 276734 chunks (0.71%), ETA: 480:46:48, Rate: 22.4 cps, Current: -256, 202
[19:40:25] [Server thread/INFO]: [Chunky] Task running for Gabito. Processed: 276753 chunks (0.71%), ETA: 473:39:45, Rate: 22.8 cps, Current: -249, 209
[19:40:26] [Server thread/INFO]: [Chunky] Task running for Gabito. Processed: 276771 chunks (0.71%), ETA: 479:42:40, Rate: 22.5 cps, Current: -249, 210
[19:40:27] [Server thread/INFO]: [Chunky] Task running for Gabito. Processed: 276776 chunks (0.71%), ETA: 516:18:44, Rate: 20.9 cps, Current: -250, 213
[19:40:29] [Server thread/INFO]: [Chunky] Task running for Gabito. Processed: 276783 chunks (0.71%), ETA: 554:22:38, Rate: 19.4 cps, Current: -254, 214
[19:40:30] [Server thread/INFO]: [Chunky] Task running for Gabito. Processed: 276785 chunks (0.71%), ETA: 594:40:50, Rate: 18.1 cps, Current: -249, 212
[19:40:32] [Server thread/INFO]: [Chunky] Task running for Gabito. Processed: 276788 chunks (0.71%), ETA: 642:07:27, Rate: 16.8 cps, Current: -249, 213
[19:40:33] [Server thread/INFO]: [Chunky] Task running for Gabito. Processed: 276799 chunks (0.71%), ETA: 688:33:12, Rate: 15.7 cps, Current: -256, 213
[19:40:35] [Server thread/INFO]: [Chunky] Task running for Gabito. Processed: 276806 chunks (0.71%), ETA: 718:23:46, Rate: 15.0 cps, Current: -253, 216
[19:40:36] [Server thread/INFO]: [Chunky] Task running for Gabito. Processed: 276829 chunks (0.71%), ETA: 766:04:24, Rate: 14.1 cps, Current: -252, 221
[19:40:37] [Server thread/INFO]: [Chunky] Task running for Gabito. Processed: 276842 chunks (0.71%), ETA: 816:50:21, Rate: 13.2 cps, Current: -249, 216
[19:40:38] [Server thread/INFO]: [Chunky] Task running for Gabito. Processed: 276863 chunks (0.71%), ETA: 804:28:03, Rate: 13.4 cps, Current: -247, 217
[19:40:39] [Server thread/INFO]: [Chunky] Task running for Gabito. Processed: 276881 chunks (0.71%), ETA: 800:21:56, Rate: 13.5 cps, Current: -248, 222
[19:40:40] [Server thread/INFO]: [Chunky] Task running for Gabito. Processed: 276891 chunks (0.71%), ETA: 821:54:36, Rate: 13.1 cps, Current: -243, 221
[19:40:42] [Server thread/INFO]: [Chunky] Task running for Gabito. Processed: 276908 chunks (0.71%), ETA: 838:57:38, Rate: 12.8 cps, Current: -242, 222
[19:40:43] [Server thread/INFO]: [Chunky] Task running for Gabito. Processed: 276921 chunks (0.71%), ETA: 909:17:55, Rate: 11.9 cps, Current: -242, 218
[19:40:44] [Server thread/INFO]: [Chunky] Task running for Gabito. Processed: 276958 chunks (0.71%), ETA: 856:54:30, Rate: 12.6 cps, Current: -241, 217
[19:40:46] [Server thread/INFO]: [Chunky] Task running for Gabito. Processed: 276994 chunks (0.71%), ETA: 836:51:05, Rate: 12.9 cps, Current: -240, 209
[19:40:47] [Server thread/INFO]: [Chunky] Task running for Gabito. Processed: 276996 chunks (0.71%), ETA: 857:37:17, Rate: 12.6 cps, Current: -240, 211
[19:40:48] [Server thread/INFO]: [Chunky] Task running for Gabito. Processed: 277025 chunks (0.71%), ETA: 836:31:40, Rate: 12.9 cps, Current: -236, 209
[19:40:49] [Server thread/INFO]: Tsuyoi issued server command: /chunky pause
[19:40:49] [Chunky-Gabito Thread/INFO]: [Chunky] Task stopped for Gabito.
[19:40:59] [Server thread/INFO]: Tsuyoi issued server command: /stop
[19:40:59] [Server thread/INFO]: [Tsuyoi: Stopping the server]
[19:40:59] [Server thread/INFO]: Stopping server
[19:40:59] [Server thread/INFO]: [Waypoints] Disabling Waypoints v4.5.8
[19:40:59] [Server thread/INFO]: [Chunky] Disabling Chunky v1.4.40
[19:40:59] [Server thread/INFO]: Saving players
[19:40:59] [Server thread/INFO]: Tsuyoi lost connection: Server closed
[19:40:59] [Server thread/INFO]: Tsuyoi left the game
[19:40:59] [Server thread/INFO]: Saving worlds
[19:40:59] [Server thread/INFO]: Saving chunks for level 'ServerLevel[Gabito]'/minecraft:overworld
[19:40:59] [Server thread/INFO]: [ChunkHolderManager] Waiting 60s for chunk system to halt for world 'Gabito'
[19:40:59] [Server thread/INFO]: [ChunkHolderManager] Halted chunk system for world 'Gabito'
[19:40:59] [Server thread/INFO]: [ChunkHolderManager] Saving all chunkholders for world 'Gabito'
[19:41:00] [Server thread/INFO]: [ChunkHolderManager] Saved 52 block chunks, 438 entity chunks, 0 poi chunks in world 'Gabito' in 0.30s
[19:41:00] [Server thread/INFO]: [ChunkHolderManager] Waiting 60s for chunk I/O to halt for world 'Gabito'
[19:41:00] [Server thread/INFO]: [ChunkHolderManager] Halted I/O scheduler for world 'Gabito'
[19:41:01] [Server thread/INFO]: Saving chunks for level 'ServerLevel[Gabito_nether]'/minecraft:the_nether
[19:41:01] [Server thread/INFO]: [ChunkHolderManager] Waiting 60s for chunk system to halt for world 'Gabito_nether'
[19:41:01] [Server thread/INFO]: [ChunkHolderManager] Halted chunk system for world 'Gabito_nether'
[19:41:01] [Server thread/INFO]: [ChunkHolderManager] Saving all chunkholders for world 'Gabito_nether'
[19:41:01] [Server thread/INFO]: [ChunkHolderManager] Saved 0 block chunks, 2 entity chunks, 0 poi chunks in world 'Gabito_nether' in 0.00s
[19:41:01] [Server thread/INFO]: [ChunkHolderManager] Waiting 60s for chunk I/O to halt for world 'Gabito_nether'
[19:41:01] [Server thread/INFO]: [ChunkHolderManager] Halted I/O scheduler for world 'Gabito_nether'
[19:41:01] [Server thread/INFO]: Saving chunks for level 'ServerLevel[Gabito_the_end]'/minecraft:the_end
[19:41:01] [Server thread/INFO]: [ChunkHolderManager] Waiting 60s for chunk system to halt for world 'Gabito_the_end'
[19:41:01] [Server thread/INFO]: [ChunkHolderManager] Halted chunk system for world 'Gabito_the_end'
[19:41:01] [Server thread/INFO]: [ChunkHolderManager] Saving all chunkholders for world 'Gabito_the_end'
[19:41:01] [Server thread/INFO]: [ChunkHolderManager] Saved 0 block chunks, 10 entity chunks, 0 poi chunks in world 'Gabito_the_end' in 0.00s
[19:41:01] [Server thread/INFO]: [ChunkHolderManager] Waiting 60s for chunk I/O to halt for world 'Gabito_the_end'
[19:41:01] [Server thread/INFO]: [ChunkHolderManager] Halted I/O scheduler for world 'Gabito_the_end'
[19:41:01] [Server thread/INFO]: ThreadedAnvilChunkStorage (Gabito): All chunks are saved
[19:41:01] [Server thread/INFO]: ThreadedAnvilChunkStorage (DIM-1): All chunks are saved
[19:41:01] [Server thread/INFO]: ThreadedAnvilChunkStorage (DIM1): All chunks are saved
[19:41:01] [Server thread/INFO]: ThreadedAnvilChunkStorage: All dimensions are saved
[19:41:01] [Server thread/INFO]: Waiting for all RegionFile I/O tasks to complete...
[19:41:01] [Server thread/INFO]: All RegionFile I/O tasks to complete
[19:41:01] [Server thread/INFO]: [MoonriseCommon] Awaiting termination of worker pool for up to 60s...
[19:41:01] [Server thread/INFO]: [MoonriseCommon] Awaiting termination of I/O pool for up to 60s...
